,Liv-ex 100,US CPI,"TVC_US10Y, 15","FX_GBPUSD, 1M","OANDA_EURUSD, 1M","FX_IDC_GBPEUR, 1M","FX_GBPJPY, 1M","HKEX_DLY_HSI1!, 1M (1)",Dollar Index (DXY),S&P 500 Futures,"CME_MINI_NQ1!, 1M","TVC_USOIL, 1M","PEPPERSTONE_COCOA, 1M",liv-ex Champagne 50,liv-ex Italy 100,liv-ex Rhone 100,liv-ex California 50,liv-ex Investables,Liv-ex Fine Wine 1000,Liv-ex Indices,liv-ex Burgundy 150,liv-ex Bordeaux Legends,US Interest Rate,Wine_ret,CPI_lag_0,CPI_lag_3,CPI_lag_6,CPI_lag_12,Inflation Regime,wine_12m_ret,cum_price,rolling_max,drawdown,momentum_now,momentum_next,momentum_direction_change,wine_vol_12m,US CPI_lag_12,US Interest Rate_lag_6
1984-01-31,314.25,101.9,,1.197,1.08154,1.1938,296.19,23162.0,104.183,5653.25,19439.5,27.31,8142.1,485.24,345.08,172.12,298.71,316.12,352.25,619.1,608.27,368.06,9.5,,101.9,319.8,315.61,314.18,Low CPI,,314.25,314.25,0.0,,,True,,,
1984-02-29,314.25,102.4,,1.3073,1.08154,1.1938,320.57,23162.0,104.183,5653.25,19439.5,27.6,8142.1,485.24,345.08,172.12,298.71,316.12,352.25,619.1,608.27,368.06,9.5,,102.4,320.8,317.67,314.54,Low CPI,,314.25,314.25,0.0,,,True,,,
1984-03-31,314.25,102.6,,1.158,1.08154,1.1938,291.56,23162.0,104.183,5653.25,19439.5,26.41,8142.1,485.24,345.08,172.12,298.71,316.12,352.25,619.1,608.27,368.06,10.5,,102.6,321.47,319.08,314.8,Low CPI,,314.25,314.25,0.0,,,True,,,
1985-01-31,314.25,105.5,,1.489,1.08154,1.1938,301.17,23162.0,104.183,5653.25,19439.5,29.75,8142.1,485.24,345.08,172.12,298.71,316.12,352.25,619.1,608.27,368.06,8.25,,105.5,101.9,319.8,315.3,Low CPI,,314.25,314.25,0.0,,,True,,,
1985-02-28,314.25,106.0,,1.439,1.08154,1.1938,289.72,23162.0,104.183,5653.25,19439.5,26.3,8142.1,485.24,345.08,172.12,298.71,316.12,352.25,619.1,608.27,368.06,9.0,,106.0,102.4,320.8,315.66,Low CPI,,314.25,314.25,0.0,,,True,,,
1985-03-31,314.25,106.4,,1.3095,1.08154,1.1938,325.01,23162.0,104.183,5653.25,19439.5,26.87,8142.1,485.24,345.08,172.12,298.71,316.12,352.25,619.1,608.27,368.06,8.5,,106.4,102.6,321.47,315.49,Low CPI,,314.25,314.25,0.0,,,True,,,
1986-01-31,314.25,109.6,,1.4865,1.08154,1.36849999,234.62,23162.0,104.183,5653.25,19439.5,17.94,8142.1,485.24,345.08,172.12,298.71,316.12,352.25,619.1,608.27,368.06,7.75,,109.6,105.5,101.9,315.61,Low CPI,,314.25,314.25,0.0,,0.0,True,,,9.5
1986-02-28,314.25,109.3,,1.5435,1.08154,1.5589,251.56,23162.0,104.183,5653.25,19439.5,12.78,8142.1,485.24,345.08,172.12,298.71,316.12,352.25,619.1,608.27,368.06,7.75,,109.3,106.0,102.4,317.67,Low CPI,,314.25,314.25,0.0,,0.0,True,,,9.5
1986-03-31,314.25,108.8,,1.434,1.08154,1.36099994,232.1,23162.0,104.183,5653.25,19439.5,15.0,8142.1,485.24,345.08,172.12,298.71,316.12,352.25,619.1,608.27,368.06,7.25,,108.8,106.4,102.6,319.08,Low CPI,,314.25,314.25,0.0,,0.0,True,,,10.5
1987-01-31,314.25,111.2,,1.887,1.08154,1.43879998,228.41,2293.0,104.183,5653.25,19439.5,16.7,8142.1,485.24,345.08,172.12,298.71,316.12,352.25,619.1,608.27,368.06,6.0,,111.2,109.6,105.5,319.8,Low CPI,,314.25,314.25,0.0,,0.0,True,,,8.25
1987-02-28,314.25,111.6,,1.8265,1.08154,1.45210004,241.66,2122.0,104.183,5653.25,19439.5,18.51,8142.1,485.24,345.08,172.12,298.71,316.12,352.25,619.1,608.27,368.06,6.0,,111.6,109.3,106.0,320.8,Low CPI,,314.25,314.25,0.0,,0.0,True,,,9.0
1987-03-31,314.25,112.1,,1.6285,1.08154,1.42990005,232.29,3735.0,104.183,5653.25,19439.5,19.73,8142.1,485.24,345.08,172.12,298.71,316.12,352.25,619.1,608.27,368.06,6.0,,112.1,108.8,106.4,321.47,Low CPI,,314.25,314.25,0.0,,0.0,True,,,8.5
1988-01-31,314.25,115.7,,1.8115,1.08154,1.54159999,225.96,2718.0,104.183,5653.25,19439.5,17.24,8142.1,485.24,345.08,172.12,298.71,316.12,352.25,619.1,608.27,368.06,6.63,0.0,115.7,111.2,109.6,101.9,High CPI,0.0,314.25,314.25,0.0,0.0,0.0,False,0.0,101.9,7.75
1988-02-29,314.25,116.0,,1.835,1.08154,1.52629995,229.9,2490.0,104.183,5653.25,19439.5,17.51,8142.1,485.24,345.08,172.12,298.71,316.12,352.25,619.1,608.27,368.06,6.5,0.0,116.0,111.6,109.3,102.4,High CPI,0.0,314.25,314.25,0.0,0.0,0.0,False,0.0,102.4,7.75
1988-03-31,314.25,116.5,,1.768,1.08154,1.52419996,221.85,2631.0,104.183,5653.25,19439.5,13.58,8142.1,485.24,345.08,172.12,298.71,316.12,352.25,619.1,608.27,368.06,6.75,0.0,116.5,112.1,108.8,102.6,High CPI,0.0,314.25,314.25,0.0,0.0,0.0,False,0.0,102.6,7.25
1989-01-31,314.25,121.1,,1.614,1.08154,1.35210001,231.86,2892.0,104.183,5653.25,19439.5,21.82,8142.1,485.24,345.08,172.12,298.71,316.12,352.25,619.1,608.27,368.06,8.75,0.0,121.1,115.7,111.2,105.5,High CPI,0.0,314.25,314.25,0.0,0.0,0.0,False,0.0,105.5,6.0
1989-02-28,314.25,121.6,,1.579,1.08154,1.41939998,225.86,2749.0,104.183,5653.25,19439.5,19.94,8142.1,485.24,345.08,172.12,298.71,316.12,352.25,619.1,608.27,368.06,9.75,0.0,121.6,116.0,111.6,106.0,High CPI,0.0,314.25,314.25,0.0,0.0,0.0,False,0.0,106.0,6.0
1989-03-31,314.25,122.3,,1.6645,1.08154,1.49510002,228.14,2603.0,104.183,5653.25,19439.5,18.31,8142.1,485.24,345.08,172.12,298.71,316.12,352.25,619.1,608.27,368.06,9.75,0.0,122.3,116.5,112.1,106.4,High CPI,0.0,314.25,314.25,0.0,0.0,0.0,False,0.0,106.4,6.0
1990-01-31,314.25,127.4,,1.9435,1.08154,1.41760004,257.35,2896.0,104.183,5653.25,19439.5,28.85,8142.1,485.24,345.08,172.12,298.71,316.12,352.25,619.1,608.27,368.06,8.25,0.0,127.4,121.1,115.7,109.6,High CPI,0.0,314.25,314.25,0.0,0.0,0.0,False,0.0,109.6,6.63
1990-02-28,314.25,128.0,,1.8625,1.08154,1.42859995,271.77,3477.0,104.183,5653.25,19439.5,20.69,8142.1,485.24,345.08,172.12,298.71,316.12,352.25,619.1,608.27,368.06,8.25,0.0,128.0,121.6,116.0,109.3,High CPI,0.0,314.25,314.25,0.0,0.0,0.0,False,0.0,109.3,6.5
1990-03-31,314.25,128.7,,1.9295,1.08154,1.41439998,261.58,3103.0,104.183,5653.25,19439.5,28.44,8142.1,485.24,345.08,172.12,298.71,316.12,352.25,619.1,608.27,368.06,8.25,0.0,128.7,122.3,116.5,108.8,High CPI,0.0,314.25,314.25,0.0,0.0,0.0,False,0.0,108.8,6.75
1991-01-31,314.25,134.6,,1.7675,1.08154,1.40869999,229.53,4131.0,104.183,5653.25,19439.5,21.48,8142.1,485.24,345.08,172.12,298.71,316.12,352.25,619.1,608.27,368.06,6.75,0.0,134.6,127.4,121.1,111.2,High CPI,0.0,314.25,314.25,0.0,0.0,0.0,False,0.0,111.2,8.75
1991-02-28,314.25,134.8,,1.8682,1.08154,1.39690006,233.23,4279.0,104.183,5653.25,19439.5,18.65,8142.1,485.24,345.08,172.12,298.71,316.12,352.25,619.1,608.27,368.06,6.25,0.0,134.8,128.0,121.6,111.6,High CPI,0.0,314.25,314.25,0.0,0.0,0.0,False,0.0,111.6,9.75
1991-03-31,314.25,135.0,,1.619,1.08154,1.42809999,222.55,3722.0,104.183,5653.25,19439.5,20.56,8142.1,485.24,345.08,172.12,298.71,316.12,352.25,619.1,608.27,368.06,6.0,0.0,135.0,128.7,122.3,112.1,High CPI,0.0,314.25,314.25,0.0,0.0,0.0,False,0.0,112.1,9.75
1992-01-31,314.25,138.1,,1.51,1.08154,1.25380003,188.5,5480.0,104.183,5653.25,19439.5,19.5,8142.1,485.24,345.08,172.12,298.71,316.12,352.25,619.1,608.27,368.06,4.0,0.0,138.1,134.6,127.4,115.7,High CPI,0.0,314.25,314.25,0.0,0.0,0.0,False,0.0,115.7,8.25
1992-02-29,314.25,138.6,,1.516,1.08154,1.2313,188.9,5742.0,104.183,5653.25,19439.5,19.89,8142.1,485.24,345.08,172.12,298.71,316.12,352.25,619.1,608.27,368.06,4.0,0.0,138.6,134.8,128.0,116.0,High CPI,0.0,314.25,314.25,0.0,0.0,0.0,False,0.0,116.0,8.25
1992-03-31,314.25,139.3,,1.9905,1.08154,1.37960005,244.77,5553.0,104.183,5653.25,19439.5,21.48,8142.1,485.24,345.08,172.12,298.71,316.12,352.25,619.1,608.27,368.06,4.0,0.0,139.3,135.0,128.7,116.5,High CPI,0.0,314.25,314.25,0.0,0.0,0.0,False,0.0,116.5,8.25
1993-01-31,314.25,142.6,,1.4791,1.08154,1.32710004,164.77249999999998,11960.0,96.84,5653.25,19439.5,14.17,8142.1,485.24,345.08,172.12,298.71,316.12,352.25,619.1,608.27,368.06,3.0,0.0,142.6,138.1,134.6,121.1,High CPI,0.0,314.25,314.25,0.0,0.0,0.0,False,0.0,121.1,6.75
1993-02-28,314.25,143.1,,1.4918,1.08154,1.31050003,156.15865,7460.0,96.84,5653.25,19439.5,18.29,8142.1,485.24,345.08,172.12,298.71,316.12,352.25,619.1,608.27,368.06,3.0,0.0,143.1,138.6,134.8,121.6,High CPI,0.0,314.25,314.25,0.0,0.0,0.0,False,0.0,121.6,6.25
1993-03-31,314.25,143.6,,1.5621,1.08154,1.27579999,167.21812,7450.0,96.84,5653.25,19439.5,20.02,8142.1,485.24,345.08,172.12,298.71,316.12,352.25,619.1,608.27,368.06,3.0,0.0,143.6,139.3,135.0,122.3,High CPI,0.0,314.25,314.25,0.0,0.0,0.0,False,0.0,122.3,6.0
1994-01-31,314.25,146.2,,1.5661,1.08154,1.27680004,155.91029999999998,8150.0,88.72,5653.25,19439.5,17.76,8142.1,485.24,345.08,172.12,298.71,316.12,352.25,619.1,608.27,368.06,3.0,0.0,146.2,142.6,138.1,127.4,High CPI,0.0,314.25,314.25,0.0,0.0,0.0,False,0.0,127.4,4.0
1994-02-28,314.25,146.7,,1.5116,1.08154,1.29059994,158.18528999999998,9640.0,92.52,5653.25,19439.5,18.31,8142.1,485.24,345.08,172.12,298.71,316.12,352.25,619.1,608.27,368.06,3.25,0.0,146.7,143.1,138.6,128.0,High CPI,0.0,314.25,314.25,0.0,0.0,0.0,False,0.0,128.0,4.0
1994-03-31,314.25,147.2,,1.6356,1.08154,1.29040003,158.52401999999998,9650.0,85.69,5653.25,19439.5,18.19,8142.1,485.24,345.08,172.12,298.71,316.12,352.25,619.1,608.27,368.06,3.5,0.0,147.2,143.6,139.3,128.7,High CPI,0.0,314.25,314.25,0.0,0.0,0.0,False,0.0,128.7,4.0
1995-01-31,314.25,150.3,,1.5526,1.08154,1.21370006,160.31085,10140.0,84.76,5653.25,19439.5,19.55,8142.1,485.24,345.08,172.12,298.71,316.12,352.25,619.1,608.27,368.06,5.5,0.0,150.3,146.2,142.6,134.6,High CPI,0.0,314.25,314.25,0.0,0.0,0.0,False,0.0,134.6,3.0
1995-02-28,314.25,150.9,,1.5793,1.08154,1.21459997,161.17399999999998,9800.0,83.66,5653.25,19439.5,17.64,8142.1,485.24,345.08,172.12,298.71,316.12,352.25,619.1,608.27,368.06,6.0,0.0,150.9,146.7,143.1,134.8,High CPI,0.0,314.25,314.25,0.0,0.0,0.0,False,0.0,134.8,3.0
1995-03-31,314.25,151.4,,1.5964,1.08154,1.19169998,141.20406,9458.0,81.57,5653.25,19439.5,17.56,8142.1,485.24,345.08,172.12,298.71,316.12,352.25,619.1,608.27,368.06,6.0,0.0,151.4,147.2,143.6,135.0,High CPI,0.0,314.25,314.25,0.0,0.0,0.0,False,0.0,135.0,3.0
1996-01-31,314.25,154.4,,1.683,1.08154,1.34130001,191.4271,13470.0,87.92,5653.25,19439.5,23.75,8142.1,485.24,345.08,172.12,298.71,316.12,352.25,619.1,608.27,368.06,5.25,0.0,154.4,150.3,146.2,138.1,High CPI,0.0,314.25,314.25,0.0,0.0,0.0,False,0.0,138.1,3.0
1996-02-29,314.25,154.9,,1.7126,1.08154,1.36619997,198.1996,13460.0,88.12,5653.25,19439.5,25.92,8142.1,485.24,345.08,172.12,298.71,316.12,352.25,619.1,608.27,368.06,5.25,0.0,154.9,150.9,146.7,138.6,High CPI,0.0,314.25,314.25,0.0,0.0,0.0,False,0.0,138.6,3.25
1996-03-31,314.25,155.7,,1.5517,1.08154,1.24899995,170.25465,11033.0,87.82,5653.25,19439.5,20.92,8142.1,485.24,345.08,172.12,298.71,316.12,352.25,619.1,608.27,368.06,5.25,0.0,155.7,151.4,147.2,139.3,High CPI,0.0,314.25,314.25,0.0,0.0,0.0,False,0.0,139.3,3.5
1997-01-31,314.25,159.1,,1.6524,1.08154,1.49899995,215.09613,10720.0,99.65,979.0,19439.5,17.64,8142.1,485.24,345.08,172.12,298.71,316.12,352.25,619.1,608.27,368.06,5.25,0.0,159.1,154.4,150.3,142.6,High CPI,0.0,314.25,314.25,0.0,0.0,0.0,False,0.0,142.6,5.5
1997-02-28,314.25,159.6,,1.6655,1.08154,1.47819996,190.90315,15255.0,95.67,979.0,19439.5,19.8,8142.1,485.24,345.08,172.12,298.71,316.12,352.25,619.1,608.27,368.06,5.25,0.0,159.6,154.9,150.9,143.1,High CPI,0.0,314.25,314.25,0.0,0.0,0.0,False,0.0,143.1,6.0
1997-03-31,314.25,160.0,,1.6893,1.08154,1.50399995,215.76968,10520.0,97.79,955.0,19439.5,19.15,8142.1,485.24,345.08,172.12,298.71,316.12,352.25,619.1,608.27,368.06,5.5,0.0,160.0,155.7,151.4,143.6,High CPI,0.0,314.25,314.25,0.0,0.0,0.0,False,0.0,143.6,6.0
1998-01-31,314.25,161.6,,1.6634,1.08154,1.4208,190.675,10120.0,94.17,1245.5,19439.5,12.05,8142.1,485.24,345.08,172.12,298.71,316.12,352.25,619.1,608.27,368.06,5.5,0.0,161.6,159.1,154.4,146.2,High CPI,0.0,314.25,314.25,0.0,0.0,0.0,False,0.0,146.2,5.25
1998-02-28,314.25,161.9,,1.648,1.08154,1.398,202.735,10445.0,96.2,1162.5,19439.5,11.22,8142.1,485.24,345.08,172.12,298.71,316.12,352.25,619.1,608.27,368.06,5.5,0.0,161.9,159.6,154.9,146.7,High CPI,0.0,314.25,314.25,0.0,0.0,0.0,False,0.0,146.7,5.25
1998-03-31,314.25,162.2,,1.6811,1.08154,1.48870003,233.545,7000.0,100.2,954.0,19439.5,13.34,8142.1,485.24,345.08,172.12,298.71,316.12,352.25,619.1,608.27,368.06,5.5,0.0,162.2,160.0,155.7,147.2,High CPI,0.0,314.25,314.25,0.0,0.0,0.0,False,0.0,147.2,5.25
1999-01-31,314.25,164.3,,1.6148,1.08154,1.5986,164.93499999999997,16970.0,101.87,1485.0,3754.0,25.75,8142.1,485.24,345.08,172.12,298.71,316.12,352.25,619.1,608.27,368.06,4.75,0.0,164.3,161.6,159.1,150.3,High CPI,0.0,314.25,314.25,0.0,0.0,0.0,False,0.0,150.3,5.25
1999-02-28,314.25,164.5,,1.6044,1.08154,1.5176,176.015,13610.0,100.03,1319.75,2395.5,22.11,8142.1,485.24,345.08,172.12,298.71,316.12,352.25,619.1,608.27,368.06,4.75,0.0,164.5,161.9,159.6,150.9,High CPI,0.0,314.25,314.25,0.0,0.0,0.0,False,0.0,150.9,5.25
1999-03-31,314.25,165.0,,1.6026,1.08154,1.5379,194.915,12220.0,102.45,1296.75,2395.5,16.84,8142.1,485.24,345.08,172.12,298.71,316.12,352.25,619.1,608.27,368.06,4.75,0.0,165.0,162.2,160.0,151.4,High CPI,0.0,314.25,314.25,0.0,0.0,0.0,False,0.0,151.4,5.5
2000-01-31,314.25,168.8,,1.4933,1.08154,1.5842,170.89499999999998,15160.0,109.32,1327.0,2374.5,26.8,8142.1,485.24,345.08,172.12,298.71,316.12,352.25,619.1,608.27,368.06,5.5,0.0,168.8,164.3,161.6,154.4,High CPI,0.0,314.25,314.25,0.0,0.0,0.0,False,0.0,154.4,5.5
2000-02-29,314.25,169.8,,1.4478,1.08154,1.7048,157.55499999999998,15043.0,116.62,1440.75,3298.0,32.69,8142.1,485.24,345.08,172.12,298.71,316.12,352.25,619.1,608.27,368.06,5.75,0.0,169.8,164.5,161.9,154.9,High CPI,0.0,314.25,314.25,0.0,0.0,0.0,False,0.0,154.9,5.5
2000-03-31,314.25,171.2,,1.4999,1.08154,1.6179,163.975,16900.0,109.58,1439.0,3617.0,27.45,8142.1,485.24,345.08,172.12,298.71,316.12,352.25,619.1,608.27,368.06,6.0,0.0,171.2,165.0,162.2,155.7,High CPI,0.0,314.25,314.25,0.0,0.0,0.0,False,0.0,155.7,5.5
2001-01-31,314.25,175.1,,1.4248,1.08154,1.5875,175.86499999999998,11321.0,115.56,1135.25,1598.0,19.44,8142.1,485.24,345.08,172.12,298.71,316.12,352.25,619.1,608.27,368.06,5.5,0.0,175.1,168.8,164.3,159.1,High CPI,0.0,314.25,314.25,0.0,0.0,0.0,False,0.0,159.1,4.75
2001-02-28,314.25,175.8,,1.4251,1.08154,1.6258,178.165,12250.0,117.11,1215.25,1693.0,26.35,8142.1,485.24,345.08,172.12,298.71,316.12,352.25,619.1,608.27,368.06,5.5,0.0,175.8,169.8,164.5,159.6,High CPI,0.0,314.25,314.25,0.0,0.0,0.0,False,0.0,159.6,4.75
2001-03-31,314.25,176.2,,1.4546,1.08154,1.6345,191.655,11376.0,116.67,1149.25,1583.5,19.84,8142.1,485.24,345.08,172.12,298.71,316.12,352.25,619.1,608.27,368.06,5.0,0.0,176.2,171.2,165.0,160.0,High CPI,0.0,314.25,314.25,0.0,0.0,0.0,False,0.0,160.0,4.75
2002-01-31,314.25,177.1,,1.5567,0.9944,1.5653,190.745,10135.0,106.37,936.0,1117.0,26.89,8142.1,485.24,345.08,172.12,298.71,316.12,352.25,619.1,608.27,368.06,1.75,0.0,177.1,175.1,168.8,161.6,High CPI,0.0,314.25,314.25,0.0,0.0,-0.6804773269689738,True,0.0,161.6,5.5
2002-02-28,314.25,177.8,,1.6101,1.0435,1.5341,191.145,9287.0,101.81,879.0,987.0,31.2,8142.1,485.24,345.08,172.12,298.71,316.12,352.25,619.1,608.27,368.06,1.75,0.0,177.8,175.8,169.8,161.9,High CPI,0.0,314.25,314.25,0.0,0.0,-0.6816865552903739,True,0.0,161.9,5.75
2002-03-31,314.25,178.8,,1.5331,0.9919,1.5466,183.475,10610.0,106.92,988.0,1054.0,26.86,8142.1,485.24,345.08,172.12,298.71,316.12,352.25,619.1,608.27,368.06,1.75,0.0,178.8,176.2,171.2,162.2,High CPI,0.0,314.25,314.25,0.0,0.0,-0.6829912490055687,True,0.0,162.2,6.0
2003-01-31,314.25,181.7,,1.7838,1.2578,1.4153,191.075,12636.0,86.92,1110.5,1468.0,32.52,8142.1,485.24,345.08,172.12,298.71,316.12,352.25,619.1,608.27,368.06,1.25,0.0,181.7,177.1,175.1,164.3,High CPI,0.0,314.25,314.25,0.0,0.0,-0.6885600636435958,True,0.0,164.3,5.5
2003-02-28,314.25,183.1,,1.6549,1.1506,1.4354,198.165,12095.0,92.85,973.25,1204.5,30.19,8142.1,485.24,345.08,172.12,298.71,316.12,352.25,619.1,608.27,368.06,1.25,0.0,183.1,177.8,175.8,164.5,High CPI,0.0,314.25,314.25,0.0,0.0,-0.6852505966587112,True,0.0,164.5,5.5
2003-03-31,314.25,184.2,,1.7214,1.1993,1.4359,188.625,12335.0,90.23,1057.75,1425.0,30.41,8142.1,485.24,345.08,172.12,298.71,316.12,352.25,619.1,608.27,368.06,1.25,0.0,184.2,178.8,176.2,165.0,High CPI,0.0,314.25,314.25,0.0,0.0,-0.6820047732696897,True,0.0,165.0,5.0
2004-01-31,100.41,185.2,,1.9159,1.3568,1.4156,196.845,14222.0,80.85,1213.75,1628.5,43.45,3208.0,220.33,171.17,153.39,149.1,296.03,231.61,200.3,202.79,314.57,1.0,-0.6804773269689738,185.2,,,,High CPI,-0.6804773269689738,100.41,314.25,-0.6804773269689738,-0.6804773269689738,-0.6236117740652347,False,0.19643688395148698,168.8,1.75
2004-02-29,100.03,186.2,,1.802,1.2183,1.4797,196.715,12818.0,88.94,1104.0,1370.0,42.12,3208.0,220.33,171.17,153.39,149.1,296.03,231.61,200.3,202.79,314.57,1.0,-0.6816865552903739,186.2,,,,High CPI,-0.6816865552903739,100.03,314.25,-0.6816865552903739,-0.6816865552903739,-0.6102466189339697,False,0.19634058134601504,169.8,1.75
2004-03-31,99.62,187.4,,1.8321,1.21875,1.5033,200.645,12175.0,88.95,1121.5,1468.0,39.88,3208.0,220.33,171.17,153.39,149.1,296.03,231.61,200.3,202.79,314.57,1.0,-0.6829912490055687,187.4,,,,High CPI,-0.6829912490055687,99.62,314.25,-0.6829912490055687,-0.6829912490055687,-0.594653937947494,False,0.19623590255543993,171.2,1.75
2005-01-31,97.87,190.7,,1.7204,1.1848,1.454,202.935,14838.0,91.17,1254.75,1659.0,61.04,3208.0,220.33,171.17,153.39,149.1,296.03,231.61,200.3,202.79,314.57,2.25,-0.6885600636435958,190.7,185.2,,,High CPI,-0.6885600636435958,97.87,314.25,-0.6885600636435958,-0.6885600636435958,-0.4402227525855211,False,0.1958341882371942,175.1,1.25
2005-02-28,98.91,191.8,,1.8171,1.230335,1.4764,197.255,14838.0,87.76,1192.25,1545.0,51.97,3208.0,220.33,171.17,153.39,149.1,296.03,231.61,200.3,202.79,314.57,2.5,-0.6852505966587112,191.8,186.2,,,High CPI,-0.6852505966587112,98.91,314.25,-0.6852505966587112,-0.6852505966587112,-0.42364359586316624,False,0.1961481510451034,175.8,1.25
2005-03-31,99.93,193.3,,1.7697,1.199215,1.4753,206.005,14384.0,90.07,1209.75,1586.5,59.76,3208.0,220.33,171.17,153.39,149.1,296.03,231.61,200.3,202.79,314.57,2.75,-0.6820047732696897,193.3,187.4,,,High CPI,-0.6820047732696897,99.93,314.25,-0.6820047732696897,-0.6820047732696897,-0.3918536197295147,False,0.19644744610686057,176.2,1.25
2006-01-31,118.28,198.3,,1.958,1.31977,1.4843,233.065,20018.0,83.72,1428.5,1775.0,61.07,3208.0,220.33,171.17,153.39,149.1,296.03,231.61,200.3,202.79,314.57,4.5,-0.6236117740652347,198.3,190.7,185.2,,High CPI,-0.6236117740652347,118.28,314.25,-0.6236117740652347,-0.6236117740652347,1.4180858480231056,True,0.20810421040413773,177.1,1.0
2006-02-28,122.48,198.7,,1.9072,1.276185,1.494,223.085,18340.0,85.32,1383.25,1742.75,58.61,3208.0,220.33,171.17,153.39,149.1,296.03,231.61,200.3,202.79,314.57,4.5,-0.6102466189339697,198.7,191.8,186.2,,High CPI,-0.6102466189339697,122.48,314.25,-0.6102466189339697,-0.6102466189339697,1.490152954113766,True,0.2090028116173202,177.8,1.0
2006-03-31,127.38,199.8,,1.8675,1.276685,1.4626,214.115,16975.0,85.3,1281.75,1518.75,74.4,3208.0,220.33,171.17,153.39,149.1,296.03,231.61,200.3,202.79,314.57,4.75,-0.594653937947494,199.8,193.3,187.4,,High CPI,-0.594653937947494,127.38,314.25,-0.594653937947494,-0.594653937947494,1.5704677775547076,True,0.2099950767044157,178.8,1.0
2007-01-31,175.91,202.416,,2.0559000000000003,1.46335,1.4056,228.436,28880.0,76.147,1483.75,2094.5,88.7,3208.0,220.33,171.17,153.39,149.1,296.03,231.61,200.3,202.79,314.57,5.25,-0.4402227525855211,202.416,198.3,190.7,,High CPI,-0.4402227525855211,175.91,314.25,-0.4402227525855211,-0.4402227525855211,1.1388576683355471,True,0.24218172768585347,181.7,2.25
2007-02-28,181.12,203.499,,2.0312,1.3684,1.4837,240.915,31269.0,80.77,1462.0,1945.75,78.0,3208.0,220.33,171.17,153.39,149.1,296.03,231.61,200.3,202.79,314.57,5.25,-0.42364359586316624,203.499,198.7,191.8,,High CPI,-0.42364359586316624,181.12,314.25,-0.42364359586316624,-0.42364359586316624,1.1443736730360934,True,0.2423741296454473,183.1,2.5
2007-03-31,191.11,205.352,,1.98375,1.4592,1.3616,221.638,27910.0,76.695,1477.25,2104.75,96.2,3208.0,220.33,171.17,153.39,149.1,296.03,231.61,200.3,202.79,314.57,5.25,-0.3918536197295147,205.352,199.8,193.3,,High CPI,-0.3918536197295147,191.11,314.25,-0.3918536197295147,-0.3918536197295147,1.0971680176123284,True,0.24292278318792357,184.2,2.75
2008-01-31,242.8,211.08,,1.4542,1.39759,1.0465,132.14,14397.0,81.308,900.0,1212.5,42.66,3208.0,220.33,171.17,153.39,149.1,296.03,231.61,200.3,202.79,314.57,3.0,1.4180858480231056,211.08,202.416,198.3,185.2,High CPI,1.4180858480231056,242.8,314.25,-0.2273667462211615,1.4180858480231056,1.0784578965167397,False,0.12704585614787287,185.2,4.5
2008-02-29,249.09,211.693,,1.99217,1.575605,1.2648,211.596,13930.0,79.448,1281.0,1846.0,140.0,3208.0,220.33,171.17,153.39,149.1,296.03,231.61,200.3,202.79,314.57,3.0,1.490152954113766,211.693,203.499,198.7,186.2,High CPI,1.490152954113766,249.09,314.25,-0.20735083532219567,1.490152954113766,1.0684193337687784,False,0.12549076723414132,186.2,4.5
2008-03-31,256.07,213.528,,1.54039,1.26909,1.2111,147.194,13988.0,86.517,895.25,1186.0,55.03,3208.0,220.33,171.17,153.39,149.1,296.03,231.61,200.3,202.79,314.57,2.25,1.5704677775547076,213.528,205.352,199.8,187.4,High CPI,1.5704677775547076,256.07,314.25,-0.18513922036595065,1.5704677775547076,1.0992306484534464,False,0.12374688431188968,187.4,4.75
2009-01-31,209.33,211.143,,1.6164,1.43252,1.1273,150.45499999999998,21925.0,77.86,1110.75,1858.75,79.62,3208.0,220.33,171.17,153.39,149.1,296.03,231.61,200.3,202.79,314.57,0.25,1.1388576683355471,211.143,211.08,202.416,190.7,High CPI,1.1388576683355471,209.33,314.25,-0.3338743038981702,1.1388576683355471,0.6133249957364562,False,0.14401020346555254,190.7,5.25
2009-02-28,212.1,212.193,,1.64391,1.50046,1.0952,142.01999999999998,21748.0,74.879,1094.75,1767.5,77.28,3208.0,220.33,171.17,153.39,149.1,296.03,231.61,200.3,202.79,314.57,0.25,1.1443736730360934,212.193,211.693,203.499,191.8,High CPI,1.1443736730360934,212.1,314.25,-0.3250596658711218,1.1443736730360934,0.6821444346289753,False,0.14390790236497483,191.8,5.25
2009-03-31,209.57,212.709,,1.62846,1.433395,1.1355,151.625,19623.0,78.172,1019.75,1625.0,69.57,3208.0,220.33,171.17,153.39,149.1,296.03,231.61,200.3,202.79,314.57,0.25,1.0971680176123284,212.709,213.528,205.352,193.3,High CPI,1.0971680176123284,209.57,314.25,-0.3331105807478123,1.0971680176123284,0.5746428758306734,False,0.14494490569243168,193.3,5.25
2010-01-31,245.84,216.687,,1.55955,1.33845,1.166,126.503,23020.0,79.028,1253.0,2216.0,91.28,3208.0,220.33,171.17,153.39,149.1,296.03,231.61,200.3,202.79,314.57,0.25,1.0784578965167397,216.687,211.143,211.08,198.3,High CPI,1.0784578965167397,245.84,314.25,-0.21769291964996018,1.0784578965167397,0.25032948929159793,False,0.14423816052533173,198.3,3.0
2010-02-28,253.34,216.741,,1.53461,1.268,1.2093,129.23,20320.0,83.202,1048.25,1766.5,71.65,3208.0,220.33,171.17,153.39,149.1,296.03,231.61,200.3,202.79,314.57,0.25,1.0684193337687784,216.741,212.193,211.693,198.7,High CPI,1.0684193337687784,253.34,314.25,-0.1938265712012729,1.0684193337687784,0.23698261672487853,False,0.1443586603639795,198.7,3.0
2010-03-31,267.4,217.631,,1.4542,1.230555,1.1807,132.73899999999998,19713.0,86.48,1088.5,1852.0,73.99,3208.0,220.33,171.17,153.39,149.1,296.03,231.61,200.3,202.79,314.57,0.25,1.0992306484534464,217.631,212.709,213.528,199.8,High CPI,1.0992306484534464,267.4,314.25,-0.1490851233094671,1.0992306484534464,0.23267075409067828,False,0.144124948582286,199.8,2.25
2010-04-30,283.8,218.009,,1.4542,1.230555,1.1807,132.73899999999998,22973.0,79.462,1070.5,1739.25,73.99,3208.0,220.33,171.17,153.39,149.1,296.03,231.61,200.3,202.79,314.57,0.25,0.6133249957364562,218.009,216.687,211.143,202.416,High CPI,0.6133249957364562,283.8,314.25,-0.09689737470167059,0.6133249957364562,0.5724454211054317,False,0.10652881478963039,202.416,0.25
2010-06-30,304.67,217.965,,1.4542,1.230555,1.1807,132.73899999999998,22973.0,79.462,1070.5,1739.25,73.99,3208.0,220.33,171.17,153.39,149.1,296.03,231.61,202.79,202.79,314.57,0.25,0.6821444346289753,217.965,216.741,212.193,203.499,High CPI,0.6821444346289753,304.67,314.25,-0.030485282418456605,0.6821444346289753,0.5854785478547855,False,0.1066805446986748,203.499,0.25
2010-07-31,300.93,218.011,,1.4542,1.230555,1.1807,132.73899999999998,22973.0,79.462,1070.5,1739.25,73.99,3208.0,225.29,178.39,152.95,148.6,295.21,232.5,201.94,201.94,315.88,0.25,0.5746428758306734,218.011,217.631,212.709,205.352,High CPI,0.5746428758306734,300.93,314.25,-0.04238663484486871,0.5746428758306734,0.6516677005296561,False,0.1081136021686926,205.352,0.25
2010-08-31,303.58,218.312,,1.4542,1.230555,1.1807,132.73899999999998,22973.0,79.462,1070.5,1739.25,73.99,3208.0,232.21,176.69,151.68,149.0,298.24,235.28,206.87,206.87,317.42,0.25,0.25032948929159793,218.312,218.009,216.687,211.08,Low CPI,0.25032948929159793,303.58,314.25,-0.03395385839299925,0.25032948929159793,0.4539944679466319,False,0.08128485972361518,211.08,0.25
2010-09-30,308.12,218.439,,1.4542,1.230555,1.1807,132.73899999999998,22973.0,79.462,1070.5,1739.25,73.99,3208.0,232.32,178.76,153.15,149.1,303.71,237.98,208.8,208.8,321.3,0.25,0.23698261672487853,218.439,217.965,216.741,211.693,Low CPI,0.23698261672487853,308.12,314.25,-0.019506762132060484,0.23698261672487853,0.41710744454093307,False,0.08129765484839313,211.693,0.25
2010-10-31,315.65,218.711,,1.4542,1.230555,1.1807,132.73899999999998,22973.0,79.462,1070.5,1739.25,73.99,3208.0,231.95,176.69,151.15,161.6,313.03,242.29,212.34,212.34,329.58,0.25,0.23267075409067828,218.711,218.011,217.631,213.528,Low CPI,0.23267075409067828,315.65,315.65,0.0,0.23267075409067828,0.34237097980553477,False,0.0812761712914281,213.528,0.25
2010-11-30,329.16,218.803,,1.4542,1.230555,1.1807,132.73899999999998,22973.0,79.462,1070.5,1739.25,73.99,3208.0,230.64,181.65,154.86,158.8,326.33,247.14,213.22,213.22,334.29,0.25,0.5724454211054317,218.803,218.312,218.009,211.143,Low CPI,0.5724454211054317,329.16,329.16,0.0,0.5724454211054317,0.26469344608879486,False,0.050100314030840226,211.143,0.25
2010-12-31,336.28,219.179,,1.4542,1.230555,1.1807,132.73899999999998,22973.0,79.462,1070.5,1739.25,73.99,3208.0,237.07,186.46,156.38,158.3,333.82,254.26,223.2,223.2,341.09,0.25,0.5854785478547855,219.179,218.439,217.965,212.193,Low CPI,0.5854785478547855,336.28,336.28,0.0,0.5854785478547855,0.19700003282239797,False,0.049757551585783495,212.193,0.25
2011-01-31,346.14,220.223,,1.55454,1.29625,1.1991,119.535,18456.0,80.178,1252.5,2274.5,98.86,3208.0,236.93,183.75,159.61,164.3,346.59,257.64,225.61,225.61,345.36,0.25,0.6516677005296561,220.223,218.711,218.011,212.709,Low CPI,0.6516677005296561,346.14,346.14,0.0,0.6516677005296561,0.19300169474628648,False,0.047187591405829704,212.709,0.25
2011-02-28,357.45,221.309,,1.6445,1.43966,1.1424,134.059,23543.0,74.638,1344.0,2371.75,102.59,3208.0,233.96,187.05,158.64,152.5,359.57,264.4,236.74,236.74,352.97,0.25,0.4539944679466319,221.309,218.803,218.312,216.687,Low CPI,0.4539944679466319,357.45,357.45,0.0,0.4539944679466319,0.13492324922590426,False,0.023775218486319517,216.687,0.25
2011-03-31,359.01,223.467,,1.60871,1.38577,1.16,125.746,19785.0,76.166,1249.25,2356.0,92.46,3208.0,234.7,187.73,163.96,152.8,362.66,266.79,238.68,238.68,349.16,0.25,0.41710744454093307,223.467,219.179,218.439,216.741,Low CPI,0.41710744454093307,359.01,359.01,0.0,0.41710744454093307,0.04718940672465277,False,0.02507996230755056,216.741,0.25
2011-04-30,358.95,224.906,,1.60871,1.38577,1.16,125.746,22325.0,76.166,1249.25,2356.0,92.46,3208.0,235.5,191.38,167.46,153.8,363.9,271.03,244.59,244.59,353.54,0.25,0.34237097980553477,224.906,220.223,218.711,217.631,Low CPI,0.34237097980553477,358.95,359.01,-0.00016712626389236984,0.34237097980553477,-0.02414066212577226,True,0.025033868249932038,217.631,0.25
2011-05-31,358.92,225.964,,1.60871,1.38577,1.16,125.746,22325.0,76.166,1249.25,2356.0,92.46,3208.0,236.57,193.35,168.43,163.0,364.83,274.91,248.24,248.24,359.19,0.25,0.26469344608879486,225.964,221.309,218.803,218.009,Low CPI,0.26469344608879486,358.92,359.01,-0.00025068939583849925,0.26469344608879486,-0.09478672985782,True,0.023165504311407188,218.009,0.25
2011-06-30,364.69,225.722,,1.60871,1.38577,1.16,125.746,22325.0,76.166,1249.25,2356.0,92.46,3208.0,241.51,193.57,172.04,160.0,369.81,278.7,258.92,258.92,360.48,0.25,0.19700003282239797,225.722,223.467,219.179,217.965,Low CPI,0.19700003282239797,364.69,364.69,0.0,0.19700003282239797,-0.14853693350779107,True,0.0158888849150214,217.965,0.25
2011-07-31,359.01,225.922,,1.60871,1.38577,1.16,125.746,22325.0,76.166,1249.25,2356.0,92.46,3208.0,243.64,195.64,169.99,180.2,365.28,279.69,259.14,259.14,360.53,0.25,0.19300169474628648,225.922,224.906,220.223,218.011,Low CPI,0.19300169474628648,359.01,364.69,-0.015574871808933688,0.19300169474628648,-0.16132200843589295,True,0.016427191199923995,218.011,0.25
2011-08-31,344.54,226.545,,1.60871,1.38577,1.16,125.746,22325.0,76.166,1249.25,2356.0,92.46,3208.0,244.06,197.12,166.95,166.0,351.63,273.17,258.92,258.92,347.36,0.25,0.13492324922590426,226.545,225.964,221.309,218.312,Low CPI,0.13492324922590426,344.54,364.69,-0.055252406153171174,0.13492324922590426,-0.17845852566792553,True,0.022925732785599406,218.312,0.25
2011-09-30,322.66,226.889,,1.60871,1.38577,1.16,125.746,22325.0,76.166,1249.25,2356.0,92.46,3208.0,250.22,195.62,169.33,165.6,334.36,266.9,260.26,260.26,333.46,0.25,0.04718940672465277,226.889,225.722,223.467,218.439,Low CPI,0.04718940672465277,322.66,364.69,-0.11524856727631683,0.04718940672465277,-0.18233475390657639,True,0.031304046107113646,218.439,0.25
2011-10-31,308.03,226.421,,1.60871,1.38577,1.16,125.746,22325.0,76.166,1249.25,2356.0,92.46,3208.0,249.26,193.34,165.86,170.3,319.92,259.8,258.84,258.84,322.22,0.25,-0.02414066212577226,226.421,225.922,224.906,218.711,Low CPI,-0.02414066212577226,308.03,364.69,-0.1553648304039048,-0.02414066212577226,-0.19231090681153362,False,0.03361975259271013,218.711,0.25
2011-11-30,297.96,226.23,,1.60871,1.38577,1.16,125.746,22325.0,76.166,1249.25,2356.0,92.46,3208.0,250.44,196.18,168.07,172.2,310.28,255.14,254.92,254.92,311.34,0.25,-0.09478672985782,226.23,226.545,225.964,218.803,Low CPI,-0.09478672985782,297.96,364.69,-0.18297732320601068,-0.09478672985782,-0.2246740220661987,False,0.03157563525970697,218.803,0.25
2011-12-31,286.33,225.672,,1.60871,1.38577,1.16,125.746,22325.0,76.166,1249.25,2356.0,92.46,3208.0,248.36,198.32,168.72,176.8,300.35,253.37,261.79,261.79,304.7,0.25,-0.14853693350779107,225.672,226.889,225.722,219.179,Low CPI,-0.14853693350779107,286.33,364.69,-0.21486742164578143,-0.14853693350779107,-0.2730264059886479,False,0.03129014447041073,219.179,0.25
2012-01-31,290.3,226.665,,1.6009,1.29851,1.2323,132.00199999999998,22023.0,80.153,1414.5,2675.75,88.94,3208.0,252.05,194.59,165.87,171.7,301.86,254.82,269.01,269.01,307.28,0.25,-0.16132200843589295,226.665,226.421,225.922,220.223,Low CPI,-0.16132200843589295,290.3,364.69,-0.20398146370890347,-0.16132200843589295,-0.2822205509595833,False,0.02967253062726477,220.223,0.25
2012-02-29,293.66,227.663,,1.5672,1.23042,1.2742,122.449,18530.0,82.635,1374.5,2636.5,87.9,3208.0,248.61,193.86,169.22,175.6,304.98,257.47,274.65,274.65,312.25,0.25,-0.17845852566792553,227.663,226.23,226.545,221.309,Low CPI,-0.17845852566792553,293.66,364.69,-0.1947681592585483,-0.17845852566792553,-0.24891159226795156,False,0.027165173816823898,221.309,0.25
2012-03-31,293.55,229.392,,1.62627,1.319725,1.2311,140.873,22674.0,79.769,1420.0,2655.25,91.73,3208.0,244.23,194.95,168.8,178.3,304.56,256.56,275.76,275.76,311.17,0.25,-0.18233475390657639,229.392,225.672,226.889,223.467,Low CPI,-0.18233475390657639,293.55,364.69,-0.19506978529710162,-0.18233475390657639,-0.19395028822909577,False,0.026876694310263224,223.467,0.25
2012-04-30,289.92,230.085,,1.62627,1.319725,1.2311,140.873,22674.0,79.935,1434.25,2792.0,91.73,3208.0,248.26,196.81,168.61,176.6,301.53,255.64,270.55,270.55,309.52,0.25,-0.19231090681153362,230.085,226.665,226.421,224.906,Low CPI,-0.19231090681153362,289.92,364.69,-0.20502344456936028,-0.19231090681153362,-0.16112067006460407,False,0.02643828285280055,224.906,0.25
2012-05-31,278.28,229.815,,1.62627,1.319725,1.2311,140.873,22674.0,79.935,1434.25,2792.0,91.73,3208.0,246.47,196.98,168.73,175.2,288.87,250.89,270.93,270.93,300.3,0.25,-0.2246740220661987,229.815,227.663,226.23,225.964,Low CPI,-0.2246740220661987,278.28,364.69,-0.23694096355809047,-0.2246740220661987,-0.13562223117196925,False,0.026593999356352305,225.964,0.25
2012-06-30,265.12,229.478,,1.62627,1.319725,1.2311,140.873,22674.0,79.935,1434.25,2792.0,91.73,3208.0,248.32,196.17,167.76,173.7,277.16,245.47,271.59,271.59,291.95,0.25,-0.2730264059886479,229.478,229.392,225.672,225.722,Low CPI,-0.2730264059886479,265.12,364.69,-0.2730264059886479,-0.2730264059886479,-0.089232703523906,False,0.024873670714851914,225.722,0.25
2012-07-31,257.69,229.104,,1.62627,1.319725,1.2311,140.873,22674.0,79.935,1434.25,2792.0,91.73,3208.0,249.08,196.66,167.93,172.6,271.05,242.84,268.49,268.49,290.05,0.25,-0.2822205509595833,229.104,230.085,226.665,225.922,Low CPI,-0.2822205509595833,257.69,364.69,-0.29339987386547484,-0.2822205509595833,-0.07671374440234258,False,0.0246611082388585,225.922,0.25
2012-08-31,258.78,230.379,,1.62627,1.319725,1.2311,140.873,22674.0,79.935,1434.25,2792.0,91.73,3208.0,242.1,196.52,167.3,172.9,271.25,242.75,271.21,271.21,284.77,0.25,-0.24891159226795156,230.379,229.815,227.663,226.545,Low CPI,-0.24891159226795156,258.78,364.69,-0.29041103402890134,-0.24891159226795156,-0.059081931485391315,False,0.025796766934087355,226.545,0.25
2012-09-30,260.08,231.407,,1.62627,1.319725,1.2311,140.873,22674.0,79.935,1434.25,2792.0,91.73,3208.0,250.0,195.03,168.41,170.2,273.63,244.2,269.66,269.66,289.73,0.25,-0.19395028822909577,231.407,229.478,229.392,226.889,Low CPI,-0.19395028822909577,260.08,364.69,-0.2868463626641806,-0.19395028822909577,-0.04653381025378989,False,0.023566164005879717,226.889,0.25
2012-10-31,258.4,231.317,,1.62627,1.319725,1.2311,140.873,22674.0,79.935,1434.25,2792.0,91.73,3208.0,248.88,198.14,167.74,169.9,272.63,243.7,267.48,267.48,289.46,0.25,-0.16112067006460407,231.317,229.104,230.085,226.421,Low CPI,-0.16112067006460407,258.4,364.69,-0.29145301488935815,-0.16112067006460407,-0.0474268763796909,False,0.022019590365783086,226.421,0.25
2012-11-30,257.55,230.221,,1.62627,1.319725,1.2311,140.873,22674.0,79.935,1434.25,2792.0,91.73,3208.0,247.47,197.54,169.58,167.3,272.64,244.96,267.69,267.69,293.5,0.25,-0.13562223117196925,230.221,230.379,229.815,226.23,Low CPI,-0.13562223117196925,257.55,364.69,-0.29378376155090624,-0.13562223117196925,-0.010205548368549588,False,0.021415570168689498,226.23,0.25
2012-12-31,260.78,229.601,,1.62627,1.319725,1.2311,140.873,22674.0,79.935,1434.25,2792.0,91.73,3208.0,252.17,198.71,173.18,175.4,275.92,247.36,268.66,268.66,294.17,0.25,-0.089232703523906,229.601,231.407,229.478,225.672,Low CPI,-0.089232703523906,260.78,364.69,-0.28492692423702326,-0.089232703523906,0.034324079662039875,True,0.02062679586386438,225.672,0.25
2013-01-31,268.03,230.28,,1.63622,1.359115,1.2038,167.605,23921.0,80.68,1804.0,3487.5,92.76,3208.0,254.9,204.95,173.87,168.1,282.75,252.15,275.36,275.36,297.44,0.25,-0.07671374440234258,230.28,231.317,229.104,226.665,Low CPI,-0.07671374440234258,268.03,364.69,-0.2650470262414655,-0.07671374440234258,0.059334859715161725,True,0.0222696422541991,226.665,0.25
2013-02-28,276.31,232.166,,1.65714,1.37879,1.2044,174.40699999999998,23333.0,80.035,1841.0,3583.75,98.59,3208.0,259.67,209.68,171.55,169.8,289.94,257.09,282.25,282.25,300.88,0.25,-0.059081931485391315,232.166,230.221,230.379,227.663,Low CPI,-0.059081931485391315,276.31,364.69,-0.24234281170309024,-0.059081931485391315,0.053868150552593086,True,0.024293249061372254,227.663,0.25
2013-03-31,279.89,232.773,,1.52084,1.30101,1.1687,150.801,20729.0,80.221,1674.25,3209.0,96.42,3208.0,264.45,206.96,176.27,172.5,291.85,256.8,280.52,280.52,298.35,0.25,-0.04653381025378989,232.773,229.601,231.407,229.392,Low CPI,-0.04653381025378989,279.89,364.69,-0.23252625517562864,-0.04653381025378989,0.030259920024607867,True,0.02481271977875997,229.392,0.25
2013-04-30,276.17,232.531,,1.52084,1.30101,1.1687,150.801,20729.0,80.221,1674.25,3209.0,96.42,3208.0,266.26,207.96,174.55,169.3,290.16,257.09,288.56,288.56,298.08,0.25,-0.0474268763796909,232.531,230.28,231.317,230.085,Low CPI,-0.0474268763796909,276.17,364.69,-0.24272669938852176,-0.0474268763796909,0.026238390092879316,True,0.02484358349509569,230.085,0.25
2013-05-31,275.44,232.945,,1.52084,1.30101,1.1687,150.801,20729.0,80.221,1674.25,3209.0,96.42,3208.0,265.72,209.42,174.04,164.1,290.1,256.7,282.92,282.92,299.52,0.25,-0.010205548368549588,232.945,232.166,230.221,229.815,Low CPI,-0.010205548368549588,275.44,364.69,-0.2447283994625572,-0.010205548368549588,0.003533294505920992,True,0.022051034607814504,229.815,0.25
2013-06-30,274.22,233.504,,1.52084,1.30101,1.1687,150.801,20729.0,80.221,1674.25,3209.0,96.42,3208.0,271.22,211.04,173.92,167.3,289.76,258.65,287.56,287.56,302.7,0.25,0.034324079662039875,233.504,232.773,229.601,229.478,Low CPI,0.034324079662039875,274.22,364.69,-0.24807370643560278,0.034324079662039875,-0.013919779124165976,True,0.016604575055780803,229.478,0.25
2013-07-31,272.98,233.596,,1.52084,1.30101,1.1687,150.801,20729.0,80.221,1674.25,3209.0,96.42,3208.0,274.57,215.56,170.17,172.5,288.71,258.78,284.36,284.36,303.23,0.25,0.059334859715161725,233.596,232.531,230.28,229.104,Low CPI,0.059334859715161725,272.98,364.69,-0.2514738545065671,0.059334859715161725,-0.049248218483005535,True,0.01376272590132224,229.104,0.25
2013-08-31,272.72,233.877,,1.52084,1.30101,1.1687,150.801,20729.0,80.221,1674.25,3209.0,96.42,3208.0,272.76,223.6,174.8,162.1,288.96,258.56,280.07,280.07,299.2,0.25,0.053868150552593086,233.877,232.945,232.166,230.379,Low CPI,0.053868150552593086,272.72,364.69,-0.2521867887795113,0.053868150552593086,-0.08617132930404259,True,0.013866609929763738,230.379,0.25
2013-09-30,267.95,234.149,,1.52084,1.30101,1.1687,150.801,20729.0,80.221,1674.25,3209.0,96.42,3208.0,272.85,223.65,174.67,160.7,285.75,259.25,288.68,288.68,302.52,0.25,0.030259920024607867,234.149,233.504,232.773,231.407,Low CPI,0.030259920024607867,267.95,364.69,-0.2652663906331405,0.030259920024607867,-0.1102933295223123,True,0.01523984239847622,231.407,0.25
2013-10-31,265.18,233.546,,1.52084,1.30101,1.1687,150.801,20729.0,80.221,1674.25,3209.0,96.42,3208.0,270.79,219.92,170.82,167.7,283.11,257.54,290.79,290.79,301.98,0.25,0.026238390092879316,233.546,233.596,232.531,231.317,Low CPI,0.026238390092879316,265.18,364.69,-0.27286188269489153,0.026238390092879316,-0.1071441503421805,True,0.01548835768173112,231.317,0.25
2013-11-30,258.46,233.069,,1.52084,1.30101,1.1687,150.801,20729.0,80.221,1674.25,3209.0,96.42,3208.0,274.02,219.62,169.33,163.2,277.21,256.04,294.42,294.42,299.35,0.25,0.003533294505920992,233.069,233.877,232.945,230.221,Low CPI,0.003533294505920992,258.46,364.69,-0.2912884915956018,0.003533294505920992,-0.11730322393261694,True,0.01739831767860212,230.221,0.25
2013-12-31,257.15,233.049,,1.52084,1.30101,1.1687,150.801,20729.0,80.221,1674.25,3209.0,96.42,3208.0,275.53,216.9,170.26,169.3,276.12,254.85,293.29,293.29,296.94,0.25,-0.013919779124165976,233.049,234.149,233.504,229.601,Low CPI,-0.013919779124165976,257.15,364.69,-0.2948805835092819,-0.013919779124165976,-0.1393042082999052,False,0.017022696857682335,229.601,0.25
2014-01-31,254.83,233.916,,1.55749,1.210105,1.2872,186.721,23649.0,90.269,2052.5,4232.75,53.71,3208.0,273.87,218.3,168.97,169.0,274.67,252.32,290.04,290.04,287.35,0.25,-0.049248218483005535,233.916,233.546,233.596,230.28,Low CPI,-0.049248218483005535,254.83,364.69,-0.3012421508678603,-0.049248218483005535,-0.14275771118763292,False,0.014481102999846415,230.28,0.25
2014-02-28,252.5,234.781,,1.71051,1.36923,1.2492,173.28599999999997,24766.0,85.936,1965.5,4044.75,105.45,3208.0,271.06,214.9,166.51,170.4,270.89,249.76,288.96,288.96,287.52,0.25,-0.08617132930404259,234.781,233.069,233.877,232.166,Low CPI,-0.08617132930404259,252.5,364.69,-0.30763113877539827,-0.08617132930404259,-0.13387356996186572,False,0.009408980736484005,232.166,0.25
2014-03-31,249.02,236.293,,1.56517,1.245095,1.2566,185.652,23980.0,88.356,2066.25,4338.25,65.95,3208.0,272.69,215.95,166.34,177.9,267.89,249.98,291.18,291.18,287.37,0.25,-0.1102933295223123,236.293,233.049,234.149,232.773,Low CPI,-0.1102933295223123,249.02,364.69,-0.317173489813266,-0.1102933295223123,-0.11602910990856496,False,0.006996265756563843,232.773,0.25
2014-04-30,246.58,237.072,,1.56517,1.245095,1.2566,185.652,22807.0,88.356,2066.25,4338.25,65.95,3208.0,271.64,218.72,166.97,179.0,265.38,247.52,285.98,285.98,283.37,0.25,-0.1071441503421805,237.072,233.916,233.546,232.531,Low CPI,-0.1071441503421805,246.58,364.69,-0.32386410375935726,-0.1071441503421805,-0.1029112301078513,False,0.006903913428788363,232.531,0.25
2014-05-31,243.13,237.9,,1.56517,1.245095,1.2566,185.652,22807.0,88.356,2066.25,4338.25,65.95,3208.0,270.15,218.14,163.67,180.1,260.57,245.69,286.08,286.08,283.9,0.25,-0.11730322393261694,237.9,234.781,233.069,232.945,Low CPI,-0.11730322393261694,243.13,364.69,-0.3333241931503469,-0.11730322393261694,-0.07691712450669341,False,0.006670897956484295,232.945,0.25
2014-06-30,236.02,238.343,,1.56517,1.245095,1.2566,185.652,22807.0,88.356,2066.25,4338.25,65.95,3208.0,270.19,216.85,164.81,178.0,255.23,243.53,287.26,287.26,282.22,0.25,-0.1393042082999052,238.343,236.293,233.049,233.504,Low CPI,-0.1393042082999052,236.02,364.69,-0.35282020346047327,-0.1393042082999052,-0.0725257631732451,False,0.008319957459006438,233.504,0.25
2014-07-31,234.01,238.25,,1.56517,1.245095,1.2566,185.652,22807.0,88.356,2066.25,4338.25,65.95,3208.0,268.19,216.07,164.6,177.7,253.99,242.81,286.46,286.46,279.93,0.25,-0.14275771118763292,238.25,237.072,233.916,233.596,Low CPI,-0.14275771118763292,234.01,364.69,-0.35833173380131067,-0.14275771118763292,-0.04618765451477458,False,0.0080521008825539,233.596,0.25
2014-08-31,236.21,237.852,,1.56517,1.245095,1.2566,185.652,22807.0,88.356,2066.25,4338.25,65.95,3208.0,264.34,215.77,163.61,179.6,254.56,242.59,286.85,286.85,278.31,0.25,-0.13387356996186572,237.852,237.9,234.781,233.877,Low CPI,-0.13387356996186572,236.21,364.69,-0.3522992130302448,-0.13387356996186572,-0.041148514851485074,False,0.009794364793351608,233.877,0.25
2014-09-30,236.86,238.031,,1.56517,1.245095,1.2566,185.652,22807.0,88.356,2066.25,4338.25,65.95,3208.0,267.86,213.95,163.29,179.5,254.71,243.27,288.33,288.33,278.58,0.25,-0.11602910990856496,238.031,238.343,236.293,234.149,Low CPI,-0.11602910990856496,236.86,364.69,-0.3505168773478845,-0.11602910990856496,-0.03208577624287212,False,0.010457396288035919,234.149,0.25
2014-10-31,237.89,237.433,,1.56517,1.245095,1.2566,185.652,22807.0,88.356,2066.25,4338.25,65.95,3208.0,273.99,213.98,162.94,180.0,255.35,243.33,290.33,290.33,275.28,0.25,-0.1029112301078513,237.433,238.25,237.072,233.546,Low CPI,-0.1029112301078513,237.89,364.69,-0.3476925608050674,-0.1029112301078513,-0.018574093600454256,False,0.011264752796612447,233.546,0.25
2014-11-30,238.58,236.151,,1.56517,1.245095,1.2566,185.652,22807.0,88.356,2066.25,4338.25,65.95,3208.0,275.51,213.88,161.98,187.4,255.54,244.24,293.92,293.92,275.89,0.25,-0.07691712450669341,236.151,237.852,237.9,233.069,Low CPI,-0.07691712450669341,238.58,364.69,-0.34580054292686935,-0.07691712450669341,-0.005264673220088056,False,0.010449705661504289,233.069,0.25
2014-12-31,238.5,234.812,,1.56517,1.245095,1.2566,185.652,22807.0,88.356,2066.25,4338.25,65.95,3208.0,271.98,212.95,160.25,187.2,256.4,243.75,291.05,291.05,273.93,0.25,-0.0725257631732451,234.812,238.031,238.343,233.049,Low CPI,-0.0725257631732451,238.5,364.69,-0.3460199073185445,-0.0725257631732451,0.03516651131260051,True,0.010600878276990884,233.049,0.25
2015-01-31,243.06,233.707,,1.4733,1.08697,1.3568,177.10399999999998,21910.0,98.631,2035.5,4587.75,37.05,3208.0,276.89,215.94,159.78,188.8,259.61,245.77,295.69,295.69,279.16,0.25,-0.04618765451477458,233.707,237.433,238.25,233.916,Low CPI,-0.04618765451477458,243.06,364.69,-0.3335161369930626,-0.04618765451477458,0.03170804666467242,True,0.012804208174281266,233.916,0.25
2015-02-28,242.11,234.722,,1.50555,1.05648,1.4248,185.274,21909.0,100.17,2079.75,4668.75,41.66,3208.0,269.38,215.54,159.81,193.7,258.51,244.91,292.63,292.63,280.66,0.25,-0.041148514851485074,234.722,236.151,237.852,234.781,Low CPI,-0.041148514851485074,242.11,364.69,-0.3361210891442046,-0.041148514851485074,0.02298801913551496,True,0.012696466787200628,234.781,0.25
2015-03-31,241.03,236.119,,1.53418,1.12111,1.3687,185.888,21464.0,95.824,1969.25,4271.75,48.14,3208.0,271.07,215.1,158.26,192.0,258.37,245.01,293.3,293.3,281.16,0.25,-0.03208577624287212,236.119,234.812,238.031,236.293,Low CPI,-0.03208577624287212,241.03,364.69,-0.33908250843181875,-0.03208577624287212,0.020222916490753917,True,0.01228336824434744,236.293,0.25
2015-04-30,242.0,236.599,,1.53418,1.12111,1.3687,185.888,27164.0,95.824,1969.25,4271.75,48.14,3208.0,268.59,214.77,157.76,198.9,260.41,245.48,293.52,293.52,282.6,0.25,-0.018574093600454256,236.599,233.707,237.433,237.072,Low CPI,-0.018574093600454256,242.0,364.69,-0.3364227151827579,-0.018574093600454256,0.010004623985875982,True,0.012199338688702203,237.072,0.25
2015-05-31,241.85,237.805,,1.53418,1.12111,1.3687,185.888,27164.0,95.824,1969.25,4271.75,48.14,3208.0,266.44,215.42,160.98,199.9,260.57,245.85,295.92,295.92,281.16,0.25,-0.005264673220088056,237.805,234.722,236.151,237.9,Low CPI,-0.005264673220088056,241.85,364.69,-0.33683402341714885,-0.005264673220088056,-0.007838041747003088,False,0.0115471410619875,237.9,0.25
2015-06-30,244.32,238.638,,1.53418,1.12111,1.3687,185.888,27164.0,95.824,1969.25,4271.75,48.14,3208.0,269.87,217.54,158.84,198.0,262.25,248.11,296.43,296.43,287.65,0.25,0.03516651131260051,238.638,236.119,234.812,238.343,Low CPI,0.03516651131260051,244.32,364.69,-0.3300611478241795,0.03516651131260051,-0.0010062893081761448,True,0.007482860059164935,238.343,0.25
2015-07-31,241.43,238.654,,1.53418,1.12111,1.3687,185.888,27164.0,95.824,1969.25,4271.75,48.14,3208.0,268.22,215.97,159.03,199.2,262.18,245.82,293.22,293.22,286.17,0.25,0.03170804666467242,238.654,236.599,233.707,238.25,Low CPI,0.03170804666467242,241.43,364.69,-0.3379856864734432,0.03170804666467242,-0.009010120957788192,True,0.00798681796258697,238.25,0.25
2015-08-31,241.64,238.316,,1.53418,1.12111,1.3687,185.888,27164.0,95.824,1969.25,4271.75,48.14,3208.0,270.06,215.64,154.66,204.7,263.05,245.58,292.6,292.6,283.91,0.25,0.02298801913551496,238.316,237.805,234.722,237.852,Low CPI,0.02298801913551496,241.64,364.69,-0.3374098549452961,0.02298801913551496,0.006567262814423103,False,0.007704361904288558,237.852,0.25
2015-09-30,241.65,237.945,,1.53418,1.12111,1.3687,185.888,27164.0,95.824,1969.25,4271.75,48.14,3208.0,273.46,216.4,154.26,205.3,263.56,246.97,296.83,296.83,284.79,0.25,0.020222916490753917,237.945,238.638,236.119,238.031,Low CPI,0.020222916490753917,241.65,364.69,-0.33738243439633664,0.020222916490753917,0.03771314774094514,False,0.0077175699961859225,238.031,0.25
2015-10-31,240.27,237.838,,1.53418,1.12111,1.3687,185.888,27164.0,95.824,1969.25,4271.75,48.14,3208.0,270.17,216.27,153.68,207.2,261.31,246.47,303.77,303.77,281.61,0.25,0.010004623985875982,237.838,238.654,236.599,237.433,Low CPI,0.010004623985875982,240.27,364.69,-0.3411664701527324,0.010004623985875982,0.044421487603305776,False,0.007946302560753748,237.433,0.25
2015-11-30,236.71,237.336,,1.53418,1.12111,1.3687,185.888,27164.0,95.824,1969.25,4271.75,48.14,3208.0,267.95,214.7,156.09,210.3,258.8,244.55,297.13,297.13,279.55,0.25,-0.007838041747003088,237.336,238.316,237.805,236.151,Low CPI,-0.007838041747003088,236.71,364.69,-0.35092818558227534,-0.007838041747003088,0.05151953690303901,True,0.00909531120144351,236.151,0.25
2015-12-31,238.26,236.525,,1.53418,1.12111,1.3687,185.888,27164.0,95.824,1969.25,4271.75,48.14,3208.0,270.07,214.57,155.25,219.1,260.04,245.22,294.87,294.87,280.38,0.5,-0.0010062893081761448,236.525,237.945,238.638,234.812,Low CPI,-0.0010062893081761448,238.26,364.69,-0.3466780004935699,-0.0010062893081761448,0.06299115913555986,True,0.009328802773622942,234.812,0.25
2016-01-31,240.87,236.916,,1.23299,1.05204,1.1725,144.285,21962.0,102.21,2236.25,4864.0,53.87,2139.5,269.78,217.1,156.57,209.1,263.6,247.8,296.66,296.66,284.47,0.5,-0.009010120957788192,236.916,237.838,238.654,233.707,Low CPI,-0.009010120957788192,240.87,364.69,-0.339521237215169,-0.009010120957788192,0.11448452967733913,True,0.008008294216277977,233.707,0.25
2016-02-29,243.7,237.111,,1.448,1.11319,1.3014,160.29399999999998,21962.0,95.891,2095.0,4524.25,48.85,3024.0,274.82,219.74,156.92,207.2,266.45,249.3,299.16,299.16,285.1,0.5,0.006567262814423103,237.111,237.336,238.316,234.722,Low CPI,0.006567262814423103,243.7,364.69,-0.3317612218596616,0.006567262814423103,0.1456298626055288,False,0.008688986621000379,234.722,0.25
2016-03-31,250.12,238.132,,1.22422,1.09814,1.1149,128.31699999999998,22905.0,98.445,2120.0,4796.75,46.74,2736.0,274.57,219.79,158.68,222.6,272.18,253.59,303.51,303.51,290.11,0.5,0.03771314774094514,238.132,236.525,237.945,236.119,Low CPI,0.03771314774094514,250.12,364.69,-0.31415722942773316,0.03771314774094514,0.1637906062487069,False,0.01124017225666361,236.119,0.25
2016-04-30,252.75,239.261,,1.22422,1.09814,1.1149,128.31699999999998,21774.0,99.606,2120.0,4796.75,46.74,2736.0,275.03,218.93,160.5,215.8,275.42,254.78,302.34,302.34,290.16,0.5,0.044421487603305776,239.261,236.916,237.838,236.599,Low CPI,0.044421487603305776,252.75,364.69,-0.30694562505141354,0.044421487603305776,0.21263578474216516,False,0.011440590233125396,236.599,0.25
2016-05-31,254.31,240.229,,1.22422,1.09814,1.1149,128.31699999999998,21774.0,99.606,2120.0,4796.75,46.74,2736.0,278.21,219.77,159.3,218.1,277.31,255.79,304.79,304.79,294.2,0.5,0.05151953690303901,240.229,237.111,237.336,237.805,Low CPI,0.05151953690303901,254.31,364.69,-0.30266801941374866,0.05151953690303901,0.25127793502598106,False,0.011375909110821916,237.805,0.25
2016-06-30,259.71,241.018,,1.22422,1.09814,1.1149,128.31699999999998,21774.0,99.606,2120.0,4796.75,46.74,2736.0,281.51,223.97,160.82,226.9,283.31,264.35,320.63,320.63,307.14,0.5,0.06299115913555986,241.018,238.132,236.525,238.638,Low CPI,0.06299115913555986,259.71,364.69,-0.287860922975678,0.06299115913555986,0.24792243767313016,False,0.012307451085015374,238.638,0.5
2016-07-31,269.07,240.628,,1.22422,1.09814,1.1149,128.31699999999998,21774.0,99.606,2120.0,4796.75,46.74,2736.0,289.56,228.51,164.72,234.4,295.97,273.3,330.57,330.57,319.38,0.5,0.11448452967733913,240.628,239.261,236.916,238.654,Low CPI,0.11448452967733913,269.07,364.69,-0.2621952891496888,0.11448452967733913,0.24996886287208864,False,0.013944742549703865,238.654,0.5
2016-08-31,276.83,240.849,,1.22422,1.09814,1.1149,128.31699999999998,21774.0,99.606,2120.0,4796.75,46.74,2736.0,293.79,231.67,167.06,228.8,304.4,281.62,340.41,340.41,335.05,0.5,0.1456298626055288,240.849,240.229,237.111,238.316,Low CPI,0.1456298626055288,276.83,364.69,-0.24091694315720202,0.1456298626055288,0.24029544521953228,False,0.014747273233359946,238.316,0.5
2016-09-30,281.23,241.428,,1.22422,1.09814,1.1149,128.31699999999998,21774.0,99.606,2120.0,4796.75,46.74,2736.0,302.52,235.18,169.03,233.6,309.13,285.3,345.03,345.03,336.82,0.5,0.1637906062487069,241.428,241.018,238.132,237.945,Low CPI,0.1637906062487069,281.23,364.69,-0.2288519016150703,0.1637906062487069,0.21661602430833193,False,0.014332434084955433,237.945,0.5
2016-10-31,291.36,241.729,,1.22422,1.09814,1.1149,128.31699999999998,21774.0,99.606,2120.0,4796.75,46.74,2736.0,313.57,247.12,171.68,239.4,319.13,293.6,353.11,353.11,343.94,0.5,0.21263578474216516,241.729,240.628,239.261,237.838,Low CPI,0.21263578474216516,291.36,364.69,-0.20107488551920805,0.21263578474216516,0.19758654797230468,False,0.01449100332176836,237.838,0.5
2016-11-30,296.19,241.353,,1.22422,1.09814,1.1149,128.31699999999998,21774.0,99.606,2120.0,4796.75,46.74,2736.0,326.06,244.64,170.7,240.7,322.79,296.6,361.94,361.94,348.12,0.5,0.25127793502598106,241.353,240.849,240.229,237.336,Low CPI,0.25127793502598106,296.19,364.69,-0.18783076037182267,0.25127793502598106,0.19515551885494076,False,0.010703143184485434,237.336,0.5
2016-12-31,297.33,241.432,,1.22422,1.09814,1.1149,128.31699999999998,21774.0,99.606,2120.0,4796.75,46.74,2736.0,323.12,244.11,173.92,243.4,323.35,299.8,371.4,371.4,350.16,0.75,0.24792243767313016,241.432,241.428,241.018,236.525,Low CPI,0.24792243767313016,297.33,364.69,-0.18470481779045222,0.24792243767313016,0.18247275807631613,False,0.011010447345432713,236.525,0.5
2017-01-31,301.08,242.839,,1.35035,1.20025,1.1245,152.14499999999998,29948.0,92.124,2676.0,6408.75,60.09,1895.6,329.73,250.88,176.36,247.6,325.87,301.24,372.05,372.05,347.08,0.75,0.24996886287208864,242.839,241.729,240.628,236.916,Low CPI,0.24996886287208864,301.08,364.69,-0.1744221119306809,0.24996886287208864,0.1417846657003754,False,0.010914649375029808,236.916,0.5
2017-02-28,302.26,243.603,,1.32822,1.164565,1.1403,150.91099999999997,25481.0,94.552,2572.75,6249.75,54.6,2091.1,335.66,250.17,176.72,247.8,327.5,303.15,376.81,376.81,350.02,0.75,0.24029544521953228,243.603,241.353,240.849,237.111,Low CPI,0.24029544521953228,302.26,364.69,-0.17118648715347284,0.24029544521953228,0.11501643607990486,False,0.011589027456360108,237.111,0.5
2017-03-31,304.3,243.801,,1.32103,1.184195,1.1157,145.65699999999998,28200.0,92.863,2468.0,5882.5,50.16,2066.0,341.1,255.65,180.79,253.2,330.61,306.67,381.78,381.78,351.16,1.0,0.21661602430833193,243.801,241.432,241.428,238.132,Low CPI,0.21661602430833193,304.3,364.69,-0.16559269516575714,0.21661602430833193,0.09529566546954427,False,0.011712134889445123,238.132,0.5
2017-04-30,302.69,244.524,,1.32103,1.184195,1.1157,145.65699999999998,28200.0,92.863,2468.0,5882.5,50.16,2066.0,342.72,257.03,182.17,251.9,329.28,306.81,381.05,381.05,352.32,1.0,0.19758654797230468,244.524,242.839,241.729,239.261,Low CPI,0.19758654797230468,302.69,364.69,-0.17000740354821908,0.19758654797230468,0.06030340472267981,False,0.013239849735201162,239.261,0.5
2017-05-31,303.94,244.733,,1.32103,1.184195,1.1157,145.65699999999998,28200.0,92.863,2468.0,5882.5,50.16,2066.0,344.47,259.9,183.39,252.0,330.9,310.57,390.95,390.95,352.79,1.0,0.19515551885494076,244.733,243.603,241.353,240.229,Low CPI,0.19515551885494076,303.94,364.69,-0.1665798349282953,0.19515551885494076,0.0566190620885243,False,0.013379108973016545,240.229,0.5
2017-06-30,307.1,244.955,,1.32103,1.184195,1.1157,145.65699999999998,28200.0,92.863,2468.0,5882.5,50.16,2066.0,343.69,259.09,185.05,264.8,332.73,313.89,396.44,396.44,357.96,1.25,0.18247275807631613,244.955,243.801,241.432,241.018,Low CPI,0.18247275807631613,307.1,364.69,-0.15791494145712792,0.18247275807631613,0.05165977197053784,False,0.013289040469865777,241.018,0.75
2017-07-31,307.22,244.786,,1.32103,1.184195,1.1157,145.65699999999998,28200.0,92.863,2468.0,5882.5,50.16,2066.0,347.19,262.86,184.15,267.6,333.96,316.82,398.01,398.01,365.17,1.25,0.1417846657003754,244.786,244.524,242.839,240.628,Low CPI,0.1417846657003754,307.22,364.69,-0.15758589486961516,0.1417846657003754,0.03783047694964803,False,0.011856880249635455,240.628,0.75
2017-08-31,308.67,245.519,,1.32103,1.184195,1.1157,145.65699999999998,28200.0,92.863,2468.0,5882.5,50.16,2066.0,349.09,267.84,184.64,266.7,337.32,321.64,411.38,411.38,368.85,1.25,0.11501643607990486,245.519,244.733,243.603,240.849,Low CPI,0.11501643607990486,308.67,364.69,-0.15360991527050372,0.11501643607990486,0.03275325878382862,False,0.010563771600010853,240.849,0.75
2017-09-30,308.03,246.819,,1.32103,1.184195,1.1157,145.65699999999998,28200.0,92.863,2468.0,5882.5,50.16,2066.0,350.99,270.57,183.09,267.1,336.26,321.2,412.49,412.49,365.86,1.25,0.09529566546954427,246.819,244.955,243.801,241.428,Low CPI,0.09529566546954427,308.03,364.69,-0.1553648304039048,0.09529566546954427,0.02099901413079186,False,0.010793959507716343,241.428,1.0
2017-10-31,308.93,246.663,,1.32103,1.184195,1.1157,145.65699999999998,28200.0,92.863,2468.0,5882.5,50.16,2066.0,357.56,271.47,183.34,266.5,337.91,324.47,422.82,422.82,368.69,1.25,0.06030340472267981,246.663,244.786,244.524,241.729,Low CPI,0.06030340472267981,308.93,364.69,-0.15289698099755955,0.06030340472267981,0.029634279295649213,False,0.0060969084733697105,241.729,1.0
2017-11-30,312.96,246.669,,1.32103,1.184195,1.1157,145.65699999999998,28200.0,92.863,2468.0,5882.5,50.16,2066.0,354.98,276.34,183.35,268.9,341.13,333.54,460.07,460.07,373.67,1.25,0.0566190620885243,246.669,245.519,244.733,241.353,Low CPI,0.0566190620885243,312.96,364.69,-0.14184649976692543,0.0566190620885243,0.030038823451997043,False,0.005542350902982618,241.353,1.0
2017-12-31,312.69,246.524,,1.32103,1.184195,1.1157,145.65699999999998,28200.0,92.863,2468.0,5882.5,50.16,2066.0,357.31,273.2,183.41,266.3,341.28,330.34,442.73,442.73,369.24,1.5,0.05165977197053784,246.524,246.819,244.955,241.432,Low CPI,0.05165977197053784,312.69,364.69,-0.14258685458882892,0.05165977197053784,0.030999674373168196,False,0.005763949145014199,241.432,1.25
2018-01-31,312.47,247.867,,1.27481,1.13181,1.1263,144.64899999999997,26531.0,97.272,2758.25,6949.5,50.63,2191.1,361.91,269.2,183.89,267.9,341.57,330.99,437.64,437.64,378.42,1.5,0.03783047694964803,247.867,246.663,244.786,242.839,Low CPI,0.03783047694964803,312.47,364.69,-0.14319010666593535,0.03783047694964803,0.023598724041403507,False,0.005261598591681952,242.839,1.25
2018-02-28,312.16,248.991,,1.31204,1.16894,1.1222,146.748,24911.0,94.493,2817.0,7244.75,68.39,2153.1,362.03,277.58,184.37,278.3,341.22,334.75,454.48,454.48,379.18,1.5,0.03275325878382862,248.991,246.669,245.519,243.603,Low CPI,0.03275325878382862,312.16,364.69,-0.14404014368367646,0.03275325878382862,0.023682249651731713,False,0.005382704064889226,243.603,1.25
2018-03-31,310.69,249.554,,1.27391,1.14657,1.1126,139.76299999999998,25854.0,96.173,2505.25,6333.25,45.4,2414.1,360.48,268.51,185.22,286.4,340.18,334.42,461.6,461.6,377.98,1.75,0.02099901413079186,249.554,246.524,246.819,243.801,Low CPI,0.02099901413079186,310.69,364.69,-0.14807096438070688,0.02099901413079186,0.026685712430607467,False,0.005611066570420099,243.801,1.25
2018-04-30,311.66,250.546,,1.27391,1.14657,1.1126,139.76299999999998,25854.0,95.132,2919.0,7655.25,45.4,2414.1,361.43,268.93,187.1,280.6,341.02,337.04,473.56,473.56,377.54,1.75,0.029634279295649213,250.546,247.867,246.663,244.524,Low CPI,0.029634279295649213,311.66,364.69,-0.14541117113164603,0.029634279295649213,0.01621726604732454,False,0.0051590630687793765,244.524,1.25
2018-05-31,313.07,251.588,,1.27391,1.14657,1.1126,139.76299999999998,25854.0,95.132,2919.0,7655.25,45.4,2414.1,366.59,267.03,187.89,295.7,341.91,340.95,481.04,481.04,390.49,1.75,0.030038823451997043,251.588,248.991,246.669,244.733,Low CPI,0.030038823451997043,313.07,364.69,-0.1415448737283721,0.030038823451997043,0.0013100715746421354,False,0.005171989533038816,244.733,1.25
2018-06-30,316.62,251.989,,1.27391,1.14657,1.1126,139.76299999999998,25854.0,95.132,2919.0,7655.25,45.4,2414.1,372.73,270.89,189.72,305.2,346.28,345.61,490.31,490.31,397.26,2.0,0.030999674373168196,251.989,249.554,246.524,244.955,Low CPI,0.030999674373168196,316.62,364.69,-0.13181057884778846,0.030999674373168196,-0.0020467555726118025,True,0.005308476126218629,244.955,1.5
2018-07-31,314.47,252.006,,1.27391,1.14657,1.1126,139.76299999999998,25854.0,95.132,2919.0,7655.25,45.4,2414.1,376.57,276.58,189.78,310.0,345.96,348.05,507.87,507.87,395.74,2.0,0.023598724041403507,252.006,250.546,247.867,244.786,Low CPI,0.023598724041403507,314.47,364.69,-0.13770599687405738,0.023598724041403507,-0.0015681505424520736,True,0.005942219271222979,244.786,1.5
2018-08-31,315.98,252.146,,1.27391,1.14657,1.1126,139.76299999999998,25854.0,95.132,2919.0,7655.25,45.4,2414.1,380.51,270.89,190.78,311.1,347.54,350.73,511.78,511.78,400.88,2.0,0.023682249651731713,252.146,251.588,248.991,245.519,Low CPI,0.023682249651731713,315.98,364.69,-0.13356549398118944,0.023682249651731713,-0.0076883649410559585,True,0.005945724687824627,245.519,1.5
2018-09-30,316.25,252.439,,1.27391,1.14657,1.1126,139.76299999999998,25854.0,95.132,2919.0,7655.25,45.4,2414.1,392.18,286.96,192.68,303.1,349.29,360.49,548.67,548.67,408.93,2.25,0.026685712430607467,252.439,251.989,249.554,246.819,Low CPI,0.026685712430607467,316.25,364.69,-0.13282513915928595,0.026685712430607467,-0.005342946345231692,True,0.005823598685745614,246.819,1.75
2018-10-31,313.94,252.885,,1.27391,1.14657,1.1126,139.76299999999998,25854.0,95.132,2919.0,7655.25,45.4,2414.1,387.95,285.03,189.68,312.4,346.68,358.15,555.89,555.89,401.51,2.25,0.01621726604732454,252.885,252.006,250.546,246.663,Low CPI,0.01621726604732454,313.94,364.69,-0.13915928596890514,0.01621726604732454,-0.010042995572097979,True,0.006427293640733483,246.663,1.75
2018-11-30,313.37,252.038,,1.27391,1.14657,1.1126,139.76299999999998,25854.0,95.132,2919.0,7655.25,45.4,2414.1,386.12,280.83,193.69,321.8,343.39,364.18,599.99,599.99,402.67,2.25,0.0013100715746421354,252.038,252.146,251.588,246.669,Low CPI,0.0013100715746421354,313.37,364.69,-0.1407222572595903,0.0013100715746421354,-0.016162519564314692,True,0.005304918139238161,246.669,1.75
2018-12-31,312.05,251.233,,1.27391,1.14657,1.1126,139.76299999999998,25854.0,95.132,2919.0,7655.25,45.4,2414.1,385.17,283.23,196.17,322.1,343.03,363.34,597.07,597.07,399.85,2.5,-0.0020467555726118025,251.233,252.439,251.989,246.524,Low CPI,-0.0020467555726118025,312.05,364.69,-0.14434176972222978,-0.0020467555726118025,-0.02337186532752189,False,0.005447642400417208,246.524,2.0
2019-01-31,311.98,251.712,,1.29272,1.10188,1.1733,141.563,26333.0,98.273,3143.75,8417.5,55.22,2557.5,385.51,284.55,194.2,317.0,343.1,362.22,594.72,594.72,394.38,2.5,-0.0015681505424520736,251.712,252.885,252.006,247.867,Low CPI,-0.0015681505424520736,311.98,364.69,-0.1445337135649455,-0.0015681505424520736,-0.013991795719782596,False,0.005445028386965459,247.867,2.0
2019-02-28,309.76,252.776,,1.32502,1.12121,1.1822,143.94099999999997,28270.0,96.389,3231.0,8752.25,61.35,2541.7,384.91,284.15,192.15,318.8,341.07,358.4,576.43,576.43,394.95,2.5,-0.0076883649410559585,252.776,252.038,252.146,248.991,Low CPI,-0.0076883649410559585,309.76,364.69,-0.15062107543393022,-0.0076883649410559585,-0.01142477371985573,False,0.005809256622839257,248.991,2.0
2019-03-31,309.03,254.202,,1.26948,1.13721,1.1147,137.004,28505.0,99.377,2978.5,7770.5,58.15,2439.1,389.25,287.13,190.03,290.7,339.84,354.27,563.25,563.25,386.22,2.5,-0.005342946345231692,254.202,251.233,252.439,249.554,Low CPI,-0.005342946345231692,309.03,364.69,-0.15262277550796577,-0.005342946345231692,-0.015494071146245014,False,0.005697618037688665,249.554,2.25
2019-04-30,308.53,255.548,,1.26948,1.13721,1.1147,137.004,28505.0,99.377,2978.5,7770.5,58.15,2439.1,385.02,286.71,192.96,295.2,339.24,353.12,557.64,557.64,382.81,2.5,-0.010042995572097979,255.548,251.712,252.885,250.546,Low CPI,-0.010042995572097979,308.53,364.69,-0.15399380295593523,-0.010042995572097979,-0.017742243740842212,False,0.005592193809283052,250.546,2.25
2019-05-31,308.01,256.092,,1.26948,1.13721,1.1147,137.004,28505.0,99.377,2978.5,7770.5,58.15,2439.1,381.25,287.97,193.81,292.6,339.88,353.48,557.3,557.3,384.68,2.5,-0.016162519564314692,256.092,252.776,252.038,251.588,Low CPI,-0.016162519564314692,308.01,364.69,-0.15541967150182345,-0.016162519564314692,-0.028560487602514617,False,0.005333377304145583,251.588,2.25
2019-06-30,309.22,256.143,,1.26948,1.13721,1.1147,137.004,28505.0,99.377,2978.5,7770.5,58.15,2439.1,386.59,290.03,196.95,297.5,341.42,355.92,559.87,559.87,387.85,2.5,-0.02337186532752189,256.143,254.202,251.233,251.989,Low CPI,-0.02337186532752189,309.22,364.69,-0.1521017850777372,-0.02337186532752189,-0.030411792981894004,False,0.003991470062090539,251.989,2.5
2019-07-31,310.07,256.571,,1.26948,1.13721,1.1147,137.004,28505.0,99.377,2978.5,7770.5,58.15,2439.1,389.63,291.09,198.52,315.1,342.05,357.68,565.76,565.76,390.74,2.25,-0.013991795719782596,256.571,255.548,251.712,252.006,Low CPI,-0.013991795719782596,310.07,364.69,-0.1497710384161891,-0.013991795719782596,-0.03237387011987958,False,0.003890966179398753,252.006,2.5
2019-08-31,312.37,256.558,,1.26948,1.13721,1.1147,137.004,28505.0,99.377,2978.5,7770.5,58.15,2439.1,392.36,297.32,196.07,309.0,342.84,359.71,568.96,568.96,396.91,2.25,-0.01142477371985573,256.558,256.092,252.776,252.146,Low CPI,-0.01142477371985573,312.37,364.69,-0.14346431215552935,-0.01142477371985573,-0.023243801652892526,False,0.004306805601744969,252.146,2.5
2019-09-30,311.35,256.759,,1.26948,1.13721,1.1147,137.004,28505.0,99.377,2978.5,7770.5,58.15,2439.1,394.77,297.83,195.28,308.8,342.36,360.88,583.29,583.29,393.18,2.0,-0.015494071146245014,256.759,256.143,254.202,252.439,Low CPI,-0.015494071146245014,311.35,364.69,-0.14626120814938703,-0.015494071146245014,-0.03129146037601516,False,0.004314207902822969,252.439,2.5
2019-10-31,308.37,257.346,,1.26948,1.13721,1.1147,137.004,28505.0,99.377,2978.5,7770.5,58.15,2439.1,402.11,297.63,192.54,308.3,339.09,356.62,570.29,570.29,384.91,1.75,-0.017742243740842212,257.346,256.571,255.548,252.885,Low CPI,-0.017742243740842212,308.37,364.69,-0.1544325317392854,-0.017742243740842212,-0.03263864129906324,False,0.004638825198064587,252.885,2.5
2019-11-30,304.42,257.208,,1.26948,1.13721,1.1147,137.004,28505.0,99.377,2978.5,7770.5,58.15,2439.1,393.47,296.18,191.73,302.7,335.38,350.4,553.56,553.56,374.5,1.75,-0.028560487602514617,257.208,256.558,256.092,252.038,Low CPI,-0.028560487602514617,304.42,364.69,-0.1652636485782445,-0.028560487602514617,-0.03818057855264434,False,0.005679759066104822,252.038,2.5
2019-12-31,302.56,256.974,,1.26948,1.13721,1.1147,137.004,28505.0,99.377,2978.5,7770.5,58.15,2439.1,393.85,296.54,190.07,302.0,332.87,348.13,544.75,544.75,374.11,1.75,-0.030411792981894004,256.974,256.759,256.143,251.233,Low CPI,-0.030411792981894004,302.56,364.69,-0.17036387068469105,-0.030411792981894004,-0.030948839014294238,False,0.005760740064008468,251.233,2.5
2020-01-31,301.88,257.971,,1.36561,1.22156,1.1184,141.00199999999998,27219.0,89.937,3748.75,12885.5,48.181,2559.0,394.49,298.81,188.14,300.2,330.87,346.07,538.06,538.06,374.41,1.75,-0.03237387011987958,257.971,257.346,256.571,251.712,Low CPI,-0.03237387011987958,301.88,364.69,-0.17222846801392966,-0.03237387011987958,-0.02554261940852076,False,0.005715755200792627,251.712,2.25
2020-02-29,302.56,258.678,,1.33173,1.19249,1.117,138.915,26432.0,91.869,3623.25,12277.0,45.045,2738.9,393.01,298.2,189.3,297.9,328.75,343.39,530.95,530.95,368.44,1.75,-0.023243801652892526,258.678,257.208,256.558,252.776,Low CPI,-0.023243801652892526,302.56,364.69,-0.17036387068469105,-0.023243801652892526,-0.020200403367801045,False,0.005701088085287142,252.776,2.25
2020-03-31,299.36,258.115,,1.3369,1.19362,1.11933,141.583,25075.0,92.144,3499.0,12114.0,42.791,2650.5,386.42,298.28,188.59,298.1,323.33,338.76,522.98,522.98,360.95,0.25,-0.03129146037601516,258.115,256.974,256.759,254.202,Low CPI,-0.03129146037601516,299.36,364.69,-0.17913844635169596,-0.03129146037601516,-0.0030833467159147032,False,0.006225030378906522,254.202,2.0
2020-04-30,298.46,256.389,,1.3369,1.19362,1.11933,141.583,22769.0,92.144,3499.0,12114.0,42.791,2650.5,391.48,295.73,188.48,294.3,324.12,337.41,519.33,519.33,360.46,0.25,-0.03263864129906324,256.389,257.971,257.346,255.548,Low CPI,-0.03263864129906324,298.46,364.69,-0.1816062957580411,-0.03263864129906324,0.018224859746408528,True,0.006217449833382326,255.548,1.75
2020-05-31,296.25,256.394,,1.3369,1.19362,1.11933,141.583,24157.0,92.144,3499.0,12114.0,42.791,2650.5,393.44,301.07,191.01,300.5,328.45,342.08,523.75,523.75,367.07,0.25,-0.03818057855264434,256.394,258.678,257.208,256.092,Low CPI,-0.03818057855264434,296.25,364.69,-0.1876662370780663,-0.03818057855264434,0.0401090598515208,True,0.006346815542729598,256.092,1.75
2020-06-30,299.65,257.797,,1.3369,1.19362,1.11933,141.583,24157.0,92.144,3499.0,12114.0,42.791,2650.5,402.31,301.42,192.55,299.2,329.79,344.82,525.77,525.77,372.78,0.25,-0.030948839014294238,257.797,258.115,256.974,256.143,Low CPI,-0.030948839014294238,299.65,364.69,-0.1783432504318737,-0.030948839014294238,0.05430327868852469,True,0.007405490982937165,256.143,1.75
2020-07-31,302.15,259.101,,1.3369,1.19362,1.11933,141.583,24157.0,92.144,3499.0,12114.0,42.791,2650.5,407.06,303.57,193.32,301.4,331.53,348.31,532.68,532.68,374.39,0.25,-0.02554261940852076,259.101,256.389,257.971,256.571,Low CPI,-0.02554261940852076,302.15,364.69,-0.17148811319202617,-0.02554261940852076,0.06293891612561286,True,0.00792974201324396,256.571,1.75
2020-08-31,306.06,259.918,,1.3369,1.19362,1.11933,141.583,24157.0,92.144,3499.0,12114.0,42.791,2650.5,411.9,303.2,193.18,301.5,330.59,348.05,530.65,530.65,375.04,0.25,-0.020200403367801045,259.918,256.394,258.678,256.558,Low CPI,-0.020200403367801045,306.06,364.69,-0.16076667854890458,-0.020200403367801045,0.0664661554732946,True,0.008660553408839033,256.558,1.75
2020-09-30,310.39,260.28,,1.3369,1.19362,1.11933,141.583,24157.0,92.144,3499.0,12114.0,42.791,2650.5,420.65,310.45,195.32,294.5,341.13,351.46,534.35,534.35,382.97,0.25,-0.0030833467159147032,260.28,257.797,258.115,256.759,Low CPI,-0.0030833467159147032,310.39,364.69,-0.14889358084948867,-0.0030833467159147032,0.095370122928915,True,0.009757323527068786,256.759,0.25
2020-10-31,313.99,260.388,,1.3369,1.19362,1.11933,141.583,24157.0,92.144,3499.0,12114.0,42.791,2650.5,417.11,308.98,196.34,295.3,345.43,352.47,532.16,532.16,386.1,0.25,0.018224859746408528,260.388,259.101,256.389,257.346,Low CPI,0.018224859746408528,313.99,364.69,-0.1390221832241081,0.018224859746408528,0.11525832607384578,False,0.00982517862436032,257.346,0.25
2020-11-30,316.63,260.229,,1.3369,1.19362,1.11933,141.583,24157.0,92.144,3499.0,12114.0,42.791,2650.5,422.83,314.98,198.01,297.5,348.3,353.7,535.87,535.87,384.12,0.25,0.0401090598515208,260.229,259.918,256.394,257.208,Low CPI,0.0401090598515208,316.63,364.69,-0.13178315829882914,0.0401090598515208,0.1316455696202532,False,0.008868672510714588,257.208,0.25
2020-12-31,318.99,260.474,,1.3369,1.19362,1.11933,141.583,24157.0,92.144,3499.0,12114.0,42.791,2650.5,424.51,322.53,199.51,301.0,349.93,356.46,540.01,540.01,386.0,0.25,0.05430327868852469,260.474,260.28,257.797,256.974,Low CPI,0.05430327868852469,318.99,364.69,-0.125311908744413,0.05430327868852469,0.1273152010679126,False,0.008410267600024343,256.974,0.25
2021-01-31,320.88,261.582,,1.35323,1.1373,1.1886,155.754,23451.0,95.598,4758.5,16320.75,75.351,2540.6,429.04,320.88,202.01,298.6,351.74,359.22,550.15,550.15,388.05,0.25,0.06293891612561286,261.582,260.388,259.101,257.971,Low CPI,0.06293891612561286,320.88,364.69,-0.12012942499108836,0.06293891612561286,0.14701307297699828,False,0.008145450849970346,257.971,0.25
2021-02-28,322.67,263.014,,1.3754,1.18088,1.16447,151.26899999999998,25754.0,92.626,4520.5,15582.5,68.535,2537.9,435.35,318.74,204.01,298.4,352.49,361.45,558.44,558.44,390.58,0.25,0.0664661554732946,263.014,260.229,259.918,258.678,Low CPI,0.0664661554732946,322.67,364.69,-0.11522114672735739,0.0664661554732946,0.14660524080245696,False,0.00809507655121776,258.678,0.25
2021-03-31,327.91,264.877,,1.42053,1.22258,1.16185,155.63,28958.0,90.031,4202.5,13686.5,67.0,2438.6,435.31,326.26,207.34,300.9,357.85,365.06,564.06,564.06,393.29,0.25,0.095370122928915,264.877,260.474,260.28,258.115,Low CPI,0.095370122928915,327.91,364.69,-0.10085277907263701,0.095370122928915,0.17413576468314051,False,0.006893896513940611,258.115,0.25
2021-04-30,332.86,267.054,,1.42053,1.22258,1.16185,155.63,25304.0,90.584,3705.25,12911.25,67.0,2438.6,436.24,329.19,208.21,306.1,361.85,369.96,573.48,573.48,397.69,0.25,0.11525832607384578,267.054,261.582,260.388,256.389,High CPI,0.11525832607384578,332.86,364.69,-0.08727960733773887,0.11525832607384578,0.18615242523647235,False,0.0063077015906913,256.389,0.25
2021-05-31,335.25,269.195,,1.42053,1.22258,1.16185,155.63,25304.0,90.584,3705.25,12911.25,67.0,2438.6,445.48,328.85,208.3,317.3,363.24,372.78,575.77,575.77,401.42,0.25,0.1316455696202532,269.195,263.014,260.229,256.394,High CPI,0.1316455696202532,335.25,364.69,-0.08072609613644466,0.1316455696202532,0.2083188579730284,False,0.0036896742693352607,256.394,0.25
2021-06-30,337.8,271.696,,1.42053,1.22258,1.16185,155.63,25304.0,90.584,3705.25,12911.25,67.0,2438.6,448.15,333.02,211.69,315.1,364.12,375.97,583.2,583.2,402.62,0.25,0.1273152010679126,271.696,264.877,260.474,257.797,High CPI,0.1273152010679126,337.8,364.69,-0.07373385615180017,0.1273152010679126,0.2305087933791028,False,0.003752343529495931,257.797,0.25
2021-07-31,346.57,273.003,,1.42053,1.22258,1.16185,155.63,25304.0,90.584,3705.25,12911.25,67.0,2438.6,460.59,334.79,213.67,322.4,367.85,380.88,592.93,592.93,409.03,0.25,0.14701307297699828,273.003,267.054,261.582,259.101,High CPI,0.14701307297699828,346.57,364.69,-0.04968603471441502,0.14701307297699828,0.24607329842931924,False,0.0058739821183914475,259.101,0.25
2021-08-31,350.93,273.567,,1.42053,1.22258,1.16185,155.63,25304.0,90.584,3705.25,12911.25,67.0,2438.6,467.25,340.05,214.52,332.8,372.03,385.78,597.01,597.01,412.46,0.25,0.14660524080245696,273.567,269.195,263.014,259.918,High CPI,0.14660524080245696,350.93,364.69,-0.0377306753681208,0.14660524080245696,0.24402640468590198,False,0.005866930727626776,259.918,0.25
2021-09-30,364.44,274.31,,1.42053,1.22258,1.16185,155.63,25304.0,90.584,3705.25,12911.25,67.0,2438.6,488.42,347.0,219.4,341.6,377.62,396.9,636.3,636.3,416.3,0.25,0.17413576468314051,274.31,271.696,264.877,260.28,High CPI,0.17413576468314051,364.44,364.69,-0.000685513723984732,0.17413576468314051,0.23210637065048312,False,0.009779382800812902,260.28,0.25
2021-10-31,372.44,276.589,,1.42053,1.22258,1.16185,155.63,25304.0,90.584,3705.25,12911.25,67.0,2438.6,525.4,354.5,223.6,350.72,380.64,405.4,661.3,661.3,417.4,0.25,0.18615242523647235,276.589,273.003,267.054,260.388,High CPI,0.18615242523647235,372.44,372.44,0.0,0.18615242523647235,0.22219551763504164,False,0.010048351162358271,260.388,0.25
2021-11-30,382.59,277.948,,1.42053,1.22258,1.16185,155.63,25304.0,90.584,3705.25,12911.25,67.0,2438.6,567.92,359.67,224.43,359.06,383.87,415.31,686.8,686.8,426.79,0.25,0.2083188579730284,277.948,273.567,269.195,260.229,High CPI,0.2083188579730284,382.59,382.59,0.0,0.2083188579730284,0.22204325130499636,False,0.010494012585878024,260.229,0.25
2021-12-31,392.52,278.802,,1.42053,1.22258,1.16185,155.63,25304.0,90.584,3705.25,12911.25,67.0,2438.6,600.64,367.28,228.28,372.17,389.0,424.46,707.49,707.49,433.03,0.25,0.2305087933791028,278.802,274.31,271.696,260.474,High CPI,0.2305087933791028,392.52,392.52,0.0,0.2305087933791028,0.22122557726465342,False,0.010492350600876605,260.474,0.25
2022-01-31,399.84,281.148,,1.20857,1.07039,1.1295,158.423,19915.0,103.522,3861.0,11022.25,80.415,2591.0,634.01,374.69,233.92,394.01,394.0,439.25,752.41,752.41,438.09,0.25,0.24607329842931924,281.148,276.589,273.003,261.582,High CPI,0.24607329842931924,399.84,399.84,0.0,0.24607329842931924,0.1865712554462302,False,0.009840562438566259,261.582,0.25
2022-02-28,401.41,283.716,,1.25994,1.07322,1.1737,161.989,19915.0,101.752,4131.25,12646.5,115.26,2511.0,641.18,382.03,235.79,394.24,397.94,446.23,779.76,779.76,442.27,0.25,0.24402640468590198,283.716,277.948,273.567,263.014,High CPI,0.24402640468590198,401.41,401.41,0.0,0.24402640468590198,0.18715983244521706,False,0.010047813599602889,263.014,0.25
2022-03-31,404.02,287.504,,1.14597,0.98828,1.1598,170.42,14637.0,111.527,3883.0,11447.25,86.362,2330.9,658.01,384.36,239.86,397.97,401.89,455.22,810.96,810.96,442.51,0.5,0.23210637065048312,287.504,278.802,274.31,264.877,High CPI,0.23210637065048312,404.02,404.02,0.0,0.23210637065048312,0.16438919986829115,False,0.010615988017738208,264.877,0.25
2022-04-30,406.82,289.109,,1.14597,0.98828,1.1598,170.42,20094.0,111.527,3883.0,11447.25,86.362,2330.9,656.98,381.71,239.83,397.08,404.59,460.95,839.05,839.05,449.51,0.5,0.22219551763504164,289.109,281.148,276.589,267.054,High CPI,0.22219551763504164,406.82,406.82,0.0,0.22219551763504164,0.13322951347868117,False,0.011043913686314294,267.054,0.25
2022-05-31,409.69,292.296,,1.14597,0.98828,1.1598,170.42,20094.0,111.527,3883.0,11447.25,86.362,2330.9,665.5,382.44,245.32,399.98,406.93,468.12,865.24,865.24,457.66,1.0,0.22204325130499636,292.296,283.716,277.948,269.195,High CPI,0.22204325130499636,409.69,409.69,0.0,0.22204325130499636,0.0991139339763194,False,0.011054024602561678,269.195,0.25
2022-06-30,412.53,296.311,,1.14597,0.98828,1.1598,170.42,20094.0,111.527,3883.0,11447.25,86.362,2330.9,675.82,386.23,248.33,404.07,408.69,471.65,876.55,876.55,454.35,1.75,0.22122557726465342,296.311,287.504,278.802,271.696,High CPI,0.22122557726465342,412.53,412.53,0.0,0.22122557726465342,0.06909202078874954,False,0.011107171683201182,271.696,0.25
2022-07-31,411.23,296.276,,1.14597,0.98828,1.1598,170.42,20094.0,111.527,3883.0,11447.25,86.362,2330.9,696.85,387.55,245.59,402.0,408.3,473.58,886.9,886.9,452.36,2.5,0.1865712554462302,296.276,289.109,281.148,273.003,High CPI,0.1865712554462302,411.23,412.53,-0.00315128596708103,0.1865712554462302,0.034963985594237634,False,0.012073334606493994,273.003,0.25
2022-08-31,416.61,296.171,,1.14597,0.98828,1.1598,170.42,20094.0,111.527,3883.0,11447.25,86.362,2330.9,711.37,391.11,245.68,394.58,409.42,474.16,886.54,886.54,452.12,2.5,0.18715983244521706,296.171,292.296,283.716,273.567,High CPI,0.18715983244521706,416.61,416.61,0.0,0.18715983244521706,0.03435390249370962,False,0.01206723381199799,273.567,0.25
2022-09-30,424.35,296.808,,1.14597,0.98828,1.1598,170.42,20094.0,111.527,3883.0,11447.25,86.362,2330.9,734.44,400.52,252.35,407.64,415.42,484.28,902.75,902.75,466.03,3.25,0.16438919986829115,296.808,296.311,287.504,274.31,High CPI,0.16438919986829115,424.35,424.35,0.0,0.16438919986829115,0.029825256175436854,False,0.009573132280497533,274.31,0.5
2022-10-31,422.06,298.012,,1.14597,0.98828,1.1598,170.42,20094.0,111.527,3883.0,11447.25,86.362,2330.9,749.63,401.1,248.73,402.69,414.27,484.99,909.38,909.38,470.69,3.25,0.13322951347868117,298.012,296.276,289.109,276.589,High CPI,0.13322951347868117,422.06,424.35,-0.005396488747496209,0.13322951347868117,0.01774740671550079,False,0.010415978474965702,276.589,0.5
2022-11-30,420.51,297.711,,1.14597,0.98828,1.1598,170.42,20094.0,111.527,3883.0,11447.25,86.362,2330.9,730.56,403.3,244.25,395.76,413.97,482.15,901.49,901.49,470.28,4.0,0.0991139339763194,297.711,296.171,292.296,277.948,High CPI,0.0991139339763194,420.51,424.35,-0.009049133969600609,0.0991139339763194,-0.009787888403426925,True,0.009702634580462869,277.948,1.0
2022-12-31,419.64,296.797,,1.14597,0.98828,1.1598,170.42,20094.0,111.527,3883.0,11447.25,86.362,2330.9,713.17,400.99,241.15,391.66,411.16,480.12,896.11,896.11,469.63,4.5,0.06909202078874954,296.797,296.808,296.311,278.802,High CPI,0.06909202078874954,419.64,424.35,-0.01109932838458827,0.06909202078874954,-0.04535427726468377,True,0.008236687690151876,278.802,1.75
2023-01-31,413.82,299.17,,1.27233,1.10374,1.1532,179.463,17132.0,101.333,4820.0,17023.5,71.293,4179.6,682.13,393.59,232.72,382.97,407.8,476.27,899.73,899.73,466.78,4.5,0.034963985594237634,299.17,298.012,296.276,281.148,High CPI,0.034963985594237634,413.82,424.35,-0.02481442205726414,0.034963985594237634,-0.07251416482260531,True,0.00888222352300511,281.148,2.5
2023-02-28,415.2,300.84,,1.21524,1.05743,1.1484,184.207,18200.0,106.663,4212.25,14490.25,81.305,3818.7,679.02,397.92,228.56,387.63,406.52,472.49,880.85,880.85,466.31,4.75,0.03435390249370962,300.84,297.711,296.171,283.716,High CPI,0.03435390249370962,415.2,424.35,-0.021562389536938897,0.03435390249370962,-0.09615707736252133,True,0.008877672008245595,283.716,2.5
2023-03-31,416.07,301.836,,1.28344,1.09978,1.1669,182.534,17144.0,101.855,4614.5,15857.5,81.715,3543.4,671.43,398.48,229.28,387.05,406.75,472.69,882.29,882.29,466.57,5.0,0.029825256175436854,301.836,296.797,296.808,287.504,High CPI,0.029825256175436854,416.07,424.35,-0.019512195121951237,0.029825256175436854,-0.113137740073053,True,0.008803919968328916,287.504,3.25
2023-04-30,414.04,303.363,,1.28344,1.09978,1.1669,182.534,17144.0,101.855,4614.5,15857.5,81.715,3543.4,662.16,395.04,225.84,382.92,404.46,468.04,868.86,868.86,466.67,5.0,0.01774740671550079,303.363,299.17,298.012,289.109,High CPI,0.01774740671550079,414.04,424.35,-0.02429598209025574,0.01774740671550079,-0.12514808321091786,True,0.008921395396566358,289.109,3.25
2023-05-31,405.68,304.127,,1.28344,1.09978,1.1669,182.534,17144.0,101.855,4614.5,15857.5,81.715,3543.4,648.09,392.69,211.56,368.9,400.62,457.0,845.4,845.4,456.77,5.25,-0.009787888403426925,304.127,300.84,297.711,292.296,High CPI,-0.009787888403426925,405.68,424.35,-0.04399670083657359,-0.009787888403426925,-0.1336710185251242,False,0.010674887266425783,292.296,4.0
2023-06-30,393.82,305.109,,1.28344,1.09978,1.1669,182.534,17144.0,101.855,4614.5,15857.5,81.715,3543.4,640.0,387.41,204.93,360.02,390.4,447.38,821.83,821.83,447.62,5.25,-0.04535427726468377,305.109,301.836,296.797,296.311,Low CPI,-0.04535427726468377,393.82,424.35,-0.07194532814893373,-0.04535427726468377,-0.14124011057096553,False,0.01312741437753992,296.311,4.5
2023-07-31,381.41,305.691,,1.28344,1.09978,1.1669,182.534,17144.0,101.855,4614.5,15857.5,81.715,3543.4,638.65,386.03,201.63,357.49,379.62,438.12,803.43,803.43,436.01,5.5,-0.07251416482260531,305.691,303.363,299.17,296.276,Low CPI,-0.07251416482260531,381.41,424.35,-0.10119005537881465,-0.07251416482260531,-0.13186892851964616,False,0.015365831402832642,296.276,4.5
2023-08-31,376.55,307.026,,1.28344,1.09978,1.1669,182.534,17144.0,101.855,4614.5,15857.5,81.715,3543.4,619.61,383.78,200.8,349.72,379.0,434.46,798.86,798.86,437.5,5.5,-0.09615707736252133,307.026,304.127,300.84,296.171,Low CPI,-0.09615707736252133,376.55,424.35,-0.11264286555909042,-0.09615707736252133,-0.14460500963391132,False,0.014191771186555098,296.171,4.75
2023-09-30,376.34,307.789,,1.28344,1.09978,1.1669,182.534,17144.0,101.855,4614.5,15857.5,81.715,3543.4,619.72,386.02,198.27,350.91,375.26,429.94,782.07,782.07,431.22,5.5,-0.113137740073053,307.789,305.109,301.836,296.808,Low CPI,-0.113137740073053,376.34,424.35,-0.113137740073053,-0.113137740073053,-0.14264426658975649,False,0.011765039760703146,296.808,5.0
2023-10-31,369.24,307.671,,1.28344,1.09978,1.1669,182.534,17144.0,101.855,4614.5,15857.5,81.715,3543.4,604.25,378.08,197.49,351.97,372.74,424.01,769.57,769.57,425.41,5.5,-0.12514808321091786,307.671,305.691,303.363,298.012,Low CPI,-0.12514808321091786,369.24,424.35,-0.12986921173559562,-0.12514808321091786,-0.15000966090232826,False,0.011938493377364027,298.012,5.0
2023-11-30,364.3,307.051,,1.28344,1.09978,1.1669,182.534,17144.0,101.855,4614.5,15857.5,81.715,3543.4,590.77,375.42,194.28,347.34,369.31,417.56,755.22,755.22,417.3,5.5,-0.1336710185251242,307.051,307.026,304.127,297.711,Low CPI,-0.1336710185251242,364.3,424.35,-0.141510545540238,-0.1336710185251242,-0.13791658450009858,False,0.011722763434584891,297.711,5.25
2023-12-31,360.37,306.746,,1.28344,1.09978,1.1669,182.534,17144.0,101.855,4614.5,15857.5,81.715,3543.4,582.64,376.83,193.83,348.62,363.09,414.58,751.27,751.27,410.72,5.5,-0.14124011057096553,306.746,307.789,305.109,296.797,Low CPI,-0.14124011057096553,360.37,424.35,-0.15077176858725116,-0.14124011057096553,-0.11581433142044595,False,0.011326794865909146,296.797,5.25
2024-01-31,359.25,308.417,,1.27275,1.05778,1.2038,190.567,19505.0,105.782,6051.5,20993.5,68.11,10302.7,572.0,374.03,185.49,344.56,360.38,405.49,723.48,723.48,407.64,5.5,-0.13186892851964616,308.417,307.671,305.691,299.17,Low CPI,-0.13186892851964616,359.25,424.35,-0.1534110993283846,-0.13186892851964616,-0.0972444351223094,False,0.011634592281179221,299.17,5.5
2024-02-29,355.16,310.326,,1.25113,1.03533,1.20825,196.798,20087.0,108.48,5935.75,21226.5,71.812,12326.8,580.99,374.39,184.53,333.98,355.99,400.27,710.16,710.16,398.28,5.5,-0.14460500963391132,310.326,307.051,307.026,300.84,Low CPI,-0.14460500963391132,355.16,424.35,-0.16304936962413097,-0.14460500963391132,-0.09502058159606963,False,0.010644697246324138,300.84,5.5
2024-03-31,356.72,312.33,,1.26418,1.07131,1.1799,203.314,17630.0,105.849,5814.25,20261.25,81.437,8206.9,568.61,373.64,185.18,333.55,355.95,397.84,706.19,706.19,395.46,5.5,-0.14264426658975649,312.33,306.746,307.789,301.836,Low CPI,-0.14264426658975649,356.72,424.35,-0.15937315894898074,-0.14264426658975649,-0.10955518945634257,False,0.010954592635306537,301.836,5.5
2024-04-30,351.93,313.55,,1.26418,1.07131,1.1799,203.314,17630.0,105.849,5814.25,20261.25,81.437,8206.9,558.96,376.13,183.3,333.89,353.32,395.05,698.3,698.3,395.33,5.5,-0.15000966090232826,313.55,308.417,307.671,303.363,Low CPI,-0.15000966090232826,351.93,424.35,-0.17066101095793573,-0.15000966090232826,-0.09197270068248309,False,0.010675031862901758,303.363,5.5
2024-05-31,349.73,314.07,,1.26418,1.07131,1.1799,203.314,17630.0,105.849,5814.25,20261.25,81.437,8206.9,557.31,370.51,182.17,336.5,351.25,392.78,695.11,695.11,389.88,5.5,-0.13791658450009858,314.07,310.326,307.051,304.127,Low CPI,-0.13791658450009858,349.73,424.35,-0.17584541062801928,-0.13791658450009858,-0.10227834202580288,False,0.010627177042535402,304.127,5.5
2024-06-30,348.21,314.18,,1.26418,1.07131,1.1799,203.314,17630.0,105.849,5814.25,20261.25,81.437,8206.9,541.54,368.97,182.45,333.79,351.02,388.19,678.46,678.46,390.93,5.5,-0.11581433142044595,314.18,312.33,306.746,305.109,Low CPI,-0.11581433142044595,348.21,424.35,-0.17942735949098632,-0.11581433142044595,-0.09085106973388468,False,0.009361834601427931,305.109,5.5
2024-07-31,344.32,314.54,,1.26418,1.07131,1.1799,203.314,17630.0,105.849,5814.25,20261.25,81.437,8206.9,546.42,365.61,179.51,331.52,349.26,385.47,672.98,672.98,391.51,5.5,-0.0972444351223094,314.54,313.55,308.417,305.691,Low CPI,-0.0972444351223094,344.32,424.35,-0.18859432072581606,-0.0972444351223094,-0.09216423103688243,False,0.00657057025682902,305.691,5.5
2024-08-31,340.77,314.8,,1.26418,1.07131,1.1799,203.314,17630.0,105.849,5814.25,20261.25,81.437,8206.9,547.19,365.38,180.44,331.19,342.97,384.9,674.19,674.19,389.71,5.5,-0.09502058159606963,314.8,314.07,310.326,307.026,Low CPI,-0.09502058159606963,340.77,424.35,-0.19696005655708737,-0.09502058159606963,-0.08911476517625871,False,0.006463420337003184,307.026,5.5
2024-09-30,335.11,315.3,,1.26418,1.07131,1.1799,203.314,17630.0,105.849,5814.25,20261.25,81.437,8206.9,543.83,361.9,180.94,317.88,340.26,377.7,662.73,662.73,383.92,5.0,-0.10955518945634257,315.3,314.18,312.33,307.789,Low CPI,-0.10955518945634257,335.11,424.35,-0.2102981029810298,-0.10955518945634257,-0.09977012783135242,False,0.006383518992474115,307.789,5.5
2024-10-31,335.28,315.66,,1.26418,1.07131,1.1799,203.314,17630.0,105.849,5814.25,20261.25,81.437,8206.9,540.11,362.54,179.44,309.89,337.4,374.57,656.53,656.53,382.97,5.0,-0.09197270068248309,315.66,314.54,313.55,307.671,Low CPI,-0.09197270068248309,335.28,424.35,-0.20989749027925075,-0.09197270068248309,-0.10294660870059391,False,0.006277123551138294,307.671,5.5
2024-11-30,327.04,315.49,,1.26418,1.07131,1.1799,203.314,17630.0,105.849,5814.25,20261.25,81.437,8206.9,525.52,354.07,174.63,318.55,330.18,368.36,643.15,643.15,373.27,4.75,-0.10227834202580288,315.49,314.8,314.07,307.051,Low CPI,-0.10227834202580288,327.04,424.35,-0.22931542358901846,-0.10227834202580288,-0.10144968976067259,False,0.007798921936743179,307.051,5.5
2024-12-31,327.63,315.61,,1.26418,1.07131,1.1799,203.314,17630.0,105.849,5814.25,20261.25,81.437,8206.9,514.38,351.08,174.96,316.09,329.23,366.21,637.38,637.38,371.68,4.5,-0.09085106973388468,315.61,315.3,314.18,306.746,Low CPI,-0.09085106973388468,327.63,424.35,-0.22792506185931427,-0.09085106973388468,,True,0.00835262420653153,306.746,5.5
2025-01-31,326.14,317.67,,1.34456,1.13478,1.1855,193.757,22086.0,99.443,5916.0,21376.75,60.675,9848.9,510.45,353.04,174.1,311.97,326.65,362.88,628.01,628.01,368.91,4.5,-0.09216423103688243,317.67,315.66,314.54,308.417,Low CPI,-0.09216423103688243,326.14,424.35,-0.2314363143631437,-0.09216423103688243,,True,0.008288032500442619,308.417,5.5
2025-02-28,323.51,319.08,,1.34302,1.1483,1.1693,195.123,23813.0,98.822,6028.25,21909.75,73.771,9742.7,503.06,348.3,170.07,309.06,327.22,358.8,620.17,620.17,372.09,4.5,-0.08911476517625871,319.08,315.49,314.8,310.326,Low CPI,-0.08911476517625871,323.51,424.35,-0.23763402851419824,-0.08911476517625871,,True,0.008219660777893942,310.326,5.5
2025-03-31,321.13,319.8,,1.29169,1.08154,1.1938,193.677,23162.0,104.183,5653.25,19439.5,71.323,8142.1,501.39,349.57,172.01,305.8,325.19,358.33,619.1,619.1,372.42,4.5,-0.09977012783135242,319.8,315.61,315.3,312.33,Low CPI,-0.09977012783135242,321.13,424.35,-0.24324260633910688,-0.09977012783135242,,True,0.007293745080678994,312.33,5.0
2025-04-30,315.7,320.8,,1.29169,1.08154,1.1938,193.677,23162.0,104.183,5653.25,19439.5,71.323,8142.1,488.47,346.52,172.34,298.35,318.84,353.64,619.1,610.99,367.72,4.5,-0.10294660870059391,320.8,317.67,315.66,313.55,Low CPI,-0.10294660870059391,315.7,424.35,-0.2560386473429952,-0.10294660870059391,,True,0.007563310143881308,313.55,5.0
2025-05-31,314.25,321.47,,1.29169,1.08154,1.1938,193.677,23162.0,104.183,5653.25,19439.5,71.323,8142.1,485.24,345.08,172.12,298.71,316.12,352.25,619.1,608.27,368.06,4.5,-0.10144968976067259,321.47,319.08,315.49,314.07,Low CPI,-0.10144968976067259,314.25,424.35,-0.2594556380346412,-0.10144968976067259,,True,0.007632649639777734,314.07,4.75
