time,open,high,low,close,Daily VWAP,Weekly VWAP,Monthly VWAP,Down Fractal,Up Fractal,Volume,RSI,RSI-based MA,Regular Bullish,Regular Bullish Label,Regular Bearish,Regular Bearish Label
1997-09-01,933.75,972,900.5,954.5,NaN,NaN,NaN,0,0,163159,NaN,NaN,NaN,NaN,NaN,NaN
1997-10-01,955.5,992.25,844,924,NaN,NaN,NaN,0,0,278665,NaN,NaN,NaN,NaN,NaN,NaN
1997-11-03,923.75,971,902.5,955,NaN,NaN,NaN,0,0,191583,NaN,NaN,NaN,NaN,NaN,NaN
1997-12-01,955.5,989.75,941.25,979,NaN,NaN,NaN,0,0,172481,NaN,NaN,NaN,NaN,NaN,NaN
1998-01-01,979.25,999,914.5,987.75,NaN,NaN,NaN,0,0,276322,NaN,NaN,NaN,NaN,NaN,NaN
1998-02-02,988,1055,987.75,1050.5,NaN,NaN,NaN,0,0,216624,NaN,NaN,NaN,NaN,NaN,NaN
1998-03-02,1049.25,1125.25,1032,1110.5,NaN,NaN,NaN,0,0,234967,NaN,NaN,NaN,NaN,NaN,NaN
1998-04-01,1109.75,1142.5,1081.5,1119.25,NaN,NaN,NaN,0,0,293414,NaN,NaN,NaN,NaN,NaN,NaN
1998-05-01,1119.25,1137,1075,1090.75,NaN,NaN,NaN,0,0,297304,NaN,NaN,NaN,NaN,NaN,NaN
1998-06-01,1090,1158,1073.5,1143,NaN,NaN,NaN,0,0,287189,NaN,NaN,NaN,NaN,NaN,NaN
1998-07-01,1143,1199.75,1116.25,1123,NaN,NaN,NaN,1,0,384879,NaN,NaN,NaN,NaN,NaN,NaN
1998-08-03,1122.25,1128.25,952,954,NaN,NaN,NaN,0,0,464603,NaN,NaN,NaN,NaN,NaN,NaN
1998-09-01,951.75,1080.75,935,1026,NaN,NaN,NaN,0,0,353429,NaN,NaN,NaN,NaN,NaN,NaN
1998-10-01,1026.5,1110.25,929.25,1105.25,NaN,NaN,NaN,0,1,512759,NaN,NaN,NaN,NaN,NaN,NaN
1998-11-02,1105,1198,1101.75,1162.5,NaN,NaN,NaN,0,0,441211,64.77272727272727,NaN,64.77272727272727,NaN,NaN,NaN
1998-12-01,1162.75,1256.75,1135.5,1245.5,NaN,NaN,NaN,0,0,372091,68.74151638549543,NaN,NaN,NaN,NaN,NaN
1999-01-01,1243.25,1291,1203.5,1281.25,NaN,NaN,NaN,0,0,571058,70.29392794619,NaN,NaN,NaN,NaN,NaN
1999-02-01,1274.25,1279.25,1217.5,1235.75,NaN,NaN,NaN,0,0,652330,65.81393959905238,NaN,NaN,NaN,NaN,NaN
1999-03-01,1239.25,1338,1228,1294,NaN,NaN,NaN,0,0,474978,68.57516169822834,NaN,NaN,NaN,NaN,NaN
1999-04-01,1292.75,1376.75,1291,1337.75,NaN,NaN,NaN,0,0,142960,70.50227653845931,NaN,NaN,NaN,70.50227653845931,NaN
1999-05-03,1359,1376,1278,1296.75,NaN,NaN,NaN,0,0,224742,66.39316082038386,NaN,NaN,NaN,NaN,NaN
1999-06-01,1298.75,1386.5,1278,1381.5,NaN,NaN,NaN,0,0,508867,70.25268319675854,NaN,NaN,NaN,NaN,NaN
1999-07-01,1381.75,1431.75,1335.75,1339.5,NaN,NaN,NaN,1,0,845421,66.19546469210394,NaN,NaN,NaN,NaN,NaN
1999-08-02,1332.5,1387.75,1271,1319.75,NaN,NaN,NaN,0,0,1069942,64.31451586982196,NaN,NaN,NaN,NaN,NaN
1999-09-01,1320,1368.25,1267.5,1297.75,NaN,NaN,NaN,0,0,955301,62.194491139389825,NaN,NaN,NaN,NaN,NaN
1999-10-01,1297,1383,1241.5,1376.25,NaN,NaN,NaN,0,1,1197006,66.44482538896662,NaN,NaN,NaN,NaN,NaN
1999-11-01,1375,1432.5,1352,1391.75,NaN,NaN,NaN,0,0,1106297,67.22828020452613,NaN,NaN,NaN,NaN,NaN
1999-12-01,1391.5,1499.5,1386.25,1485,NaN,NaN,NaN,1,0,708105,71.53431828294704,67.37552064536077,NaN,NaN,71.53431828294704,NaN
2000-01-03,1489,1496,1357,1400.75,NaN,NaN,NaN,0,0,1305318,63.425653676349675,67.27930110276236,NaN,NaN,NaN,NaN
2000-02-01,1402.75,1454.75,1327.5,1372,NaN,NaN,NaN,0,1,1383712,60.889195231854,66.7184210203594,NaN,NaN,NaN,NaN
2000-03-01,1373.5,1574.25,1348.5,1517.5,NaN,NaN,NaN,1,0,1327947,67.8882130764629,66.54658424395032,NaN,NaN,NaN,NaN
2000-04-03,1514,1544.75,1342.25,1460,NaN,NaN,NaN,0,0,1460303,63.083724042792994,66.35156884707466,NaN,NaN,NaN,NaN
2000-05-01,1459,1492.75,1365.5,1422.25,NaN,NaN,NaN,0,0,1716416,60.077650748212584,65.74460377921638,NaN,NaN,NaN,NaN
2000-06-01,1422,1514.25,1420.25,1468,NaN,NaN,NaN,0,0,1370007,62.41516220558839,65.1669527554399,NaN,NaN,NaN,NaN
2000-07-03,1472.25,1533,1423.5,1439,NaN,NaN,NaN,0,0,1403020,60.01633634471426,64.71146529289207,NaN,NaN,NaN,NaN
2000-08-01,1439.5,1530,1433.25,1521.25,NaN,NaN,NaN,0,0,1438337,64.21691387126663,64.28033891249979,NaN,NaN,NaN,NaN
2000-09-01,1522.75,1557.5,1436.75,1454,NaN,NaN,NaN,1,0,1529787,58.77948875586282,63.75062634562541,NaN,NaN,NaN,NaN
2000-10-02,1453.75,1474,1324,1440.75,NaN,NaN,NaN,0,0,2109159,57.74209256272091,63.28116753797534,NaN,NaN,NaN,NaN
2000-11-01,1441,1455,1296.75,1321,NaN,NaN,NaN,0,0,1909980,49.27740384475332,62.35851844550131,NaN,NaN,NaN,NaN
2000-12-01,1321.5,1409.25,1270.25,1327,NaN,NaN,NaN,0,0,1417874,49.67547305407816,61.16070756443785,NaN,NaN,NaN,NaN
2001-01-01,1331,1394,1287.5,1373.5,NaN,NaN,NaN,0,0,2260093,52.76911188256081,60.1279098271546,NaN,NaN,NaN,NaN
2001-02-01,1373.5,1386,1217,1242,NaN,NaN,NaN,0,0,2313400,44.44770538746016,58.19315176319126,NaN,NaN,NaN,NaN
2001-03-01,1239.25,1270.5,1088,1174,NaN,NaN,NaN,0,1,2795157,40.85949582467928,56.58128334521479,NaN,NaN,NaN,NaN
2001-04-02,1173,1274.75,1098.5,1254.25,NaN,NaN,NaN,0,0,3095130,46.36270629575345,55.543676992636186,NaN,NaN,NaN,NaN
2001-05-01,1253.25,1319.25,1235,1254.5,NaN,NaN,NaN,1,0,2816745,46.37944577910197,54.00733647139612,NaN,NaN,NaN,NaN
2001-06-01,1255.75,1288.5,1206,1237.75,NaN,NaN,NaN,0,0,2553790,45.35806151130764,52.741217719147166,NaN,NaN,NaN,NaN
2001-07-02,1233.5,1248.25,1168.5,1215.25,NaN,NaN,NaN,0,0,2877094,43.95766626731926,51.58979025622621,NaN,NaN,NaN,NaN
2001-08-01,1214,1234.25,1125.5,1138.5,NaN,NaN,NaN,0,0,3477618,39.479980427862074,49.951562986388616,NaN,NaN,NaN,NaN
2001-09-03,1137.5,1158.5,938.5,1043.75,NaN,NaN,NaN,0,1,3567281,34.77104960357154,48.14832821916413,34.77104960357154,NaN,NaN,NaN
2001-10-01,1044.25,1114.5,1028.75,1056.25,NaN,NaN,NaN,0,0,5296046,35.85798432737934,46.12269039460075,NaN,NaN,NaN,NaN
2001-11-01,1057.5,1164.75,1053.25,1135.25,NaN,NaN,NaN,0,0,4183280,42.39156032393208,44.952124078034274,NaN,NaN,NaN,NaN
2001-12-03,1137.25,1175.25,1114.25,1149.25,NaN,NaN,NaN,0,0,2572148,43.49010685570729,43.93412509896187,NaN,NaN,NaN,NaN
2002-01-01,1143.75,1178.5,1080.75,1130.5,NaN,NaN,NaN,1,0,4933104,42.32598788186826,43.43759538732722,NaN,NaN,NaN,NaN
2002-02-01,1128.75,1132.25,1073.75,1107,NaN,NaN,NaN,0,0,5565677,40.85010680968024,42.807212084155935,NaN,NaN,NaN,NaN
2002-03-01,1106.25,1177.5,1106,1144.75,NaN,NaN,NaN,0,0,4775609,44.21517677285606,42.19621671917703,NaN,NaN,44.21517677285606,NaN
2002-04-01,1145.25,1150,1063.5,1076,NaN,NaN,NaN,0,0,7164387,39.77692652174292,41.86258965734009,NaN,NaN,NaN,NaN
2002-05-01,1076.75,1109,1045.75,1064,NaN,NaN,NaN,0,0,7910643,39.04030092797458,41.73264716471832,NaN,NaN,NaN,NaN
2002-06-03,1066.25,1071,945.5,988,NaN,NaN,NaN,0,0,8427132,34.6621734582788,40.89689481918442,NaN,NaN,NaN,NaN
2002-07-01,989,996.25,771,908,NaN,NaN,NaN,0,1,14863924,30.75268956934579,39.78069794705898,NaN,NaN,NaN,NaN
2002-08-01,909.25,966,828.5,912.25,NaN,NaN,NaN,0,0,11387850,31.19666278101252,38.76916946632362,NaN,NaN,NaN,NaN
2002-09-02,913.25,927.5,798.25,815,NaN,NaN,NaN,0,0,10624536,26.9402745205242,37.55364148440969,26.9402745205242,NaN,NaN,NaN
2002-10-01,816.5,909.25,767.25,885.5,NaN,NaN,NaN,0,1,17173996,33.9732222826225,37.160301616892575,NaN,NaN,NaN,NaN
2002-11-01,882,942.5,870.25,936,NaN,NaN,NaN,0,0,11574865,38.537347971149906,37.429322928862454,NaN,NaN,NaN,NaN
2002-12-02,934,955.25,868,879,NaN,NaN,NaN,1,0,8403812,35.5502573231537,37.407342428560625,NaN,NaN,NaN,NaN
2003-01-01,883,937,836,854.75,NaN,NaN,NaN,0,0,14210981,34.33105631108245,36.83159214192851,NaN,NaN,NaN,NaN
2003-02-03,854.75,864,805.25,841,NaN,NaN,NaN,0,0,13362355,33.62685876984055,36.127074421509455,NaN,NaN,NaN,NaN
2003-03-03,844,895.75,788.5,847,NaN,NaN,NaN,0,1,12836866,34.26053402100666,35.550970574305055,NaN,NaN,NaN,NaN
2003-04-01,844.5,923.75,843,916,NaN,NaN,NaN,0,0,13508476,41.21155888040342,35.57678857935671,NaN,NaN,NaN,NaN
2003-05-01,915.5,966,900.5,963.25,NaN,NaN,NaN,0,0,13448659,45.46404584697347,35.66599351322223,NaN,NaN,NaN,NaN
2003-06-02,963.75,1015.75,963.5,973.25,NaN,NaN,NaN,1,0,12900849,46.348581066432004,36.135397409271455,NaN,NaN,NaN,NaN
2003-07-01,972.75,1014.75,960.25,989.25,NaN,NaN,NaN,0,0,14846541,47.80721839349132,36.76160579966551,NaN,NaN,NaN,NaN
2003-08-01,988.75,1012.25,958.25,1007.75,NaN,NaN,NaN,0,1,10478175,49.51626542612773,37.822612368797586,NaN,NaN,NaN,NaN
2003-09-01,1008.25,1039,987.75,994,NaN,NaN,NaN,0,0,13697297,48.25161334336188,39.072535495513016,NaN,NaN,NaN,NaN
2003-10-01,995.5,1055.75,995,1049.5,NaN,NaN,NaN,0,0,14552772,53.42259972843749,40.66010242032909,NaN,NaN,NaN,NaN
2003-11-03,1047.25,1064.5,1030.25,1057.75,NaN,NaN,NaN,0,0,11559778,54.15593961082651,42.60407849820782,NaN,NaN,NaN,NaN
2003-12-01,1059,1111.5,1053,1110.5,NaN,NaN,NaN,0,0,8864999,58.63992860990203,44.36598609301351,NaN,NaN,NaN,NaN
2004-01-01,1111,1155,1103.5,1130,NaN,NaN,NaN,0,0,13947909,60.19006448506161,45.912608701150056,NaN,NaN,NaN,NaN
2004-02-02,1130.25,1158.75,1122,1144.5,NaN,NaN,NaN,0,0,11783760,61.35005760367152,47.7554515783299,NaN,NaN,61.35005760367152,NaN
2004-03-01,1144.25,1163.75,1084.75,1125,NaN,NaN,NaN,1,0,14965695,58.865900691193445,49.507940462623544,NaN,NaN,NaN,NaN
2004-04-01,1126.75,1154.5,1103.75,1106,NaN,NaN,NaN,0,0,14988006,56.46673416582978,51.139360133765635,NaN,NaN,NaN,NaN
2004-05-03,1105.25,1127.5,1075.25,1121.5,NaN,NaN,NaN,0,1,16574061,57.97161490368596,52.83300876824273,NaN,NaN,NaN,NaN
2004-06-01,1121.25,1146.25,1112.5,1140.5,NaN,NaN,NaN,0,0,12118324,59.80583089727571,54.16117105516218,NaN,NaN,NaN,NaN
2004-07-01,1140.75,1143.75,1077,1101,NaN,NaN,NaN,0,0,15182073,54.48239374036213,54.80533876183279,54.48239374036213,NaN,NaN,NaN
2004-08-02,1098,1109.75,1060,1104,NaN,NaN,NaN,0,1,12880684,54.81138659143636,55.409824870761675,NaN,NaN,NaN,NaN
2004-09-01,1105,1132.5,1098,1115,NaN,NaN,NaN,0,0,11192286,56.06530920403285,55.999688500086066,NaN,NaN,NaN,NaN
2004-10-01,1115,1143.75,1088,1130.25,NaN,NaN,NaN,0,0,14615246,57.8130680278811,56.59231725735417,NaN,NaN,NaN,NaN
2004-11-01,1127.5,1191.25,1126.25,1174,NaN,NaN,NaN,0,0,14263503,62.43051643371482,57.60509604952223,NaN,NaN,NaN,NaN
2004-12-01,1177.25,1219.75,1173.5,1213.75,NaN,NaN,NaN,0,0,10474292,66.06479599858454,58.50811006881845,NaN,NaN,66.06479599858454,NaN
2005-01-03,1213.5,1221.25,1164.25,1181.75,NaN,NaN,NaN,0,0,15440389,60.95297602660417,58.99361266994543,NaN,NaN,NaN,NaN
2005-02-01,1181.25,1214.75,1179.5,1204,NaN,NaN,NaN,0,0,12496443,63.091418291414605,59.3115762186249,NaN,NaN,NaN,NaN
2005-03-01,1204.5,1229.75,1166.75,1184,NaN,NaN,NaN,1,0,15632255,59.91505466664989,59.29193266016692,NaN,NaN,NaN,NaN
2005-04-01,1183.25,1195.75,1135.75,1158.5,NaN,NaN,NaN,0,1,20167137,56.041042358858974,58.91271728553745,56.041042358858974,NaN,NaN,NaN
2005-05-02,1157.75,1202,1146.75,1192.25,NaN,NaN,NaN,0,0,16534049,59.750448305339084,58.975899257976415,NaN,NaN,NaN,NaN
2005-06-01,1192.5,1225.25,1191.25,1195.5,NaN,NaN,NaN,0,0,14545856,60.099611429144325,59.235390491070305,NaN,NaN,NaN,NaN
2005-07-01,1195.75,1248.75,1170.75,1236.75,NaN,NaN,NaN,1,0,14395899,64.329263765159,59.68950826688981,NaN,NaN,64.329263765159,64.329263765159
2005-08-01,1239.25,1248.5,1194,1221.5,NaN,NaN,NaN,0,0,17655409,61.724227442352976,59.826536591538186,NaN,NaN,NaN,NaN
2005-09-01,1222.25,1246.75,1210.75,1234.25,NaN,NaN,NaN,0,0,16134729,63.07071135418109,60.43998784966812,NaN,NaN,NaN,NaN
2005-10-03,1235.25,1239,1171.75,1209.75,NaN,NaN,NaN,0,1,22917066,58.79086997591551,60.7242366628452,58.79086997591551,NaN,NaN,NaN
2005-11-01,1205.25,1273,1202.5,1251,NaN,NaN,NaN,0,0,16790003,63.3056972105673,61.24140723474052,NaN,NaN,NaN,NaN
2005-12-01,1253,1285,1251.25,1254.75,NaN,NaN,NaN,0,0,13214884,63.69510521176257,61.661552747874914,NaN,NaN,NaN,NaN
2006-01-02,1255.25,1301,1251.5,1283.5,NaN,NaN,NaN,0,0,19469929,66.61983639824774,61.96078988819869,NaN,NaN,NaN,NaN
2006-02-01,1278.25,1299.75,1255.75,1282.5,NaN,NaN,NaN,0,0,16798943,66.41940645746149,61.98611920668991,NaN,NaN,NaN,NaN
2006-03-01,1281.75,1321.5,1268.75,1307.5,NaN,NaN,NaN,0,0,17762449,68.93561422807525,62.556307649652126,NaN,NaN,NaN,NaN
2006-04-03,1307,1324.75,1286.5,1316,NaN,NaN,NaN,0,0,18166516,69.76513964709682,63.03300203220085,NaN,NaN,69.76513964709682,NaN
2006-05-01,1318.5,1331.25,1246.75,1272,NaN,NaN,NaN,1,0,26629557,60.7254031975517,63.090884070122414,60.7254031975517,NaN,NaN,NaN
2006-06-01,1273,1294,1229,1279.5,NaN,NaN,NaN,0,1,24768293,61.637862224663685,63.490656917679885,NaN,NaN,NaN,NaN
2006-07-03,1281.75,1290,1231,1281.75,NaN,NaN,NaN,0,0,22423370,61.92366256516495,63.645886507667456,NaN,NaN,NaN,NaN
2006-08-01,1282.25,1308.75,1262.5,1305.5,NaN,NaN,NaN,0,0,18987400,64.89653142310947,63.98852365009354,NaN,NaN,NaN,NaN
2006-09-01,1305,1350.5,1291.5,1345.5,NaN,NaN,NaN,0,0,18542958,69.25097787641363,64.3400746580403,NaN,NaN,NaN,NaN
2006-10-02,1345.75,1398,1336,1383.25,NaN,NaN,NaN,0,0,22354950,72.69359763128794,65.12360110010708,NaN,NaN,NaN,NaN
2006-11-01,1382.75,1411.25,1365.5,1403,NaN,NaN,NaN,0,0,24211877,74.3138813192524,65.92668466904075,NaN,NaN,NaN,NaN
2006-12-01,1403,1445,1387.5,1428.5,NaN,NaN,NaN,0,0,15119662,76.27161044459615,67.17530898823223,NaN,NaN,NaN,NaN
2007-01-01,1433,1447.25,1412.25,1443,NaN,NaN,NaN,0,0,21571871,77.32970340332096,68.17702371628606,NaN,NaN,NaN,NaN
2007-02-01,1443,1464.75,1389,1409,NaN,NaN,NaN,0,0,23086920,69.50339143670328,68.59190130378182,NaN,NaN,NaN,NaN
2007-03-01,1407.75,1451,1368.75,1431.25,NaN,NaN,NaN,0,1,32193788,71.5337679365457,68.94289641366025,NaN,NaN,NaN,NaN
2007-04-02,1431.75,1505,1425.75,1488.5,NaN,NaN,NaN,0,0,20381625,75.9673681160971,69.62489367499138,NaN,NaN,NaN,NaN
2007-05-01,1488,1538,1482.25,1533,NaN,NaN,NaN,0,0,26169670,78.73924776707408,70.32515321349129,NaN,NaN,78.73924776707408,NaN
2007-06-01,1534,1554.25,1480.5,1515.5,NaN,NaN,NaN,0,0,32172251,75.07221342003938,70.70422991155861,NaN,NaN,NaN,NaN
2007-07-02,1515.25,1566.25,1455,1462,NaN,NaN,NaN,1,0,35254806,65.09176248235586,71.01611271761605,NaN,NaN,NaN,NaN
2007-08-01,1462.5,1510.5,1374.5,1476.75,NaN,NaN,NaN,0,1,55251608,66.41735124009432,71.3575047901468,NaN,NaN,NaN,NaN
2007-09-03,1476,1552,1440.75,1538,NaN,NaN,NaN,0,0,31439871,71.29237666809155,72.02669865464156,NaN,NaN,NaN,NaN
2007-10-01,1540.5,1586.75,1492.5,1555,NaN,NaN,NaN,1,0,38616123,72.48619990363615,72.56881783182205,NaN,NaN,NaN,NaN
2007-11-01,1554,1555,1406.25,1483.75,NaN,NaN,NaN,0,0,46556139,61.03075054831132,71.9816587369576,NaN,NaN,NaN,NaN
2007-12-03,1484,1527,1444.75,1477.25,NaN,NaN,NaN,0,0,26676346,60.097652085998384,71.08194834086548,NaN,NaN,NaN,NaN
2008-01-01,1478.75,1482.75,1255.5,1379.5,NaN,NaN,NaN,0,0,55136279,48.17025229215257,69.2145462675012,NaN,NaN,NaN,NaN
2008-02-01,1374,1400,1312.75,1331.25,NaN,NaN,NaN,0,0,40186590,43.57326206445944,66.87894995463431,NaN,NaN,NaN,NaN
2008-03-03,1329.5,1361.5,1253,1324,NaN,NaN,NaN,0,1,46292613,42.91061125490352,64.42044337260448,NaN,NaN,NaN,NaN
2008-04-01,1322,1407,1315.75,1386,NaN,NaN,NaN,0,0,38383487,49.92406719543422,63.02192021251384,NaN,NaN,NaN,NaN
2008-05-01,1383,1441,1370.5,1400.5,NaN,NaN,NaN,1,0,37804385,51.42697663603008,61.585720833905576,NaN,NaN,NaN,NaN
2008-06-02,1400.75,1411,1272.75,1281,NaN,NaN,NaN,0,0,42157721,40.60969614834427,59.06017283620894,NaN,NaN,NaN,NaN
2008-07-01,1283.5,1294.75,1200.75,1267,NaN,NaN,NaN,0,0,55138169,39.559847907637206,56.2616442748206,NaN,NaN,NaN,NaN
2008-08-01,1267,1313.5,1246.25,1282.5,NaN,NaN,NaN,0,0,36238314,41.36713136501169,53.854138413747194,NaN,NaN,NaN,NaN
2008-09-01,1282,1303.5,1112,1169,NaN,NaN,NaN,0,0,64261227,33.473884513532326,51.59571855883122,NaN,NaN,NaN,NaN
2008-10-01,1167.5,1174,825,967.25,NaN,NaN,NaN,0,0,84130426,24.518314155332604,48.60293019563397,NaN,NaN,NaN,NaN
2008-11-03,965.75,1008.5,739,895.25,NaN,NaN,NaN,0,1,56284976,22.232317888999162,45.09864028284165,NaN,NaN,NaN,NaN
2008-12-01,897.5,919.25,813,900,NaN,NaN,NaN,0,0,40700433,22.74407338300972,41.54563124565404,NaN,NaN,NaN,NaN
2009-01-01,900,942.75,797.5,822.5,NaN,NaN,NaN,0,0,45637436,20.386823133588194,38.64249357317383,NaN,NaN,NaN,NaN
2009-02-02,823.75,873,729.5,734.25,NaN,NaN,NaN,0,0,49299067,18.087905470658,35.6417973863638,18.087905470658,NaN,NaN,NaN
2009-03-02,731.25,830.5,665.75,794.75,NaN,NaN,NaN,0,1,58597035,24.38321936030536,33.94272360551757,NaN,NaN,NaN,NaN
2009-04-01,790.5,887,779,870,NaN,NaN,NaN,0,0,49217492,31.441021944479402,33.076135025519,NaN,NaN,NaN,NaN
2009-05-01,866,929.5,862.5,918,NaN,NaN,NaN,0,0,45893411,35.57193297300819,32.55194371966933,NaN,NaN,NaN,NaN
2009-06-01,920.25,957.5,884.25,915.5,NaN,NaN,NaN,0,0,40802151,35.452119085384766,31.51823314038009,NaN,NaN,NaN,NaN
2009-07-01,915.5,994,865.25,984.5,NaN,NaN,NaN,0,0,42231612,41.32617235814875,30.796747120531425,NaN,NaN,NaN,NaN
2009-08-03,982.75,1038.75,975.5,1019.75,NaN,NaN,NaN,0,0,38330014,44.12372367753196,31.047749086901973,NaN,NaN,NaN,NaN
2009-09-01,1021,1075.75,991,1053,NaN,NaN,NaN,0,0,39582887,46.705015997499146,31.558118236177823,NaN,NaN,NaN,NaN
2009-10-01,1053.5,1099,1012,1033,NaN,NaN,NaN,0,0,46280383,45.347982000698174,31.842464710155433,NaN,NaN,NaN,NaN
2009-11-02,1031.25,1112.25,1026,1094.75,NaN,NaN,NaN,0,0,36851632,50.1627253026226,33.03452476651903,NaN,NaN,NaN,NaN
2009-12-01,1092.75,1128.5,1085,1110.75,NaN,NaN,NaN,0,0,30015936,51.35847914329764,34.95167940851653,NaN,NaN,NaN,NaN
2010-01-04,1113.75,1148,1066.5,1070.5,NaN,NaN,NaN,0,0,40732366,48.223892036656686,36.808220419063495,NaN,NaN,NaN,NaN
2010-02-01,1070,1112.75,1040.75,1103.5,NaN,NaN,NaN,0,1,42889035,50.87138866298742,38.81731436763333,NaN,NaN,NaN,NaN
2010-03-01,1105.5,1176.5,1104.25,1165.25,NaN,NaN,NaN,0,0,39647181,55.46079183350653,41.322597846198924,NaN,NaN,NaN,NaN
2010-04-01,1167,1216.75,1165.75,1183.5,NaN,NaN,NaN,1,0,43519691,56.746819640417144,44.083948858324575,NaN,NaN,56.746819640417144,NaN
2010-05-03,1184.5,1202,1036.75,1088.5,NaN,NaN,NaN,0,0,64166740,48.84114206871243,45.830943337496514,NaN,NaN,NaN,NaN
2010-06-01,1088.5,1129.5,1023,1026.5,NaN,NaN,NaN,0,0,51979284,44.485348073047966,46.76268091810855,44.485348073047966,NaN,NaN,NaN
2010-07-01,1024.5,1118.75,1002.75,1098.25,NaN,NaN,NaN,0,1,44395608,50.03841178312305,47.79600083311675,NaN,NaN,NaN,NaN
2010-08-02,1104.5,1127.75,1037,1048.25,NaN,NaN,NaN,0,0,42059170,46.54439335278244,48.58830613793087,NaN,NaN,NaN,NaN
2010-09-01,1051.75,1153.5,1050.75,1136.75,NaN,NaN,NaN,0,0,39529068,52.823595479451086,49.40955064659532,NaN,NaN,NaN,NaN
2010-10-01,1135.75,1193,1127,1179.75,NaN,NaN,NaN,0,0,41896636,55.55534341597945,50.226094913627286,NaN,NaN,NaN,NaN
2010-11-01,1180.5,1224.75,1171,1179.5,NaN,NaN,NaN,0,0,45560838,55.535208935343206,50.856822980616144,NaN,NaN,NaN,NaN
2010-12-01,1177.75,1258.5,1176.25,1253,NaN,NaN,NaN,0,0,28816958,60.112262660380885,51.911414456307774,NaN,NaN,NaN,NaN
2011-01-03,1256,1299.5,1255.25,1282.5,NaN,NaN,NaN,0,0,38657978,61.81137890389603,52.74346114211301,NaN,NaN,NaN,NaN
2011-02-01,1282.5,1343,1281.25,1326,NaN,NaN,NaN,0,0,36247307,64.23097417471398,53.66292507292847,NaN,NaN,NaN,NaN
2011-03-01,1326.5,1336.5,1241.25,1321,NaN,NaN,NaN,0,1,50676871,63.73114009010833,54.770585648175015,NaN,NaN,NaN,NaN
2011-04-01,1321.25,1363.75,1290.25,1359.75,NaN,NaN,NaN,0,0,32669233,65.94307899405527,55.847134957537,NaN,NaN,65.94307899405527,NaN
2011-05-02,1363.25,1373.5,1302.25,1344,NaN,NaN,NaN,1,0,43048805,64.22848831547688,56.47339899196346,NaN,NaN,NaN,NaN
2011-06-01,1344.75,1347.75,1252.25,1315.5,NaN,NaN,NaN,0,0,50511341,61.1310539950652,56.78655858872403,NaN,NaN,NaN,NaN
2011-07-01,1314.75,1354.5,1278.5,1288.5,NaN,NaN,NaN,0,0,43046444,58.26436228533499,57.45964574705421,NaN,NaN,NaN,NaN
2011-08-01,1306,1309.75,1077,1217.75,NaN,NaN,NaN,0,0,82470593,51.455171535929345,57.95749028011717,NaN,NaN,NaN,NaN
2011-09-01,1218,1228.5,1102,1126,NaN,NaN,NaN,0,0,60564376,44.235352565307586,57.542986050273214,44.235352565307586,NaN,NaN,NaN
2011-10-03,1123,1289.25,1068,1249.25,NaN,NaN,NaN,0,1,54997421,53.64474876143411,58.05015429374833,NaN,NaN,NaN,NaN
2011-11-01,1247.5,1275.25,1147.5,1246,NaN,NaN,NaN,0,0,51414090,53.38892839594295,58.090535216354894,NaN,NaN,NaN,NaN
2011-12-01,1243.75,1272,1195.5,1252.5,NaN,NaN,NaN,0,0,37101200,53.86281417849852,57.96964027082054,NaN,NaN,NaN,NaN
2012-01-03,1274.75,1329.75,1259.75,1308.25,NaN,NaN,NaN,0,0,34651018,57.82350778297226,58.133090188508326,NaN,NaN,NaN,NaN
2012-02-01,1307.75,1377.25,1303.75,1364.5,NaN,NaN,NaN,0,0,32424250,61.42201232139796,58.22664373572383,NaN,NaN,NaN,NaN
2012-03-01,1362.25,1419.75,1338.5,1403.25,NaN,NaN,NaN,1,0,37082491,63.71853270078417,58.362869006930126,NaN,NaN,63.71853270078417,63.71853270078417
2012-04-02,1407.25,1417.75,1352.5,1393.5,NaN,NaN,NaN,0,0,35918600,62.70703570521316,58.254016259108646,NaN,NaN,NaN,NaN
2012-05-01,1394.25,1411.75,1287.25,1309.25,NaN,NaN,NaN,0,0,47313261,54.63602532884149,57.604365204732446,NaN,NaN,NaN,NaN
2012-06-01,1306.25,1359.5,1262,1356.5,NaN,NaN,NaN,0,1,46508381,57.908124782487654,57.030439903906185,NaN,NaN,NaN,NaN
2012-07-02,1358.75,1387.5,1319.75,1374.5,NaN,NaN,NaN,0,0,38571968,59.11789806346454,56.66539774304816,NaN,NaN,NaN,NaN
2012-08-01,1372,1424.75,1349.25,1405,NaN,NaN,NaN,0,0,33291460,61.15517871015127,56.66712093698288,NaN,NaN,NaN,NaN
2012-09-04,1406.25,1474.75,1394.5,1434.25,NaN,NaN,NaN,1,0,30999836,63.056545317287146,57.00941972497946,NaN,NaN,NaN,NaN
2012-10-01,1432.75,1466,1393,1406.75,NaN,NaN,NaN,0,0,36878465,60.07907475064838,57.6254128117451,NaN,NaN,NaN,NaN
2012-11-01,1402,1431.75,1340.25,1414.5,NaN,NaN,NaN,0,1,39414590,60.64309146364122,58.79739416162608,NaN,NaN,NaN,NaN
2012-12-03,1413.25,1446,1382.25,1420,NaN,NaN,NaN,0,0,30244310,61.0635214811148,59.327306498746125,NaN,NaN,NaN,NaN
2013-01-02,1443,1506,1438.25,1493.25,NaN,NaN,NaN,0,0,30693755,66.23659447214541,60.24499693276059,NaN,NaN,NaN,NaN
2013-02-01,1496,1530,1481.75,1513.25,NaN,NaN,NaN,0,0,35767412,67.5060049975609,61.21951056269361,NaN,NaN,NaN,NaN
2013-03-01,1512.5,1564.5,1499.5,1562.75,NaN,NaN,NaN,0,0,36591578,70.46567187463725,62.12252228352683,NaN,NaN,NaN,NaN
2013-04-01,1563,1594.25,1530.75,1592.25,NaN,NaN,NaN,0,0,41050153,72.09682540276147,62.88500893219565,NaN,NaN,NaN,NaN
2013-05-01,1593.75,1685.75,1576,1629,NaN,NaN,NaN,0,0,41505859,74.02168366643964,63.62094828688532,NaN,NaN,NaN,NaN
2013-06-03,1629.5,1649,1553.25,1599.25,NaN,NaN,NaN,0,0,44942685,69.82259144518844,64.12920226831214,NaN,NaN,NaN,NaN
2013-07-01,1600.25,1695.5,1593.25,1680.5,NaN,NaN,NaN,0,0,29247477,74.1376400202659,65.52217474627102,NaN,NaN,NaN,NaN
2013-08-01,1685.5,1705,1624.75,1631.25,NaN,NaN,NaN,0,0,34763690,67.8083569937084,66.22933418992965,67.8083569937084,NaN,NaN,NaN
2013-09-03,1640.25,1726.75,1630.75,1674.25,NaN,NaN,NaN,0,0,33364421,70.20042097760289,67.02094296951095,NaN,NaN,NaN,NaN
2013-10-01,1678.5,1773.25,1640,1751,NaN,NaN,NaN,0,0,38932977,73.92478527428239,67.93305772409175,NaN,NaN,NaN,NaN
2013-11-01,1755.5,1812.5,1736.5,1804,NaN,NaN,NaN,0,0,28541251,76.14223578877805,68.86774990062682,NaN,NaN,NaN,NaN
2013-12-02,1806.25,1846.5,1760.25,1841,NaN,NaN,NaN,0,0,27185023,77.57591290309226,70.11752405437281,NaN,NaN,77.57591290309226,NaN
2014-01-02,1837.75,1845.75,1761.25,1776.5,NaN,NaN,NaN,0,0,33658961,69.7114608619896,70.76526472568341,NaN,NaN,NaN,NaN
2014-02-03,1777.5,1866.5,1732,1857.5,NaN,NaN,NaN,0,1,33092989,73.36345042584662,71.64383107887853,NaN,NaN,NaN,NaN
2014-03-03,1846,1887.5,1830.5,1864.5,NaN,NaN,NaN,0,0,35297119,73.65903420639356,72.17400534561055,NaN,NaN,NaN,NaN
2014-04-01,1864.5,1892.5,1803.25,1878,NaN,NaN,NaN,0,0,34391487,74.2524498049429,72.65589426042355,NaN,NaN,NaN,NaN
2014-05-01,1879.5,1922.25,1854.5,1921.5,NaN,NaN,NaN,0,0,27540047,76.11932000976192,73.05972627007532,NaN,NaN,NaN,NaN
2014-06-02,1921.25,1960,1913.75,1952.5,NaN,NaN,NaN,0,0,26759052,77.37814002908503,73.43696302909844,NaN,NaN,77.37814002908503,77.37814002908503
2014-07-01,1954.5,1985.75,1923.5,1924.75,NaN,NaN,NaN,0,0,33198665,73.63622070573692,73.40942996047681,NaN,NaN,NaN,NaN
2014-08-01,1926,2003.75,1890.25,2001.5,NaN,NaN,NaN,0,0,27905668,76.95549803888899,73.91892328859828,NaN,NaN,NaN,NaN
2014-09-02,1999,2014.5,1955.5,1965.5,NaN,NaN,NaN,0,0,33928065,72.3539205319714,73.7915147537201,NaN,NaN,NaN,NaN
2014-10-01,1961,2016.75,1813,2011.5,NaN,NaN,NaN,0,1,54344781,74.45576243997048,74.2663294284531,NaN,NaN,NaN,NaN
2014-11-03,2011.25,2075.25,1995.25,2066.25,NaN,NaN,NaN,0,0,22055532,76.72398706029782,74.73229843435989,NaN,NaN,NaN,NaN
2014-12-01,2063.25,2088.75,1961.5,2052.5,NaN,NaN,NaN,0,0,31254254,74.9246153195516,74.80371486616482,NaN,NaN,NaN,NaN
2015-01-02,2055,2067.25,1970.25,1988.5,NaN,NaN,NaN,0,0,38296190,67.04316406702506,74.15378117175389,NaN,NaN,NaN,NaN
2015-02-02,1990.5,2117.75,1973.75,2102.75,NaN,NaN,NaN,0,0,25549612,72.58688094333202,73.79742174605674,NaN,NaN,NaN,NaN
2015-03-02,2104,2115.5,2033.25,2060.75,NaN,NaN,NaN,0,0,31993066,68.05485477467077,73.67909273981968,NaN,NaN,NaN,NaN
2015-04-01,2058,2119.75,2033.5,2079,NaN,NaN,NaN,0,0,26732419,68.96169450442902,73.36468160257557,NaN,NaN,NaN,NaN
2015-05-01,2082.75,2134,2057,2106,NaN,NaN,NaN,1,0,24432459,70.30476265850827,73.12509077772661,NaN,NaN,NaN,NaN
2015-06-01,2107,2122,2046.75,2054.5,NaN,NaN,NaN,0,0,32065157,64.56583235425327,72.43318953124877,NaN,NaN,NaN,NaN
2015-07-01,2054.5,2126.25,2034.25,2098.5,NaN,NaN,NaN,0,0,32922756,67.04124249642433,71.78475542315324,NaN,NaN,NaN,NaN
2015-08-03,2098.75,2107,1831,1969.25,NaN,NaN,NaN,0,1,46040057,54.906941998876405,70.17966984956692,NaN,NaN,NaN,NaN
2015-09-01,1965.5,2011.75,1861,1908.75,NaN,NaN,NaN,0,0,38053968,50.31613077651852,68.51394914033702,NaN,NaN,NaN,NaN
2015-10-01,1902.5,2094.75,1883,2073.75,NaN,NaN,NaN,0,0,36135672,60.11154210327919,67.31080943065062,NaN,NaN,NaN,NaN
2015-11-02,2073,2110.25,1998.5,2079.75,NaN,NaN,NaN,1,0,28530777,60.4171512190248,66.45818305115442,NaN,NaN,NaN,NaN
2015-12-01,2085.5,2105,1991,2035.5,NaN,NaN,NaN,0,0,34646574,56.95160471283394,65.20788607064468,NaN,NaN,NaN,NaN
2016-01-01,2037.75,2043.5,1804.25,1930,NaN,NaN,NaN,0,0,47869821,49.64066875993361,63.27336333490438,NaN,NaN,NaN,NaN
2016-02-01,1929.75,1968.75,1802.5,1929.5,NaN,NaN,NaN,0,1,42332872,49.60816583746228,61.46504551475514,49.60816583746228,NaN,NaN,NaN
2016-03-01,1928,2064.5,1920.75,2051.5,NaN,NaN,NaN,0,0,37352675,57.00545586454243,60.74806635743494,NaN,NaN,NaN,NaN
2016-04-01,2052.75,2105.25,2026,2059,NaN,NaN,NaN,0,0,34568248,57.41927601834555,59.6646660056502,NaN,NaN,NaN,NaN
2016-05-02,2060.75,2103.75,2022,2095,NaN,NaN,NaN,0,0,32874411,59.43740952436887,59.04913420205721,NaN,NaN,NaN,NaN
2016-06-01,2094,2119.75,1981.5,2090.25,NaN,NaN,NaN,0,1,40731723,59.03979932483614,58.340427403514866,NaN,NaN,NaN,NaN
2016-07-01,2086.5,2172.5,2065.75,2168.25,NaN,NaN,NaN,0,0,31099590,63.372784680217265,57.84528611935122,NaN,NaN,NaN,NaN
2016-08-01,2174,2191.5,2141.5,2169.5,NaN,NaN,NaN,1,0,33243500,63.43953248388294,57.76483612861049,NaN,NaN,NaN,NaN
2016-09-01,2169,2189.25,2107,2160.5,NaN,NaN,NaN,0,0,40001117,62.555605302692925,57.44443347191538,NaN,NaN,NaN,NaN
2016-10-03,2158.75,2164,2107.75,2120,NaN,NaN,NaN,0,0,32478690,58.598819171144534,57.70813898422025,58.598819171144534,NaN,NaN,NaN
2016-11-01,2123.5,2213.75,2028.5,2198.75,NaN,NaN,NaN,0,1,38064277,63.44109720250191,58.64563658607621,NaN,NaN,NaN,NaN
2016-12-01,2199.5,2273,2179,2236.25,NaN,NaN,NaN,0,0,28861175,65.50979997062663,59.03122643374388,NaN,NaN,NaN,NaN
2017-01-03,2240.75,2299.5,2239.5,2274.5,NaN,NaN,NaN,0,0,28601349,67.528151506424,59.53915502570097,NaN,NaN,NaN,NaN
2017-02-01,2277,2370.75,2264.5,2362.75,NaN,NaN,NaN,0,0,26677116,71.65024936296642,60.58905821499615,NaN,NaN,NaN,NaN
2017-03-01,2364.5,2401,2317.75,2359.25,NaN,NaN,NaN,0,0,36367852,71.26386577013768,62.133572287153584,NaN,NaN,NaN,NaN
2017-04-03,2357.5,2394.75,2322.75,2380.5,NaN,NaN,NaN,0,0,27331387,72.24257942921608,63.750316115135995,NaN,NaN,NaN,NaN
2017-05-01,2381.5,2417.75,2344.5,2411,NaN,NaN,NaN,0,0,27952492,73.63077380259031,64.93783882499656,NaN,NaN,NaN,NaN
2017-06-01,2413.75,2451.5,2402.25,2421,NaN,NaN,NaN,0,0,32712824,74.08833722637928,66.12848605414183,NaN,NaN,NaN,NaN
2017-07-03,2422,2480.5,2405.25,2468,NaN,NaN,NaN,0,0,22165262,76.1803832133453,67.32441274621156,NaN,NaN,NaN,NaN
2017-08-01,2468,2488.5,2415.75,2470,NaN,NaN,NaN,0,0,32322555,76.26818910230946,68.5550120160311,NaN,NaN,NaN,NaN
2017-09-01,2470.25,2517.75,2445.5,2516,NaN,NaN,NaN,0,0,26935923,78.25376071760812,69.61793887584473,NaN,NaN,NaN,NaN
2017-10-02,2518,2580.75,2517,2572.75,NaN,NaN,NaN,0,0,24344949,80.42924060225774,70.83148945572864,NaN,NaN,NaN,NaN
2017-11-01,2572.75,2658.5,2555.5,2648,NaN,NaN,NaN,0,0,27098922,82.87555729168076,72.2829145977992,NaN,NaN,NaN,NaN
2017-12-01,2640.75,2698.25,2605,2676,NaN,NaN,NaN,0,0,23734777,83.6923871480384,74.07531231043448,NaN,NaN,NaN,NaN
2018-01-02,2675.25,2878.5,2674.5,2825.75,NaN,NaN,NaN,1,0,28822046,87.20702251710054,75.77287840433439,NaN,NaN,87.20702251710054,NaN
2018-02-01,2828.75,2837.25,2529,2714.5,NaN,NaN,NaN,0,1,41226219,74.38155996690475,76.40657554692568,NaN,NaN,NaN,NaN
2018-03-01,2718.25,2807.25,2586,2643,NaN,NaN,NaN,0,0,40593343,67.50964024622476,76.40525331405432,67.50964024622476,NaN,NaN,NaN
2018-04-02,2635,2718.5,2552,2647,NaN,NaN,NaN,0,0,35484201,67.68948398471144,76.12234150132181,NaN,NaN,NaN,NaN
2018-05-01,2646.25,2741.75,2591.25,2705.5,NaN,NaN,NaN,0,0,28616867,70.28046027546478,76.05209825170232,NaN,NaN,NaN,NaN
2018-06-01,2707.5,2796,2693.25,2721.5,NaN,NaN,NaN,0,0,29859569,70.96621992542589,75.9609297157173,NaN,NaN,NaN,NaN
2018-07-02,2721,2849.5,2698.5,2817,NaN,NaN,NaN,0,0,23213319,74.71628502331822,76.03846623148358,NaN,NaN,NaN,NaN
2018-08-01,2824.25,2917.5,2791,2902,NaN,NaN,NaN,0,0,24956624,77.50167294047488,76.28227592534756,NaN,NaN,NaN,NaN
2018-09-04,2906.5,2947,2865,2919,NaN,NaN,NaN,1,0,26987416,78.02313793842795,76.41390126285349,NaN,NaN,78.02313793842795,78.02313793842795
2018-10-01,2922.5,2944.75,2603,2711,NaN,NaN,NaN,0,0,52846322,59.76936397702741,75.23541375390475,NaN,NaN,NaN,NaN
2018-11-01,2706,2818,2626,2758.25,NaN,NaN,NaN,0,0,36845471,61.94726573307446,74.07066411215236,NaN,NaN,NaN,NaN
2018-12-03,2793.5,2814,2316.75,2505.25,NaN,NaN,NaN,0,1,44036780,47.20995179187867,71.69785776855385,47.20995179187867,NaN,NaN,NaN
2019-01-02,2508,2713,2438.5,2704.5,NaN,NaN,NaN,0,0,33826534,56.07312087554984,69.7833980245445,NaN,NaN,NaN,NaN
2019-02-01,2707.75,2814,2680.75,2784.75,NaN,NaN,NaN,0,0,25299429,59.05486695486632,68.02357515360363,NaN,NaN,NaN,NaN
2019-03-01,2785.25,2866,2722,2837.75,NaN,NaN,NaN,0,0,32227665,60.9406048705027,66.14740246456093,NaN,NaN,NaN,NaN
2019-04-01,2844.5,2956.5,2844.5,2948.5,NaN,NaN,NaN,0,0,23836985,64.60860449722071,65.44933421672629,NaN,NaN,64.60860449722071,64.60860449722071
2019-05-01,2955,2961.25,2750,2752.5,NaN,NaN,NaN,0,0,41665564,54.800495673939636,64.54153817584879,NaN,NaN,NaN,NaN
2019-06-03,2741,2969.25,2728.75,2944.25,NaN,NaN,NaN,0,1,30294818,61.032916893235026,64.06606909788619,NaN,NaN,NaN,NaN
2019-07-01,2970,3029.5,2955.5,2982.25,NaN,NaN,NaN,1,0,25381435,62.146847375803354,63.48509674791037,NaN,NaN,NaN,NaN
2019-08-01,2970.25,3014.25,2775.75,2924.75,NaN,NaN,NaN,0,0,44449340,59.38070535415071,62.65755999281929,NaN,NaN,NaN,NaN
2019-09-03,2901,3024.5,2889,2978.5,NaN,NaN,NaN,0,0,29226669,61.12269984334421,61.68658962282114,NaN,NaN,NaN,NaN
2019-10-01,2984,3055,2855,3035.75,NaN,NaN,NaN,0,0,30899340,62.945492019940104,60.64686241421151,NaN,NaN,NaN,NaN
2019-11-01,3036,3155,3033,3143.75,NaN,NaN,NaN,0,0,22847900,66.16805200916014,59.80007056212096,NaN,NaN,NaN,NaN
2019-12-02,3146.25,3254,3069.5,3231,NaN,NaN,NaN,0,0,27552577,68.54783251613472,60.42710402920005,NaN,NaN,68.54783251613472,NaN
2020-01-01,3237,3337.5,3181,3224,NaN,NaN,NaN,0,0,36938870,68.13374755006033,60.868995587556185,NaN,NaN,NaN,NaN
2020-02-03,3222.75,3397.5,2853.25,2951,NaN,NaN,NaN,1,0,45665954,54.34551156341702,61.37867842838035,NaN,NaN,NaN,NaN
2020-03-02,2900,3137,2174,2569.75,NaN,NaN,NaN,0,1,66083820,41.66471053122493,60.34950626092858,41.66471053122493,NaN,NaN,NaN
2020-04-01,2562,2965,2424.75,2902.5,NaN,NaN,NaN,0,0,38085423,52.15747639507217,59.85683550665756,NaN,NaN,NaN,NaN
2020-05-01,2871.5,3065.5,2760.25,3042,NaN,NaN,NaN,0,0,35168755,55.750865388538834,59.48613982937443,NaN,NaN,NaN,NaN
2020-06-01,3029.75,3231.25,2935,3090.25,NaN,NaN,NaN,0,0,43508271,56.95512304877653,58.93946258305699,NaN,NaN,NaN,NaN
2020-07-01,3085.25,3284.5,3062.75,3263.5,NaN,NaN,NaN,0,0,35563957,61.053771353623425,59.38612513160583,NaN,NaN,NaN,NaN
2020-08-03,3272,3524.5,3254.75,3499,NaN,NaN,NaN,0,0,26696572,65.8182542718657,59.727934944365145,NaN,NaN,NaN,NaN
2020-09-01,3493.25,3587,3198,3352,NaN,NaN,NaN,0,0,43099046,60.816919877700236,59.63294012307207,NaN,NaN,NaN,NaN
2020-10-01,3344.75,3541,3225,3264.75,NaN,NaN,NaN,0,0,35981638,57.999840296720315,59.53430690468418,NaN,NaN,NaN,NaN
2020-11-02,3260,3668,3243.25,3623.25,NaN,NaN,NaN,0,0,30989474,65.14412962410233,59.82155188902404,NaN,NaN,NaN,NaN
2020-12-01,3631,3753,3596,3748.75,NaN,NaN,NaN,0,0,27431758,67.2446622137617,60.12863547429702,NaN,NaN,NaN,NaN
2021-01-04,3748.75,3862.25,3652.5,3705.25,NaN,NaN,NaN,0,0,30179952,65.76528004280974,60.09986604812913,NaN,NaN,NaN,NaN
2021-02-01,3692.25,3959.25,3656.5,3809.25,NaN,NaN,NaN,0,0,29842906,67.60050605687672,60.03219987246784,NaN,NaN,NaN,NaN
2021-03-01,3817.25,3983.75,3720.5,3967.5,NaN,NaN,NaN,0,0,44624492,70.21681474080285,60.18099038609231,NaN,NaN,NaN,NaN
2021-04-01,3967.5,4211,3964.5,4174.5,NaN,NaN,NaN,0,0,27314137,73.25871102964767,61.53193320510878,NaN,NaN,NaN,NaN
2021-05-03,4181.5,4238.25,4029.25,4202.5,NaN,NaN,NaN,0,0,32432357,73.65073634466606,63.816649334640296,NaN,NaN,NaN,NaN
2021-06-01,4206.5,4294.25,4126.75,4288.5,NaN,NaN,NaN,0,0,26784563,74.86933544161083,65.43892498082162,NaN,NaN,NaN,NaN
2021-07-01,4294.25,4422.5,4224,4389.5,NaN,NaN,NaN,0,0,28652109,76.25806018779082,66.90372460933962,NaN,NaN,NaN,NaN
2021-08-02,4396.5,4542.25,4347.75,4520.5,NaN,NaN,NaN,0,0,24923309,77.95932419147135,68.40402469096068,NaN,NaN,77.95932419147135,NaN
2021-09-01,4527.75,4549.5,4293.75,4297.75,NaN,NaN,NaN,0,0,35174023,68.91639435366173,68.96564061953484,NaN,NaN,NaN,NaN
2021-10-01,4301,4603.5,4260,4597,NaN,NaN,NaN,0,1,28996968,73.38320889679864,69.50599452131577,NaN,NaN,NaN,NaN
2021-11-01,4608,4740.5,4557,4566.25,NaN,NaN,NaN,0,0,29333073,72.23450817096148,70.32153654226299,NaN,NaN,NaN,NaN
2021-12-01,4587.5,4799.75,4492,4758.5,NaN,NaN,NaN,0,0,37139127,74.88181545985863,71.52739191105859,NaN,NaN,NaN,NaN
2022-01-03,4771,4808.25,4212.75,4504.25,NaN,NaN,NaN,1,0,41900876,65.92908826511345,71.58346038541653,NaN,NaN,NaN,NaN
2022-02-01,4493.25,4586,4101.75,4368,NaN,NaN,NaN,0,1,36313278,61.673699716214486,71.18553449273458,NaN,NaN,NaN,NaN
2022-03-01,4367.5,4631,4129.5,4530.75,NaN,NaN,NaN,0,0,36362553,64.61194478865056,71.10315340315177,NaN,NaN,NaN,NaN
2022-04-01,4541,4588.75,4118.75,4127.5,NaN,NaN,NaN,0,0,32233503,53.639279820003836,70.10592295766085,NaN,NaN,NaN,NaN
2022-05-02,4144,4303,3807.5,4131.25,NaN,NaN,NaN,0,0,42399378,53.71799401437867,68.92743576291626,NaN,NaN,NaN,NaN
2022-06-01,4138.5,4189,3639,3789.5,NaN,NaN,NaN,0,1,39530274,46.04526595867038,66.98361825784646,NaN,NaN,NaN,NaN
2022-07-01,3782,4144,3723.75,4133.5,NaN,NaN,NaN,0,0,34094056,53.27920501978042,65.52850887749749,NaN,NaN,NaN,NaN
2022-08-01,4137.5,4327.5,3953,3956.5,NaN,NaN,NaN,1,0,38473245,49.59469279791479,63.72317726009062,NaN,NaN,NaN,NaN
2022-09-01,3958,4175,3595.25,3601.5,NaN,NaN,NaN,0,0,52568833,43.1494755971139,61.358278360756564,43.1494755971139,NaN,NaN,NaN
2022-10-03,3593.25,3924.25,3502,3883,NaN,NaN,NaN,0,1,48068559,48.82839989941374,59.277498054181024,NaN,NaN,NaN,NaN
2022-11-01,3884,4093.5,3704.25,4081.25,NaN,NaN,NaN,0,0,36186845,52.432226671205676,58.100057505434165,NaN,NaN,NaN,NaN
2022-12-01,4094.5,4180,3788.5,3861,NaN,NaN,NaN,0,0,35398578,48.357606668354734,56.31251448911674,NaN,NaN,NaN,NaN
2023-01-03,3895,4109.25,3814.5,4090,NaN,NaN,NaN,0,0,34028174,52.49154476694425,54.90230281740122,NaN,NaN,NaN,NaN
2023-02-01,4085.75,4208.5,3947.5,3975.5,NaN,NaN,NaN,1,0,36480656,50.322471325177446,53.148063950638274,NaN,NaN,NaN,NaN
2023-03-01,3968.5,4142.5,3808.75,4137.75,NaN,NaN,NaN,0,1,46782617,53.26927577491746,52.24379162990999,NaN,NaN,NaN,NaN
2023-04-03,4127,4198.25,4068.75,4188.5,NaN,NaN,NaN,0,0,29176257,54.18473201629785,51.70886536563023,NaN,NaN,NaN,NaN
2023-05-01,4190,4243.25,4062.25,4190.5,NaN,NaN,NaN,0,0,35558019,54.22279151085444,50.9667829886448,NaN,NaN,NaN,NaN
2023-06-01,4188.5,4498,4178,4488.25,NaN,NaN,NaN,0,0,37223738,59.603101147228884,51.39277022630373,NaN,NaN,NaN,NaN
2023-07-03,4485.5,4634.5,4411.25,4614.5,NaN,NaN,NaN,1,0,27745495,61.66072578497552,51.96010820991779,NaN,NaN,NaN,NaN
2023-08-01,4617.75,4621.75,4350,4516,NaN,NaN,NaN,0,0,36242415,59.13016517421637,52.89474386817107,NaN,NaN,NaN,NaN
2023-09-01,4516.75,4566,4277,4325.5,NaN,NaN,NaN,0,0,33721658,54.47387720193789,52.980077595468025,NaN,NaN,NaN,NaN
2023-10-02,4349,4430.5,4122.25,4212.25,NaN,NaN,NaN,0,1,43890713,51.859392650917066,53.14184187068248,51.859392650917066,NaN,NaN,NaN
2023-11-01,4205,4597,4191.25,4576.75,NaN,NaN,NaN,0,0,31573205,58.725676616019065,54.25442765774714,NaN,NaN,NaN,NaN
2023-12-01,4571.75,4841.5,4548.75,4820,NaN,NaN,NaN,0,0,32110382,62.563183003493975,55.23548359375286,NaN,NaN,NaN,NaN
2024-01-02,4818,4957.25,4702,4870.5,NaN,NaN,NaN,0,0,32831222,63.32553604301123,56.01357712031041,NaN,NaN,NaN,NaN
2024-02-01,4874.5,5123.5,4872.5,5103.75,NaN,NaN,NaN,0,0,29174757,66.69867118206594,57.32365315700407,NaN,NaN,NaN,NaN
2024-03-01,5101.5,5322.75,5063,5308.5,NaN,NaN,NaN,0,0,32673225,69.36252211379963,58.52872296749374,NaN,NaN,NaN,NaN
2024-04-01,5314.25,5333.5,4963.5,5067,NaN,NaN,NaN,0,0,37709476,62.96481713694047,59.431747668333955,NaN,NaN,NaN,NaN
2024-05-01,5050,5368.25,5036.25,5295.5,NaN,NaN,NaN,0,0,29665464,66.14649847584514,60.35154928982879,NaN,NaN,NaN,NaN
2024-06-03,5299.5,5588,5246.75,5521.5,NaN,NaN,NaN,0,0,29459953,68.98459140944821,61.408682103625246,NaN,NaN,NaN,NaN
2024-07-01,5534.25,5721.25,5432.5,5558,NaN,NaN,NaN,0,0,37581209,69.43033267160709,62.494935043679,NaN,NaN,NaN,NaN
2024-08-01,5574.75,5669,5120,5661,NaN,NaN,NaN,0,1,36160490,70.70959539790604,63.28825606158451,NaN,NaN,NaN,NaN
2024-09-03,5656.25,5830,5394,5814.25,NaN,NaN,NaN,0,0,32559585,72.5501827477352,64.06607441606734,NaN,NaN,NaN,NaN
2024-10-01,5807,5927.25,5724,5738.5,NaN,NaN,NaN,0,0,28757682,70.20191894915703,64.85691397142024,NaN,NaN,NaN,NaN
2024-11-01,5742,6060,5724.25,6051.5,NaN,NaN,NaN,0,0,29033119,73.95342294969873,66.24831009626031,NaN,NaN,73.95342294969873,73.95342294969873
2024-12-02,6051.5,6152.75,5866,5935.75,NaN,NaN,NaN,0,0,31318255,70.42248714722994,67.57424541742552,NaN,NaN,NaN,NaN
2025-01-02,5949.25,6162.25,5809,6067.25,NaN,NaN,NaN,0,0,32959676,72.05488806888496,68.52633194977308,NaN,NaN,NaN,NaN
2025-02-03,5982.25,6166.5,5848,5963.25,NaN,NaN,NaN,1,0,30755093,68.81990851340029,68.97324091476638,NaN,NaN,NaN,NaN
2025-03-03,5967.5,6000.5,5509.25,5653.25,NaN,NaN,NaN,0,0,43432267,60.15100763284644,68.7464888854689,NaN,NaN,NaN,NaN
2025-04-01,5644.25,5773.25,4832,5587,NaN,NaN,NaN,0,1,40595964,58.45631761060393,68.15774934465018,NaN,NaN,NaN,NaN
2025-05-01,5617.5,6008,5596,5916,NaN,NaN,NaN,NaN,NaN,27775200,63.89625953007685,67.76730201724142,NaN,NaN,NaN,NaN
2025-06-02,5898.75,6109,5867.5,6028.25,NaN,NaN,NaN,NaN,NaN,16344995,65.55358730661985,67.95221417221852,NaN,NaN,NaN,NaN