Unnamed: 0,Liv-ex 100,"ECONOMICS_USCPI, M","TVC_US10Y, 15","FX_GBPUSD, 1M","OANDA_EURUSD, 1M","FX_IDC_GBPEUR, 1M","FX_GBPJPY, 1M","HKEX_DLY_HSI1!, 1M (1)","TVC_DXY, 1M","CME_MINI_ES1!, 1M (1)","CME_MINI_NQ1!, 1M","TVC_USOIL, 1M","PEPPERSTONE_COCOA, 1M",liv-ex Champagne 50,liv-ex Italy 100,liv-ex Rhone 100,liv-ex California 50,liv-ex Investables,Liv-ex Fine Wine 1000,Liv-ex Indices,liv-ex Burgundy 150,liv-ex Bordeaux Legends,"ECONOMICS_USINTR, 1M",wine_12m_ret,target,Predicted_12M_Return,wine_cpi_gap,livex_1m_ret,vol_livex,target_12m,target_24m,target_60m,Signal,Strategy_Return,Cum_Strategy,Cum_BuyHold
2004-01-31,100.41,185.2,0.0,1.9159,1.3568,1.4156,196.845,14222.0,80.85,1213.75,1628.5,43.45,0.0,0.0,0.0,0.0,0.0,0.0,0.0,0.0,0.0,0.0,1.0,0.0,1.4180858480231056,0.0,0.0,0.0,0.01,1.4180858480231056,0.2503294892915979,0.053868150552593,0,,1.0,1.0
2004-02-29,100.03,186.2,0.0,1.802,1.2183,1.4797,196.715,12818.0,88.94,1104.0,1370.0,42.12,0.0,0.0,0.0,0.0,0.0,0.0,0.0,0.0,0.0,0.0,1.0,0.0,1.490152954113766,0.0,0.0,-0.0037844836171695,0.01,1.490152954113766,0.2369826167248785,0.0302599200246078,0,0.0,1.0,1.0
2004-03-31,99.62,187.4,0.0,1.8321,1.21875,1.5033,200.645,12175.0,88.95,1121.5,1468.0,39.88,0.0,0.0,0.0,0.0,0.0,0.0,0.0,0.0,0.0,0.0,1.0,0.0,1.5704677775547076,0.0,0.0,-0.0040987703688892,0.01,1.5704677775547076,0.2326707540906782,0.0262383900928793,0,0.0,1.0,1.0
2005-01-31,97.87,190.7,0.0,1.7204,1.1848,1.454,202.935,14838.0,91.17,1254.75,1659.0,61.04,0.0,0.0,0.0,0.0,0.0,0.0,0.0,0.0,0.0,0.0,2.25,0.0,1.1388576683355471,0.0,0.0,-0.0175667536639229,0.01,1.1388576683355471,0.5724454211054317,0.0035332945059209,0,0.0,1.0,1.0
2005-02-28,98.91,191.8,0.0,1.8171,1.230335,1.4764,197.255,0.0,87.76,1192.25,1545.0,51.97,0.0,0.0,0.0,0.0,0.0,0.0,0.0,0.0,0.0,0.0,2.5,0.0,1.1443736730360934,0.0,0.0,0.0106263410646776,0.01,1.1443736730360934,0.5854785478547855,-0.0139197791241659,0,0.0,1.0,1.0
2005-03-31,99.93,193.3,0.0,1.7697,1.199215,1.4753,206.005,14384.0,90.07,1209.75,1586.5,59.76,0.0,0.0,0.0,0.0,0.0,0.0,0.0,0.0,0.0,0.0,2.75,0.0,1.0971680176123284,0.0,0.0,0.0103124052168639,0.01,1.0971680176123284,0.6516677005296561,-0.0492482184830055,0,0.0,1.0,1.0
2006-01-31,118.28,198.3,0.0,1.958,1.31977,1.4843,233.065,20018.0,83.72,1428.5,1775.0,61.07,0.0,0.0,0.0,0.0,0.0,0.0,0.0,0.0,0.0,0.0,4.5,0.0,1.0784578965167395,0.0,0.0,0.1836285399779844,0.01,1.0784578965167395,0.4539944679466319,-0.0861713293040425,0,0.0,1.0,1.0
2006-02-28,122.48,198.7,0.0,1.9072,1.276185,1.494,223.085,18340.0,85.32,1383.25,1742.75,58.61,0.0,0.0,0.0,0.0,0.0,0.0,0.0,0.0,0.0,0.0,4.5,0.0,1.0684193337687784,0.0,0.0,0.0355089617855934,0.01,1.0684193337687784,0.417107444540933,-0.1102933295223123,0,0.0,1.0,1.0
2006-03-31,127.38,199.8,0.0,1.8675,1.276685,1.4626,214.115,16975.0,85.3,1281.75,1518.75,74.4,0.0,0.0,0.0,0.0,0.0,0.0,0.0,0.0,0.0,0.0,4.75,0.0,1.0992306484534464,0.0,0.0,0.0400065316786413,0.01,1.0992306484534464,0.3423709798055347,-0.1071441503421805,0,0.0,1.0,1.0
2007-01-31,175.91,202.416,0.0,2.0559000000000003,1.46335,1.4056,228.436,28880.0,76.147,1483.75,2094.5,88.7,0.0,0.0,0.0,0.0,0.0,0.0,0.0,0.0,0.0,0.0,5.25,0.0,0.6133249957364562,0.0,0.0,0.3809860260637463,0.01,0.6133249957364562,0.2646934460887948,-0.1173032239326169,0,0.0,1.0,1.0
2007-02-28,181.12,203.499,0.0,2.0312,1.3684,1.4837,240.915,31269.0,80.77,1462.0,1945.75,78.0,0.0,0.0,0.0,0.0,0.0,0.0,0.0,0.0,0.0,0.0,5.25,0.0,0.6821444346289753,0.0,0.0,0.0296174179978399,0.01,0.6821444346289753,0.1970000328223979,-0.1393042082999052,0,0.0,1.0,1.0
2007-03-31,191.11,205.352,0.0,1.98375,1.4592,1.3616,221.638,27910.0,76.695,1477.25,2104.75,96.2,0.0,0.0,0.0,0.0,0.0,0.0,0.0,0.0,0.0,0.0,5.25,0.0,0.5746428758306734,0.0,0.0,0.0551568021201414,0.01,0.5746428758306734,0.1930016947462864,-0.1427577111876329,0,0.0,1.0,1.0
2008-01-31,242.8,211.08,0.0,1.4542,1.39759,1.0465,132.14,14397.0,81.308,900.0,1212.5,42.66,0.0,0.0,0.0,0.0,0.0,0.0,0.0,0.0,0.0,0.0,3.0,1.4180858480231056,0.2503294892915979,0.0,1.2783450272887642,0.2704725027471089,0.01,0.2503294892915979,0.1349232492259042,-0.1338735699618657,0,0.0,1.0,2.4180858480231056
2008-02-29,249.09,211.693,0.0,1.99217,1.575605,1.2648,211.596,13930.0,79.448,1281.0,1846.0,140.0,0.0,0.0,0.0,0.0,0.0,0.0,0.0,0.0,0.0,0.0,3.0,1.490152954113766,0.2369826167248785,0.0,1.3532410314499634,0.0259060955518946,0.01,0.2369826167248785,0.0471894067246527,-0.1160291099085649,0,0.0,1.0,6.0214036177554275
2008-03-31,256.07,213.528,0.0,1.54039,1.26909,1.2111,147.194,13988.0,86.517,895.25,1186.0,55.03,0.0,0.0,0.0,0.0,0.0,0.0,0.0,0.0,0.0,0.0,2.25,1.5704677775547076,0.2326707540906782,0.0,1.431044084918635,0.0280220000802922,0.01,0.2326707540906782,-0.0241406621257722,-0.1029112301078513,0,0.0,1.0,15.47782397509167
2009-01-31,209.33,211.143,0.0,1.6164,1.43252,1.1273,150.45499999999998,21925.0,77.86,1110.75,1858.75,79.62,0.0,0.0,0.0,0.0,0.0,0.0,0.0,0.0,0.0,0.0,0.25,1.1388576683355471,0.5724454211054317,0.0,1.0316578780890866,-0.1825282149412269,0.01,0.5724454211054317,-0.09478672985782,-0.0769171245066934,0,0.0,1.0,33.1048624982726
2009-02-28,212.1,212.193,0.0,1.64391,1.50046,1.0952,142.01999999999998,21748.0,74.879,1094.75,1767.5,77.28,0.0,0.0,0.0,0.0,0.0,0.0,0.0,0.0,0.0,0.0,0.25,1.1443736730360934,0.5854785478547855,0.0,1.038049376894279,0.0132326947881333,0.01,0.5854785478547855,-0.148536933507791,-0.0725257631732451,0,0.0,1.0,70.98919559077564
2009-03-31,209.57,212.709,0.0,1.62846,1.433395,1.1355,151.625,19623.0,78.172,1019.75,1625.0,69.57,0.0,0.0,0.0,0.0,0.0,0.0,0.0,0.0,0.0,0.0,0.25,1.0971680176123284,0.6516677005296561,0.0,0.9967593264586814,-0.0119283356907119,0.01,0.6516677005296561,-0.1613220084358929,-0.0461876545147745,0,0.0,1.0,148.8762705890008
2010-01-31,245.84,216.687,0.0,1.55955,1.33845,1.166,126.503,23020.0,79.028,1253.0,2216.0,91.28,0.0,0.0,0.0,0.0,0.0,0.0,0.0,0.0,0.0,0.0,0.25,1.0784578965167395,0.4539944679466319,0.0,0.9857347497693872,0.1730686644080736,0.01,0.4539944679466319,-0.1784585256679255,-0.041148514851485,0,0.0,1.0,309.4330602096715
2010-02-28,253.34,216.741,0.0,1.53461,1.268,1.2093,129.23,20320.0,83.202,1048.25,1766.5,71.65,0.0,0.0,0.0,0.0,0.0,0.0,0.0,0.0,0.0,0.0,0.25,1.0684193337687784,0.417107444540933,0.0,0.9776241651729052,0.0305076472502441,0.01,0.417107444540933,-0.1823347539065763,-0.0320857762428721,0,0.0,1.0,640.0373242449231
2010-03-31,267.4,217.631,0.0,1.4542,1.230555,1.1807,132.73899999999998,19713.0,86.48,1088.5,1852.0,73.99,0.0,0.0,0.0,0.0,0.0,0.0,0.0,0.0,0.0,0.0,0.25,1.0992306484534464,0.3423709798055347,0.0,1.0099864042092022,0.0554985395121179,0.01,0.3423709798055347,-0.1923109068115336,-0.0185740936004542,0,0.0,1.0,1343.5859672090785
2010-04-30,283.8,218.009,0.0,0.0,0.0,0.0,0.0,22973.0,79.462,1070.5,1739.25,0.0,0.0,0.0,0.0,0.0,0.0,0.0,0.0,200.3,0.0,0.0,0.25,0.6133249957364562,0.2646934460887948,0.0,0.536290571580263,0.0613313388182499,0.01,0.2646934460887948,-0.2246740220661987,-0.005264673220088,0,0.0,1.0,2167.6408248191487
2010-06-30,304.67,217.965,0.0,0.0,0.0,0.0,0.0,0.0,0.0,0.0,0.0,0.0,0.0,220.33,171.17,153.39,149.1,296.03,231.61,202.79,202.79,314.57,0.25,0.6821444346289753,0.1970000328223979,0.0,0.6110580902243345,0.0735377026074701,0.01,0.1970000328223979,-0.2730264059886479,0.0351665113126005,0,0.0,1.0,3646.284949744093
2010-07-31,300.93,218.011,0.0,0.0,0.0,0.0,0.0,0.0,0.0,0.0,0.0,0.0,0.0,225.29,178.39,152.95,148.6,295.21,232.5,201.94,201.94,315.88,0.25,0.5746428758306734,0.1930016947462864,0.0,0.512997505929236,-0.0122755768536449,0.01,0.1930016947462864,-0.2822205509595833,0.0317080466646724,0,0.0,1.0,5741.596619363141
2010-08-31,303.58,218.312,0.0,0.0,0.0,0.0,0.0,0.0,0.0,0.0,0.0,0.0,0.0,232.21,176.69,151.68,149.0,298.24,235.28,206.87,206.87,317.42,0.25,0.2503294892915979,0.1349232492259042,0.0,0.2160675980655224,0.0088060346259926,0.01,0.1349232492259042,-0.2489115922679515,0.0229880191355149,0,0.0,1.0,7178.887568806682
2010-09-30,308.12,218.439,0.0,0.0,0.0,0.0,0.0,0.0,0.0,0.0,0.0,0.0,0.0,232.32,178.76,153.15,149.1,303.71,237.98,208.8,208.8,321.3,0.25,0.2369826167248785,0.0471894067246527,0.0,0.2051157151268097,0.0149548718624417,0.01,0.0471894067246527,-0.1939502882290957,0.0202229164907539,0,0.0,1.0,8880.15913003619
2010-10-31,315.65,218.711,0.0,0.0,0.0,0.0,0.0,0.0,0.0,0.0,0.0,0.0,0.0,231.95,176.69,151.15,161.6,313.03,242.29,212.34,212.34,329.58,0.25,0.2326707540906782,-0.0241406621257722,0.0,0.2083975908521333,0.0244385304426846,0.01,-0.0241406621257722,-0.161120670064604,0.0100046239858759,0,0.0,1.0,10946.312451266933
2010-11-30,329.16,218.803,0.0,0.0,0.0,0.0,0.0,0.0,0.0,0.0,0.0,0.0,0.0,230.64,181.65,154.86,158.8,326.33,247.14,213.22,213.22,334.29,0.25,0.5724454211054317,-0.09478672985782,0.0,0.5361666905768327,0.0428005702518614,0.01,-0.09478672985782,-0.1356222311719692,-0.007838041747003,0,0.0,1.0,17212.47889198406
2010-12-31,336.28,219.179,0.0,0.0,0.0,0.0,0.0,0.0,0.0,0.0,0.0,0.0,0.0,237.07,186.46,156.38,158.3,333.82,254.26,223.2,223.2,341.09,0.25,0.5854785478547855,-0.148536933507791,0.0,0.5525556898905737,0.0216308178393485,0.01,-0.148536933507791,-0.089232703523906,-0.0010062893081761,0,0.0,1.0,27290.016038644037
2011-01-31,346.14,220.223,0.0,1.55454,1.29625,1.1991,119.535,18456.0,80.178,1252.5,2274.5,98.86,0.0,236.93,183.75,159.61,164.3,346.59,257.64,225.61,225.61,345.36,0.25,0.6516677005296561,-0.1613220084358929,0.0,0.6163424439584719,0.0293208040918282,0.01,-0.1613220084358929,-0.0767137444023425,-0.0090101209577881,0,0.0,1.0,45074.03803796463
2011-02-28,357.45,221.309,0.0,1.6445,1.43966,1.1424,134.059,23543.0,74.638,1344.0,2371.75,102.59,0.0,233.96,187.05,158.64,152.5,359.57,264.4,236.74,236.74,352.97,0.25,0.4539944679466319,-0.1784585256679255,0.0,0.4326641620214957,0.0326746403189461,0.01,-0.1784585256679255,-0.0590819314853913,0.0065672628144231,0,0.0,1.0,65537.40195521663
2011-03-31,359.01,223.467,0.0,1.60871,1.38577,1.16,125.746,19785.0,76.166,1249.25,2356.0,92.46,0.0,234.7,187.73,163.96,152.8,362.66,266.79,238.68,238.68,349.16,0.25,0.417107444540933,-0.1823347539065763,0.0,0.3860750141285975,0.0043642467477968,0.01,-0.1823347539065763,-0.0465338102537898,0.0377131477409451,0,0.0,1.0,92873.54020660899
2011-04-30,358.95,224.906,0.0,0.0,0.0,0.0,0.0,22325.0,0.0,0.0,0.0,0.0,0.0,235.5,191.38,167.46,153.8,363.9,271.03,244.59,244.59,353.54,0.25,0.3423709798055347,-0.1923109068115336,0.0,0.3089428376750478,-0.0001671262638923,0.01,-0.1923109068115336,-0.0474268763796909,0.0444214876033057,0,0.0,1.0,124670.74516515444
2011-05-31,358.92,225.964,0.0,0.0,0.0,0.0,0.0,0.0,0.0,0.0,0.0,0.0,0.0,236.57,193.35,168.43,163.0,364.83,274.91,248.24,248.24,359.19,0.25,0.2646934460887948,-0.2246740220661987,-0.16059647263143528,0.2282041268405068,-8.357709987460993e-05,0.01,-0.2246740220661987,-0.0102055483685495,0.051519536903039,0,0.0,1.0,157670.27432937713
2011-06-30,364.69,225.722,0.0,0.0,0.0,0.0,0.0,0.0,0.0,0.0,0.0,0.0,0.0,241.51,193.57,172.04,160.0,369.81,278.7,258.92,258.92,360.48,0.25,0.1970000328223979,-0.2730264059886479,-0.15931034717492018,0.1614117502999745,0.0160760057951632,0.01,-0.2730264059886479,0.0343240796620398,0.0629911591355598,0,0.0,1.0,188731.32354738092
2011-07-31,359.01,225.922,0.0,0.0,0.0,0.0,0.0,0.0,0.0,0.0,0.0,0.0,0.0,243.64,195.64,169.99,180.2,365.28,279.69,259.14,259.14,360.53,0.25,0.1930016947462864,-0.2822205509595833,-0.16053254725679478,0.1567145349240757,-0.0155748718089336,0.01,-0.2822205509595833,0.0593348597151617,0.1144845296773391,0,0.0,1.0,225156.78884373515
2011-08-31,344.54,226.545,0.0,0.0,0.0,0.0,0.0,0.0,0.0,0.0,0.0,0.0,0.0,244.06,197.12,166.95,166.0,351.63,273.17,258.92,258.92,347.36,0.25,0.1349232492259042,-0.2489115922679515,-0.13701527292182605,0.0972111674347064,-0.0403052839753766,0.01,-0.2489115922679515,0.053868150552593,0.1456298626055288,0,0.0,1.0,255535.67437980272
2011-09-30,322.66,226.889,0.0,0.0,0.0,0.0,0.0,0.0,0.0,0.0,0.0,0.0,0.0,250.22,195.62,169.33,165.6,334.36,266.9,260.26,260.26,333.46,0.25,0.0471894067246527,-0.1939502882290957,-0.1274372417818724,0.0085058383142497,-0.0635049631392581,0.01,-0.1939502882290957,0.0302599200246078,0.1637906062487069,0,0.0,1.0,267594.25125076965
2011-10-31,308.03,226.421,0.0,0.0,0.0,0.0,0.0,0.0,0.0,0.0,0.0,0.0,0.0,249.26,193.34,165.86,170.3,319.92,259.8,258.84,258.84,322.22,0.25,-0.0241406621257722,-0.161120670064604,-0.11090342701155946,-0.0593926613393462,-0.0453418459059072,0.01,-0.161120670064604,0.0262383900928793,0.2126357847421651,0,-0.0,1.0,261134.34884452584
2011-11-30,297.96,226.23,0.0,0.0,0.0,0.0,0.0,0.0,0.0,0.0,0.0,0.0,0.0,250.44,196.18,168.07,172.2,310.28,255.14,254.92,254.92,311.34,0.25,-0.09478672985782,-0.1356222311719692,-0.09252811557316183,-0.1287305057658285,-0.0326916209460117,0.01,-0.1356222311719692,0.0035332945059209,0.251277935025981,0,-0.0,1.0,236382.27786400204
2011-12-31,286.33,225.672,0.0,0.0,0.0,0.0,0.0,0.0,0.0,0.0,0.0,0.0,0.0,248.36,198.32,168.72,176.8,300.35,253.37,261.79,261.79,304.7,0.25,-0.148536933507791,-0.089232703523906,-0.06114570400122649,-0.178161121956502,-0.0390320848436032,0.01,-0.089232703523906,-0.0139197791241659,0.2479224376731301,0,0.0,1.0,201270.77917449657
2012-01-31,290.3,226.665,0.0,1.6009,1.29851,1.2323,132.00199999999998,22023.0,80.153,1414.5,2675.75,88.94,0.0,252.05,194.59,165.87,171.7,301.86,254.82,269.01,269.01,307.28,0.25,-0.1613220084358929,-0.0767137444023425,-0.05054208362117821,-0.1905741755574014,0.0138651206649671,0.01,-0.0767137444023425,-0.0492482184830055,0.2499688628720886,0,0.0,1.0,168801.3728386097
2012-02-29,293.66,227.663,0.0,1.5672,1.23042,1.2742,122.449,18530.0,82.635,1374.5,2636.5,87.9,0.0,248.61,193.86,169.22,175.6,304.98,257.47,274.65,274.65,312.25,0.25,-0.1784585256679255,-0.0590819314853913,-0.05100512597382398,-0.2071695134723076,0.0115742335514985,0.01,-0.0590819314853913,-0.0861713293040425,0.2402954452195322,0,0.0,1.0,138677.3287111096
2012-03-31,293.55,229.392,0.0,1.62627,1.319725,1.2311,140.873,22674.0,79.769,1420.0,2655.25,91.73,0.0,244.23,194.95,168.8,178.3,304.56,256.56,275.76,275.76,311.17,0.25,-0.1823347539065763,-0.0465338102537898,-0.030895547278526662,-0.2088487358367942,-0.000374582850916,0.01,-0.0465338102537898,-0.1102933295223123,0.2166160243083319,0,0.0,1.0,113391.63210814806
2012-04-30,289.92,230.085,0.0,0.0,0.0,0.0,0.0,0.0,79.935,1434.25,2792.0,0.0,0.0,248.26,196.81,168.61,176.6,301.53,255.64,270.55,270.55,309.52,0.25,-0.1923109068115336,-0.0474268763796909,-0.049603604610067784,-0.215338304924523,-0.0123658661216147,0.01,-0.0474268763796909,-0.1071441503421805,0.1975865479723046,0,0.0,1.0,91585.18451259029
2012-05-31,278.28,229.815,0.0,0.0,0.0,0.0,0.0,0.0,0.0,0.0,0.0,0.0,0.0,246.47,196.98,168.73,175.2,288.87,250.89,270.93,270.93,300.3,0.25,-0.2246740220661987,-0.0102055483685495,-0.026729434867600092,-0.2417165598155746,-0.0401490066225167,0.01,-0.0102055483685495,-0.1173032239326169,0.1951555188549407,0,0.0,1.0,71008.37274647171
2012-06-30,265.12,229.478,0.0,0.0,0.0,0.0,0.0,0.0,0.0,0.0,0.0,0.0,0.0,248.32,196.17,167.76,173.7,277.16,245.47,271.59,271.59,291.95,0.25,-0.2730264059886479,0.0343240796620398,-0.015171097038426113,-0.289666343611033,-0.0472904987782089,0.01,0.0343240796620398,-0.1393042082999052,0.1824727580763161,0,0.0,1.0,51621.21194040028
2012-07-31,257.69,229.104,0.0,0.0,0.0,0.0,0.0,0.0,0.0,0.0,0.0,0.0,0.0,249.08,196.66,167.93,172.6,271.05,242.84,268.49,268.49,290.05,0.25,-0.2822205509595833,0.0593348597151617,-0.0029189811959826114,-0.2963050580018368,-0.0280250452625226,0.01,0.0593348597151617,-0.1427577111876329,0.1417846657003754,0,0.0,1.0,37052.64506537909
2012-08-31,258.78,230.379,0.0,0.0,0.0,0.0,0.0,0.0,0.0,0.0,0.0,0.0,0.0,242.1,196.52,167.3,172.9,271.25,242.75,271.21,271.21,284.77,0.25,-0.2489115922679515,0.053868150552593,-0.01076810435637713,-0.265835382243453,0.0042298886258682,0.01,0.053868150552593,-0.1338735699618657,0.1150164360799048,0,0.0,1.0,27829.812184416325
2012-09-30,260.08,231.407,0.0,0.0,0.0,0.0,0.0,0.0,0.0,0.0,0.0,0.0,0.0,250.0,195.03,168.41,170.2,273.63,244.2,269.66,269.66,289.73,0.25,-0.1939502882290957,0.0302599200246078,-0.012495789188028072,-0.2138631090357456,0.0050235721462246,0.01,0.0302599200246078,-0.1160291099085649,0.0952956654695442,0,0.0,1.0,22432.212089887176
2012-10-31,258.4,231.317,0.0,0.0,0.0,0.0,0.0,0.0,0.0,0.0,0.0,0.0,0.0,248.88,198.14,167.74,169.9,272.63,243.7,267.48,267.48,289.46,0.25,-0.161120670064604,0.0262383900928793,-0.012495789188028072,-0.1827441060533153,-0.0064595509074131,0.01,0.0262383900928793,-0.1029112301078513,0.0603034047226798,0,0.0,1.0,18817.919046933246
2012-11-30,257.55,230.221,0.0,0.0,0.0,0.0,0.0,0.0,0.0,0.0,0.0,0.0,0.0,247.47,197.54,169.58,167.3,272.64,244.96,267.69,267.69,293.5,0.25,-0.1356222311719692,0.0035332945059209,-0.02277211528073124,-0.1532635696328277,-0.0032894736842103,0.01,0.0035332945059209,-0.0769171245066934,0.0566190620885243,0,0.0,1.0,16265.790879774662
2012-12-31,260.78,229.601,0.0,0.0,0.0,0.0,0.0,0.0,0.0,0.0,0.0,0.0,0.0,252.17,198.71,173.18,175.4,275.92,247.36,268.66,268.66,294.17,0.25,-0.089232703523906,-0.0139197791241659,-0.025606717108068184,-0.1066429272113815,0.0125412541254124,0.01,-0.0139197791241659,-0.0725257631732451,0.0516597719705378,0,-0.0,1.0,14814.350384617876
2013-01-31,268.03,230.28,0.0,1.63622,1.359115,1.2038,167.605,23921.0,80.68,1804.0,3487.5,92.76,0.0,254.9,204.95,173.87,168.1,282.75,252.15,275.36,275.36,297.44,0.25,-0.0767137444023425,-0.0492482184830055,-0.0003224546923219263,-0.0926623910835681,0.0278012117493673,0.01,-0.0492482184830055,-0.0461876545147745,0.037830476949648,0,-0.0,1.0,13677.886095725557
2013-02-28,276.31,232.166,0.0,1.65714,1.37879,1.2044,174.40699999999998,23333.0,80.035,1841.0,3583.75,98.59,0.0,259.67,209.68,171.55,169.8,289.94,257.09,282.25,282.25,300.88,0.25,-0.0590819314853913,-0.0861713293040425,-0.013462588375277718,-0.0788611665828818,0.030892064321158,0.01,-0.0861713293040425,-0.041148514851485,0.0327532587838286,0,-0.0,1.0,12869.770166552913
2013-03-31,279.89,232.773,0.0,1.52084,1.30101,1.1687,150.801,20729.0,80.221,1674.25,3209.0,96.42,0.0,264.45,206.96,176.27,172.5,291.85,256.8,280.52,280.52,298.35,0.25,-0.0465338102537898,-0.1102933295223123,-0.04597956767362813,-0.0612727723797575,0.0129564619449169,0.01,-0.1102933295223123,-0.0320857762428721,0.0209990141307918,0,-0.0,1.0,12270.890723612656
2013-04-30,276.17,232.531,0.0,0.0,0.0,0.0,0.0,0.0,0.0,0.0,0.0,0.0,0.0,266.26,207.96,174.55,169.3,290.16,257.09,288.56,288.56,298.08,0.25,-0.0474268763796909,-0.1071441503421805,-0.058796765251806826,-0.0580577301945853,-0.0132909357247489,0.01,-0.1071441503421805,-0.0185740936004542,0.0296342792956492,0,-0.0,1.0,11688.920706195182
2013-05-31,275.44,232.945,0.0,0.0,0.0,0.0,0.0,0.0,0.0,0.0,0.0,0.0,0.0,265.72,209.42,174.04,164.1,290.1,256.7,282.92,282.92,299.52,0.25,-0.0102055483685495,-0.1173032239326169,-0.058796765251806826,-0.0238251989570664,-0.0026432994170257,0.01,-0.1173032239326169,-0.005264673220088,0.030038823451997,0,-0.0,1.0,11569.628860551968
2013-06-30,274.22,233.504,0.0,0.0,0.0,0.0,0.0,0.0,0.0,0.0,0.0,0.0,0.0,271.22,211.04,173.92,167.3,289.76,258.65,287.56,287.56,302.7,0.25,0.0343240796620398,-0.1393042082999052,-0.06655333911698824,0.0167799142082709,-0.0044292767934939,0.01,-0.1393042082999052,0.0351665113126005,0.0309996743731681,0,0.0,1.0,11966.74572322179
2013-07-31,272.98,233.596,0.0,0.0,0.0,0.0,0.0,0.0,0.0,0.0,0.0,0.0,0.0,274.57,215.56,170.17,172.5,288.71,258.78,284.36,284.36,303.23,0.25,0.0593348597151617,-0.1427577111876329,-0.06655333911698824,0.0397280435967177,-0.0045219167092116,0.01,-0.1427577111876329,0.0317080466646724,0.0235987240414035,0,0.0,1.0,12676.790901956167
2013-08-31,272.72,233.877,0.0,0.0,0.0,0.0,0.0,0.0,0.0,0.0,0.0,0.0,0.0,272.76,223.6,174.8,162.1,288.96,258.56,280.07,280.07,299.2,0.25,0.053868150552593,-0.1338735699618657,-0.06492151743465543,0.0386844749571611,-0.000952450728991,0.01,-0.1338735699618657,0.0229880191355149,0.0236822496517317,0,0.0,1.0,13359.666182786485
2013-09-30,267.95,234.149,0.0,0.0,0.0,0.0,0.0,0.0,0.0,0.0,0.0,0.0,0.0,272.85,223.65,174.67,160.7,285.75,259.25,288.68,288.68,302.52,0.25,0.0302599200246078,-0.1160291099085649,-0.058604989127885296,0.0184106674090862,-0.0174904664124377,0.01,-0.1160291099085649,0.0202229164907539,0.0266857124306074,0,0.0,1.0,13763.928613033062
2013-10-31,265.18,233.546,0.0,0.0,0.0,0.0,0.0,0.0,0.0,0.0,0.0,0.0,0.0,270.79,219.92,170.82,167.7,283.11,257.54,290.79,290.79,301.98,0.25,0.0262383900928793,-0.1029112301078513,-0.11224086959270795,0.0166022630464452,-0.0103377495801454,0.01,-0.1029112301078513,0.0100046239858759,0.0162172660473245,0,0.0,1.0,14125.071941192367
2013-11-30,258.46,233.069,0.0,0.0,0.0,0.0,0.0,0.0,0.0,0.0,0.0,0.0,0.0,274.02,219.62,169.33,163.2,277.21,256.04,294.42,294.42,299.35,0.25,0.0035332945059209,-0.0769171245066934,-0.0819328352635778,-0.008837427539418,-0.0253412776227469,0.01,-0.0769171245066934,-0.007838041747003,0.0013100715746421,0,0.0,1.0,14174.979980277922
2013-12-31,257.15,233.049,0.0,0.0,0.0,0.0,0.0,0.0,0.0,0.0,0.0,0.0,0.0,275.53,216.9,170.26,169.3,276.12,254.85,293.29,293.29,296.94,0.25,-0.0139197791241659,-0.0725257631732451,-0.071974281832789,-0.0289371353203499,-0.0050684825504914,0.01,-0.0725257631732451,-0.0010062893081761,-0.0020467555726118,0,-0.0,1.0,13977.66738986298
2014-01-31,254.83,233.916,0.0,1.55749,1.210105,1.2872,186.721,23649.0,90.269,2052.5,4232.75,53.71,0.0,273.87,218.3,168.97,169.0,274.67,252.32,290.04,290.04,287.35,0.25,-0.0492482184830055,-0.0461876545147745,-0.037135045254530506,-0.0650376921672161,-0.0090219716118995,0.01,-0.0461876545147745,-0.0090101209577881,-0.001568150542452,0,-0.0,1.0,13289.292172364227
2014-02-28,252.5,234.781,0.0,1.71051,1.36923,1.2492,173.28599999999997,24766.0,85.936,1965.5,4044.75,105.45,0.0,271.06,214.9,166.51,170.4,270.89,249.76,288.96,288.96,287.52,0.25,-0.0861713293040425,-0.041148514851485,-0.030726739431927105,-0.0974348218050978,-0.0091433504689401,0.01,-0.041148514851485,0.0065672628144231,-0.0076883649410559,0,-0.0,1.0,12144.136200361794
2014-03-31,249.02,236.293,0.0,1.56517,1.245095,1.2566,185.652,23980.0,88.356,2066.25,4338.25,65.95,0.0,272.69,215.95,166.34,177.9,267.89,249.98,291.18,291.18,287.37,0.25,-0.1102933295223123,-0.0320857762428721,-0.024019713105633382,-0.1254153582799431,-0.0137821782178217,0.01,-0.0320857762428721,0.0377131477409451,-0.0053429463452316,0,0.0,1.0,10804.718984651448
2014-04-30,246.58,237.072,0.0,0.0,0.0,0.0,0.0,22807.0,0.0,0.0,0.0,0.0,0.0,271.64,218.72,166.97,179.0,265.38,247.52,285.98,285.98,283.37,0.25,-0.1071441503421805,-0.0185740936004542,-0.00932213797477749,-0.126672729327348,-0.0097984097662838,0.01,-0.0185740936004542,0.0444214876033057,-0.0100429955720979,0,0.0,1.0,9647.056549354942
2014-05-31,243.13,237.9,0.0,0.0,0.0,0.0,0.0,0.0,0.0,0.0,0.0,0.0,0.0,270.15,218.14,163.67,180.1,260.57,245.69,286.08,286.08,283.9,0.25,-0.1173032239326169,-0.005264673220088,-0.00293746254169392,-0.1385743394319837,-0.0139914023846217,0.01,-0.005264673220088,0.051519536903039,-0.0161625195643146,0,0.0,1.0,8515.425714655341
2014-06-30,236.02,238.343,0.0,0.0,0.0,0.0,0.0,0.0,0.0,0.0,0.0,0.0,0.0,270.19,216.85,164.81,178.0,255.23,243.53,287.26,287.26,282.22,0.25,-0.1393042082999052,0.0351665113126005,0.031208390150592367,-0.1600276220315757,-0.0292436145272075,0.01,0.0351665113126005,0.0629911591355598,-0.0233718653275218,0,0.0,1.0,7329.191077138625
2014-07-31,234.01,238.25,0.0,0.0,0.0,0.0,0.0,0.0,0.0,0.0,0.0,0.0,0.0,268.19,216.07,164.6,177.7,253.99,242.81,286.46,286.46,279.93,0.25,-0.1427577111876329,0.0317080466646724,0.036922062340891106,-0.1626809975452759,-0.0085162274383527,0.01,0.0317080466646724,0.1144845296773391,-0.0139917957197825,0,0.0,1.0,6282.892534109493
2014-08-31,236.21,237.852,0.0,0.0,0.0,0.0,0.0,0.0,0.0,0.0,0.0,0.0,0.0,264.34,215.77,163.61,179.6,254.56,242.59,286.85,286.85,278.31,0.25,-0.1338735699618657,0.0229880191355149,0.03623502484393851,-0.150869683303494,0.0094013076364258,0.01,0.0229880191355149,0.1456298626055288,-0.0114247737198557,0,0.0,1.0,5441.779280881502
2014-09-30,236.86,238.031,0.0,0.0,0.0,0.0,0.0,0.0,0.0,0.0,0.0,0.0,0.0,267.86,213.95,163.29,179.5,254.71,243.27,288.33,288.33,278.58,0.25,-0.1160291099085649,0.0202229164907539,0.031344804407479485,-0.1326082966657152,0.0027517886626307,0.01,0.0202229164907539,0.1637906062487069,-0.015494071146245,0,0.0,1.0,4810.374474601951
2014-10-31,237.89,237.433,0.0,0.0,0.0,0.0,0.0,0.0,0.0,0.0,0.0,0.0,0.0,273.99,213.98,162.94,180.0,255.35,243.33,290.33,290.33,275.28,0.25,-0.1029112301078513,0.0100046239858759,0.01590796682669726,-0.1195546322641717,0.0043485603309971,0.01,0.0100046239858759,0.2126357847421651,-0.0177422437408422,0,0.0,1.0,4315.332920141255
2014-11-30,238.58,236.151,0.0,0.0,0.0,0.0,0.0,0.0,0.0,0.0,0.0,0.0,0.0,275.51,213.88,161.98,187.4,255.54,244.24,293.92,293.92,275.89,0.25,-0.0769171245066934,-0.007838041747003,-0.002760937297192918,-0.0901406763304023,0.0029005002311994,0.01,-0.007838041747003,0.251277935025981,-0.0285604876025146,0,-0.0,1.0,3983.4099206349174
2014-12-31,238.5,234.812,0.0,0.0,0.0,0.0,0.0,0.0,0.0,0.0,0.0,0.0,0.0,271.98,212.95,160.25,187.2,256.4,243.75,291.05,291.05,273.93,0.25,-0.0725257631732451,-0.0010062893081761,0.0025921966153396726,-0.0800906958698025,-0.0003353172939895,0.01,-0.0010062893081761,0.2479224376731301,-0.030411792981894,0,-0.0,1.0,3694.5100761089943
2015-01-31,243.06,233.707,0.0,1.4733,1.08697,1.3568,177.10399999999998,21910.0,98.631,2035.5,4587.75,37.05,3208.0,276.89,215.94,159.78,188.8,259.61,245.77,295.69,295.69,279.16,0.25,-0.0461876545147745,-0.0090101209577881,0.0032953532058832857,-0.0452941713840781,0.0191194968553458,0.01,-0.0090101209577881,0.2499688628720886,-0.0323738701198795,0,-0.0,1.0,3523.869321112319
2015-02-28,242.11,234.722,0.0,1.50555,1.05648,1.4248,185.274,21909.0,100.17,2079.75,4668.75,41.66,0.0,269.38,215.54,159.81,193.7,258.51,244.91,292.63,292.63,280.66,0.25,-0.041148514851485,0.0065672628144231,0.018693485483044333,-0.040897216833332,-0.0039084999588578,0.01,0.0065672628144231,0.2402954452195322,-0.0232438016528925,0,-0.0,1.0,3378.867332017837
2015-03-31,241.03,236.119,0.0,1.53418,1.12111,1.3687,185.888,21464.0,95.824,1969.25,4271.75,48.14,0.0,271.07,215.1,158.26,192.0,258.37,245.01,293.3,293.3,281.16,0.25,-0.0320857762428721,0.0377131477409451,0.05277326559716103,-0.0313494023342078,-0.0044607822890422,0.01,0.0377131477409451,0.2166160243083319,-0.0312914603760151,1,-0.0,1.0,3270.4537508483622
2015-04-30,242.0,236.599,0.0,0.0,0.0,0.0,0.0,27164.0,0.0,0.0,0.0,0.0,0.0,268.59,214.77,157.76,198.9,260.41,245.48,293.52,293.52,282.6,0.25,-0.0185740936004542,0.0444214876033057,0.036477832455612876,-0.0165789191386873,0.004024395303489,0.01,0.0444214876033057,0.1975865479723046,-0.0326386412990632,0,-0.0185740936004542,0.9814259063995459,3209.7080367641483
2015-05-31,241.85,237.805,0.0,0.0,0.0,0.0,0.0,0.0,0.0,0.0,0.0,0.0,0.0,266.44,215.42,160.98,199.9,260.57,245.85,295.92,295.92,281.16,0.25,-0.005264673220088,0.051519536903039,0.0369272661990433,-0.0048653457715802,-0.0006198347107437,0.01,0.051519536903039,0.1951555188549407,-0.0381805785526443,0,-0.0,0.9814259063995459,3192.809972818695
2015-06-30,244.32,238.638,0.0,0.0,0.0,0.0,0.0,0.0,0.0,0.0,0.0,0.0,0.0,269.87,217.54,158.84,198.0,262.25,248.11,296.43,296.43,287.65,0.25,0.0351665113126005,0.0629911591355598,0.03597609016011401,0.0339287992757459,0.01021294190614,0.01,0.0629911591355598,0.1824727580763161,-0.0309488390142942,0,0.0,0.9814259063995459,3305.089960846807
2015-07-31,241.43,238.654,0.0,0.0,0.0,0.0,0.0,0.0,0.0,0.0,0.0,0.0,0.0,268.22,215.97,159.03,199.2,262.18,245.82,293.22,293.22,286.17,0.25,0.0317080466646724,0.1144845296773391,0.06564215312897335,0.0300123488682402,-0.0118287491814014,0.01,0.1144845296773391,0.1417846657003754,-0.0255426194085207,1,0.0,0.9814259063995459,3409.887907556278
2015-08-31,241.64,238.316,0.0,0.0,0.0,0.0,0.0,0.0,0.0,0.0,0.0,0.0,0.0,270.06,215.64,154.66,204.7,263.05,245.58,292.6,292.6,283.91,0.25,0.0229880191355149,0.1456298626055288,0.08711046756737248,0.0210372262054576,0.0008698173383587,0.01,0.1456298626055288,0.1150164360799048,-0.020200403367801,1,0.0229880191355149,1.0039869439159488,3488.274476025143
2015-09-30,241.65,237.945,0.0,0.0,0.0,0.0,0.0,0.0,0.0,0.0,0.0,0.0,0.0,273.46,216.4,154.26,205.3,263.56,246.97,296.83,296.83,284.79,0.25,0.0202229164907539,0.1637906062487069,0.08664067366671008,0.0205842139688136,4.138387684160527e-05,0.01,0.1637906062487069,0.0952956654695442,-0.0030833467159147,1,0.0202229164907539,1.0242904880405683,3558.817559450628
2015-10-31,240.27,237.838,0.0,0.0,0.0,0.0,0.0,0.0,0.0,0.0,0.0,0.0,0.0,270.17,216.27,153.68,207.2,261.31,246.47,303.77,303.77,281.61,0.25,0.0100046239858759,0.2126357847421651,0.08966462168185445,0.0082988796285203,-0.0057107386716325,0.01,0.2126357847421651,0.0603034047226798,0.0182248597464085,1,0.0100046239858759,1.0345381292257236,3594.422190967264
2015-11-30,236.71,237.336,0.0,0.0,0.0,0.0,0.0,0.0,0.0,0.0,0.0,0.0,0.0,267.95,214.7,156.09,210.3,258.8,244.55,297.13,297.13,279.55,0.25,-0.007838041747003,0.251277935025981,0.09688633729866136,-0.0128560175336819,-0.0148166645856744,0.01,0.251277935025981,0.0566190620885243,0.0401090598515208,1,-0.007838041747003,1.026429376179986,3566.248959778109
2015-12-31,238.26,236.525,0.0,0.0,0.0,0.0,0.0,0.0,0.0,0.0,0.0,0.0,0.0,270.07,214.57,155.25,219.1,260.04,245.22,294.87,294.87,280.38,0.5,-0.0010062893081761,0.2479224376731301,0.09543765964248144,-0.008301487168592,0.0065480968273414,0.01,0.2479224376731301,0.0516597719705378,0.0543032786885246,1,-0.0010062893081761,1.0253964912731384,3562.66028157959
2016-01-31,240.87,236.916,0.0,1.23299,1.05204,1.1725,144.285,21962.0,102.21,2236.25,4864.0,53.87,2139.5,269.78,217.1,156.57,209.1,263.6,247.8,296.66,296.66,284.47,0.5,-0.0090101209577881,0.2499688628720886,0.13146221610040082,-0.0227409890960981,0.0109544195416773,0.01,0.2499688628720886,0.037830476949648,0.0629389161256128,1,-0.0090101209577881,1.0161575448570759,3530.5602815110506
2016-02-29,243.7,237.111,0.0,1.448,1.11319,1.3014,160.29399999999998,0.0,95.891,2095.0,4524.25,48.85,3024.0,274.82,219.74,156.92,207.2,266.45,249.3,299.16,299.16,285.1,0.5,0.0065672628144231,0.2402954452195322,0.12163226033358189,-0.0036107349872316,0.0117490762652052,0.01,0.2402954452195322,0.0327532587838286,0.0664661554732946,1,0.0065672628144231,1.0228309185150113,3553.746398761897
2016-03-31,250.12,238.132,0.0,1.22422,1.09814,1.1149,128.31699999999998,22905.0,98.445,2120.0,4796.75,46.74,2736.0,274.57,219.79,158.68,222.6,272.18,253.59,303.51,303.51,290.11,0.5,0.0377131477409451,0.2166160243083319,0.21851338981472068,0.0291877855295177,0.026343865408289,0.01,0.2166160243083319,0.0209990141307918,0.095370122928915,1,0.0377131477409451,1.0614050920589746,3687.769361732256
2016-04-30,252.75,239.261,0.0,0.0,0.0,0.0,0.0,21774.0,99.606,0.0,0.0,0.0,0.0,275.03,218.93,160.5,215.8,275.42,254.78,302.34,302.34,290.16,0.5,0.0444214876033057,0.1975865479723046,0.18455329392390546,0.0331703834143615,0.0105149528226451,0.01,0.1975865479723046,0.0296342792956492,0.1152583260738457,1,0.0444214876033057,1.108554285197958,3851.5855627182964
2016-05-31,254.31,240.229,0.0,0.0,0.0,0.0,0.0,0.0,0.0,0.0,0.0,0.0,0.0,278.21,219.77,159.3,218.1,277.31,255.79,304.79,304.79,294.2,0.5,0.051519536903039,0.1951555188549407,0.17901718328127558,0.0413263113611033,0.0061721068249258,0.01,0.1951555188549407,0.030038823451997,0.1316455696202532,1,0.051519536903039,1.1656664886032362,4050.017467251974
2016-06-30,259.71,241.018,0.0,0.0,0.0,0.0,0.0,0.0,0.0,0.0,0.0,0.0,0.0,281.51,223.97,160.82,226.9,283.31,264.35,320.63,320.63,307.14,0.5,0.0629911591355598,0.1824727580763161,0.17227274418114147,0.0530178941903289,0.0212339270968502,0.01,0.1824727580763161,0.0309996743731681,0.1273152010679126,1,0.0629911591355598,1.239093171885832,4305.13276203344
2016-07-31,269.07,240.628,0.0,0.0,0.0,0.0,0.0,0.0,0.0,0.0,0.0,0.0,0.0,289.56,228.51,164.72,234.4,295.97,273.3,330.57,330.57,319.38,0.5,0.1144845296773391,0.1417846657003754,0.14356504805210576,0.1062131409723521,0.0360401986831466,0.01,0.1417846657003754,0.0235987240414035,0.1470130729769982,1,0.1144845296773391,1.3809501708955838,4798.003861493342
2016-08-31,276.83,240.849,0.0,0.0,0.0,0.0,0.0,0.0,0.0,0.0,0.0,0.0,0.0,293.79,231.67,167.06,228.8,304.4,281.62,340.41,340.41,335.05,0.5,0.1456298626055288,0.1150164360799048,0.13012186421722097,0.1350011175779184,0.0288400787899059,0.01,0.1150164360799048,0.0236822496517317,0.1466052408024569,1,0.1456298626055288,1.582057754548189,5496.736504623414
2016-09-30,281.23,241.428,0.0,0.0,0.0,0.0,0.0,0.0,0.0,0.0,0.0,0.0,0.0,302.52,235.18,169.03,233.6,309.13,285.3,345.03,345.03,336.82,0.5,0.1637906062487069,0.0952956654695442,0.10214353788317157,0.1491527697738912,0.0158942311165699,0.01,0.0952956654695442,0.0266857124306074,0.1741357646831405,1,0.1637906062487069,1.841183953286105,6397.0503091050805
2016-10-31,291.36,241.729,0.0,0.0,0.0,0.0,0.0,0.0,0.0,0.0,0.0,0.0,0.0,313.57,247.12,171.68,239.4,319.13,293.6,353.11,353.11,343.94,0.5,0.2126357847421651,0.0603034047226798,0.05348281877412065,0.1962759095329891,0.0360203392241225,0.01,0.0603034047226798,0.0162172660473245,0.1861524252364723,1,0.2126357847421651,2.232685548047778,7757.29212161675
2016-11-30,296.19,241.353,0.0,0.0,0.0,0.0,0.0,0.0,0.0,0.0,0.0,0.0,0.0,326.06,244.64,170.7,240.7,322.79,296.6,361.94,361.94,348.12,0.5,0.251277935025981,0.0566190620885243,0.05275095909663018,0.2343525634009431,0.0165774299835255,0.01,0.0566190620885243,0.0013100715746421,0.2083188579730284,1,0.251277935025981,2.7937101621235745,9706.528467329917
2016-12-31,297.33,241.432,0.0,0.0,0.0,0.0,0.0,0.0,0.0,0.0,0.0,0.0,0.0,323.12,244.11,173.92,243.4,323.35,299.8,371.4,371.4,350.16,0.75,0.2479224376731301,0.0516597719705378,0.049873853633724076,0.2271762163434609,0.003848880785982,0.01,0.0516597719705378,-0.0020467555726118,0.2305087933791028,0,0.2479224376731301,3.486333595669447,12112.994666293982
2017-01-31,301.08,242.839,0.0,1.35035,1.20025,1.1245,152.14499999999998,29948.0,92.124,2676.0,6408.75,60.09,1895.6,329.73,250.88,176.36,247.6,325.87,301.24,372.05,372.05,347.08,0.75,0.2499688628720886,0.037830476949648,0.032851714860923205,0.2249684407815586,0.0126122490162445,0.01,0.037830476949648,-0.001568150542452,0.2460732984293192,0,0.0,3.486333595669447,15140.866169003164
2017-02-28,302.26,243.603,0.0,1.32822,1.164565,1.1403,150.91099999999997,25481.0,94.552,2572.75,6249.75,54.6,2091.1,335.66,250.17,176.72,247.8,327.5,303.15,376.81,376.81,350.02,0.75,0.2402954452195322,0.0327532587838286,0.030594642723879146,0.2129158635046391,0.003919224126478,0.01,0.0327532587838286,-0.0076883649410559,0.2440264046859019,0,0.0,3.486333595669447,18779.147346093134
2017-03-31,304.3,243.801,0.0,1.32103,1.184195,1.1157,145.65699999999998,28200.0,92.863,2468.0,5882.5,50.16,2066.0,341.1,255.65,180.79,253.2,330.61,306.67,381.78,381.78,351.16,1.0,0.2166160243083319,0.0209990141307918,0.022260679639567852,0.1928098999739291,0.0067491563554555,0.01,0.0209990141307918,-0.0053429463452316,0.2321063706504831,0,0.0,3.486333595669447,22847.01158410419
2017-04-30,302.69,244.524,0.0,0.0,0.0,0.0,0.0,0.0,0.0,0.0,0.0,0.0,0.0,342.72,257.03,182.17,251.9,329.28,306.81,381.05,381.05,352.32,1.0,0.1975865479723046,0.0296342792956492,0.029028486589498182,0.1755896491881317,-0.0052908314163654,0.01,0.0296342792956492,-0.0100429955720979,0.2221955176350416,0,0.0,3.486333595669447,27361.273734490595
2017-05-31,303.94,244.733,0.0,0.0,0.0,0.0,0.0,0.0,0.0,0.0,0.0,0.0,0.0,344.47,259.9,183.39,252.0,330.9,310.57,390.95,390.95,352.79,1.0,0.1951555188549407,0.030038823451997,0.028952589486778743,0.1764067416465271,0.0041296375830057,0.01,0.030038823451997,-0.0161625195643146,0.2220432513049963,0,0.0,3.486333595669447,32700.97730667717
2017-06-30,307.1,244.955,0.0,0.0,0.0,0.0,0.0,0.0,0.0,0.0,0.0,0.0,0.0,343.69,259.09,185.05,264.8,332.73,313.89,396.44,396.44,357.96,1.25,0.1824727580763161,0.0309996743731681,0.02976755445306159,0.1661378785237515,0.0103967888399028,0.01,0.0309996743731681,-0.0233718653275218,0.2212255772646534,0,0.0,3.486333595669447,38668.014827617575
2017-07-31,307.22,244.786,0.0,0.0,0.0,0.0,0.0,0.0,0.0,0.0,0.0,0.0,0.0,347.19,262.86,184.15,267.6,333.96,316.82,398.01,398.01,365.17,1.25,0.1417846657003754,0.0235987240414035,0.022951996160128215,0.1245048811366504,0.0003907521979811,0.01,0.0235987240414035,-0.0139917957197825,0.1865712554462302,0,0.0,3.486333595669447,44150.54638324849
2017-08-31,308.67,245.519,0.0,0.0,0.0,0.0,0.0,0.0,0.0,0.0,0.0,0.0,0.0,349.09,267.84,184.64,266.7,337.32,321.64,411.38,411.38,368.85,1.25,0.1150164360799048,0.0236822496517317,0.02303409994173367,0.0956266939593231,0.0047197448082807,0.01,0.0236822496517317,-0.0114247737198557,0.187159832445217,0,0.0,3.486333595669447,49228.584879230264
2017-09-30,308.03,246.819,0.0,0.0,0.0,0.0,0.0,0.0,0.0,0.0,0.0,0.0,0.0,350.99,270.57,183.09,267.1,336.26,321.2,412.49,412.49,365.86,1.25,0.0952956654695442,0.0266857124306074,0.024481259743963427,0.072966026819512,-0.0020734117342147,0.01,0.0266857124306074,-0.015494071146245,0.1643891998682911,0,0.0,3.486333595669447,53919.855635420456
2017-10-31,308.93,246.663,0.0,0.0,0.0,0.0,0.0,0.0,0.0,0.0,0.0,0.0,0.0,357.56,271.47,183.34,266.5,337.91,324.47,422.82,422.82,368.69,1.25,0.0603034047226798,0.0162172660473245,0.014501812304878223,0.0398921177029181,0.0029217933318184,0.01,0.0162172660473245,-0.0177422437408422,0.1332295134786811,0,0.0,3.486333595669447,57171.40651239168
2017-11-30,312.96,246.669,0.0,0.0,0.0,0.0,0.0,0.0,0.0,0.0,0.0,0.0,0.0,354.98,276.34,183.35,268.9,341.13,333.54,460.07,460.07,373.67,1.25,0.0566190620885243,0.0013100715746421,-0.008063606743964107,0.0345932327016924,0.0130450263813808,0.01,0.0013100715746421,-0.0285604876025146,0.0991139339763194,0,0.0,3.486333595669447,60408.39792740505
2017-12-31,312.69,246.524,0.0,0.0,0.0,0.0,0.0,0.0,0.0,0.0,0.0,0.0,0.0,357.31,273.2,183.41,266.3,341.28,330.34,442.73,442.73,369.24,1.5,0.0516597719705378,-0.0020467555726118,-0.014391272282456031,0.0305689472248535,-0.0008627300613496,0.01,-0.0020467555726118,-0.030411792981894,0.0690920207887495,0,0.0,3.486333595669447,63529.0819894403
2018-01-31,312.47,247.867,0.0,1.27481,1.13181,1.1263,144.64899999999997,26531.0,97.272,2758.25,6949.5,50.63,2191.1,361.91,269.2,183.89,267.9,341.57,330.99,437.64,437.64,378.42,1.5,0.037830476949648,-0.001568150542452,-0.01712228477100956,0.0171254007468963,-0.0007035722280852,0.01,-0.001568150542452,-0.0323738701198795,0.0349639855942376,0,0.0,3.486333595669447,65932.41746127412
2018-02-28,312.16,248.991,0.0,1.31204,1.16894,1.1222,146.748,24911.0,94.493,2817.0,7244.75,68.39,2153.1,362.03,277.58,184.37,278.3,341.22,334.75,454.48,454.48,379.18,1.5,0.0327532587838286,-0.0076883649410559,-0.02595666018841104,0.010635304571442,-0.0009920952411431,0.01,-0.0076883649410559,-0.0232438016528925,0.0343539024937096,0,0.0,3.486333595669447,68091.91899262666
2018-03-31,310.69,249.554,0.0,1.27391,1.14657,1.1126,139.76299999999998,25854.0,96.173,2505.25,6333.25,45.4,2414.1,360.48,268.51,185.22,286.4,340.18,334.42,461.6,461.6,377.98,1.75,0.0209990141307918,-0.0053429463452316,-0.023484329550662535,-0.0025980999089372,-0.0047091235263968,0.01,-0.0053429463452316,-0.0312914603760151,0.0298252561754368,0,0.0,3.486333595669447,69521.78216174556
2018-04-30,311.66,250.546,0.0,0.0,0.0,0.0,0.0,0.0,95.132,2919.0,7655.25,0.0,0.0,361.43,268.93,187.1,280.6,341.02,337.04,473.56,473.56,377.54,1.75,0.0296342792956492,-0.0100429955720979,-0.022828462364279406,0.0050068398623011,0.0031220831053462,0.01,-0.0100429955720979,-0.0326386412990632,0.0177474067155007,0,0.0,3.486333595669447,71582.01007145802
2018-05-31,313.07,251.588,0.0,0.0,0.0,0.0,0.0,0.0,0.0,0.0,0.0,0.0,0.0,366.59,267.03,187.89,295.7,341.91,340.95,481.04,481.04,390.49,1.75,0.030038823451997,-0.0161625195643146,-0.025722688961089885,0.0020287063039214,0.0045241609446189,0.01,-0.0161625195643146,-0.0381805785526443,-0.0097878884034269,0,0.0,3.486333595669447,73732.24943433361
2018-06-30,316.62,251.989,0.0,0.0,0.0,0.0,0.0,0.0,0.0,0.0,0.0,0.0,0.0,372.73,270.89,189.72,305.2,346.28,345.61,490.31,490.31,397.26,2.0,0.0309996743731681,-0.0233718653275218,-0.03676833659168859,0.0022841960200012,0.0113393170856357,0.01,-0.0233718653275218,-0.0309488390142942,-0.0453542772646837,0,0.0,3.486333595669447,76017.92515759917
2018-07-31,314.47,252.006,0.0,0.0,0.0,0.0,0.0,0.0,0.0,0.0,0.0,0.0,0.0,376.57,276.58,189.78,310.0,345.96,348.05,507.87,507.87,395.74,2.0,0.0235987240414035,-0.0139917957197825,-0.024550037785613873,-0.0058964268250676,-0.0067904743856989,0.01,-0.0139917957197825,-0.0255426194085207,-0.0725141648226053,0,0.0,3.486333595669447,77811.85119559341
2018-08-31,315.98,252.146,0.0,0.0,0.0,0.0,0.0,0.0,0.0,0.0,0.0,0.0,0.0,380.51,270.89,190.78,311.1,347.54,350.73,511.78,511.78,400.88,2.0,0.0236822496517317,-0.0114247737198557,-0.010570348021231562,-0.0033095513901426,0.0048017298947435,0.01,-0.0114247737198557,-0.020200403367801,-0.0961570773625213,0,0.0,3.486333595669447,79654.61088147086
2018-09-30,316.25,252.439,0.0,0.0,0.0,0.0,0.0,0.0,0.0,0.0,0.0,0.0,0.0,392.18,286.96,192.68,303.1,349.29,360.49,548.67,548.67,408.93,2.25,0.0266857124306074,-0.015494071146245,-0.016408548658046095,0.0039159904886174,0.0008544844610418,0.01,-0.015494071146245,-0.0030833467159147,-0.113137740073053,0,0.0,3.486333595669447,81780.25092122573
2018-10-31,313.94,252.885,0.0,0.0,0.0,0.0,0.0,0.0,0.0,0.0,0.0,0.0,0.0,387.95,285.03,189.68,312.4,346.68,358.15,555.89,555.89,401.51,2.25,0.0162172660473245,-0.0177422437408422,-0.017155434492688602,-0.0090074332387457,-0.0073043478260869,0.01,-0.0177422437408422,0.0182248597464085,-0.1251480832109178,0,0.0,3.486333595669447,83106.5030078322
2018-11-30,313.37,252.038,0.0,0.0,0.0,0.0,0.0,0.0,0.0,0.0,0.0,0.0,0.0,386.12,280.83,193.69,321.8,343.39,364.18,599.99,599.99,402.67,2.25,0.0013100715746421,-0.0285604876025146,-0.030780918890793513,-0.0204559387468818,-0.0018156335605529,0.01,-0.0285604876025146,0.0401090598515208,-0.1336710185251242,0,0.0,3.486333595669447,83215.37847509068
2018-12-31,312.05,251.233,0.0,0.0,0.0,0.0,0.0,0.0,0.0,0.0,0.0,0.0,0.0,385.17,283.23,196.17,322.1,343.03,363.34,597.07,597.07,399.85,2.5,-0.0020467555726118,-0.030411792981894,-0.0317673494076126,-0.0211483440589255,-0.0042122730318792,0.01,-0.030411792981894,0.0543032786885246,-0.1412401105709655,0,-0.0,3.486333595669447,83045.05693546978
2019-01-31,311.98,251.712,0.0,1.29272,1.10188,1.1733,141.563,26333.0,98.273,3143.75,8417.5,55.22,2557.5,385.51,284.55,194.2,317.0,343.1,362.22,594.72,594.72,394.38,2.5,-0.001568150542452,-0.0323738701198795,-0.03366218948690628,-0.0170805019244433,-0.0002243230251561,0.01,-0.0323738701198795,0.0629389161256128,-0.1318689285196461,0,-0.0,3.486333595669447,82914.82978438846
2019-02-28,309.76,252.776,0.0,1.32502,1.12121,1.1822,143.94099999999997,28270.0,96.389,3231.0,8752.25,61.35,2541.7,384.91,284.15,192.15,318.8,341.07,358.4,576.43,576.43,394.95,2.5,-0.0076883649410559,-0.0232438016528925,-0.022651597196664337,-0.022889717600389,-0.007115840759023,0.01,-0.0232438016528925,0.0664661554732946,-0.1446050096339113,0,-0.0,3.486333595669447,82277.35031398055
2019-03-31,309.03,254.202,0.0,1.26948,1.13721,1.1147,137.004,28505.0,99.377,2978.5,7770.5,58.15,2439.1,389.25,287.13,190.03,290.7,339.84,354.27,563.25,563.25,386.22,2.5,-0.0053429463452316,-0.0312914603760151,-0.03163582955341817,-0.0239681737509234,-0.0023566632231405,0.01,-0.0312914603760151,0.095370122928915,-0.1426442665897564,0,-0.0,3.486333595669447,81837.74684582514
2019-04-30,308.53,255.548,0.0,0.0,0.0,0.0,0.0,0.0,0.0,0.0,0.0,0.0,0.0,385.02,286.71,192.96,295.2,339.24,353.12,557.64,557.64,382.81,2.5,-0.0100429955720979,-0.0326386412990632,-0.03374852950711998,-0.0300073933274005,-0.001617965893279,0.01,-0.0326386412990632,0.1152583260738457,-0.1500096609023282,0,-0.0,3.486333595669447,81015.85071662205
2019-05-31,308.01,256.092,0.0,0.0,0.0,0.0,0.0,0.0,0.0,0.0,0.0,0.0,0.0,381.25,287.97,193.81,292.6,339.88,353.48,557.3,557.3,384.68,2.5,-0.0161625195643146,-0.0381805785526443,-0.04672578925424583,-0.0340648042519786,-0.0016854114672802,0.01,-0.0381805785526443,0.1316455696202532,-0.1379165845000985,0,-0.0,3.486333595669447,79706.43044439505
2019-06-30,309.22,256.143,0.0,0.0,0.0,0.0,0.0,0.0,0.0,0.0,0.0,0.0,0.0,386.59,290.03,196.95,297.5,341.42,355.92,559.87,559.87,387.85,2.5,-0.0233718653275218,-0.0309488390142942,-0.031839160905832505,-0.0398567118882844,0.0039284438816922,0.01,-0.0309488390142942,0.1273152010679126,,0,-0.0,3.486333595669447,77843.54248631117
2019-07-31,310.07,256.571,0.0,0.0,0.0,0.0,0.0,0.0,0.0,0.0,0.0,0.0,0.0,389.63,291.09,198.52,315.1,342.05,357.68,565.76,565.76,390.74,2.25,-0.0139917957197825,-0.0255426194085207,-0.022244826186443557,-0.0321064437837177,0.0027488519500677,0.01,-0.0255426194085207,0.1470130729769982,,0,-0.0,3.486333595669447,76754.3715417385
2019-08-31,312.37,256.558,0.0,0.0,0.0,0.0,0.0,0.0,0.0,0.0,0.0,0.0,0.0,392.36,297.32,196.07,309.0,342.84,359.71,568.96,568.96,396.91,2.25,-0.0114247737198557,-0.020200403367801,-0.019346890456228928,-0.0289225726141472,0.007417679878737,0.01,-0.020200403367801,0.1466052408024569,,0,-0.0,3.486333595669447,75877.4702148644
2019-09-30,311.35,256.759,0.0,0.0,0.0,0.0,0.0,0.0,0.0,0.0,0.0,0.0,0.0,394.77,297.83,195.28,308.8,342.36,360.88,583.29,583.29,393.18,2.0,-0.015494071146245,-0.0030833467159147,-0.001939818922935686,-0.0326071162779402,-0.0032653583890898,0.01,-0.0030833467159147,0.1741357646831405,,0,-0.0,3.486333595669447,74701.8192929582
2019-10-31,308.37,257.346,0.0,0.0,0.0,0.0,0.0,0.0,0.0,0.0,0.0,0.0,0.0,402.11,297.63,192.54,308.3,339.09,356.62,570.29,570.29,384.91,1.75,-0.0177422437408422,0.0182248597464085,0.01982697622391828,-0.035382673185056,-0.0095712220973182,0.01,0.0182248597464085,0.1861524252364723,,0,-0.0,3.486333595669447,73376.44140717818
2019-11-30,304.42,257.208,0.0,0.0,0.0,0.0,0.0,0.0,0.0,0.0,0.0,0.0,0.0,393.47,296.18,191.73,302.7,335.38,350.4,553.56,553.56,374.5,1.75,-0.0285604876025146,0.0401090598515208,0.03678522024067154,-0.0490732674214308,-0.0128092875441838,0.01,0.0401090598515208,0.2083188579730284,,0,-0.0,3.486333595669447,71280.77446205182
2019-12-31,302.56,256.974,0.0,0.0,0.0,0.0,0.0,0.0,0.0,0.0,0.0,0.0,0.0,393.85,296.54,190.07,302.0,332.87,348.13,544.75,544.75,374.11,1.75,-0.030411792981894,0.0543032786885246,0.05455293439014598,-0.0532630903831111,-0.0061099796334013,0.01,0.0543032786885246,0.2305087933791028,,1,-0.0,3.486333595669447,69112.99830552282
2020-01-31,301.88,257.971,0.0,1.36561,1.22156,1.1184,141.00199999999998,27219.0,89.937,3748.75,12885.5,48.181,2559.0,394.49,298.81,188.14,300.2,330.87,346.07,538.06,538.06,374.41,1.75,-0.0323738701198795,0.0629389161256128,0.058193546753080444,-0.0572395896723841,-0.0022474881015336,0.01,0.0629389161256128,0.2460732984293192,,1,-0.0323738701198795,3.3734674846486716,66875.54307478438
2020-02-29,302.56,258.678,0.0,1.33173,1.19249,1.117,138.915,26432.0,91.869,3623.25,12277.0,45.045,2738.9,393.01,298.2,189.3,297.9,328.75,343.39,530.95,530.95,368.44,1.75,-0.0232438016528925,0.0664661554732946,0.05820807492819322,-0.046592537292352,0.0022525506823902,0.01,0.0664661554732946,0.2440264046859019,,1,-0.0232438016528925,3.2950552755530156,65321.10121612462
2020-03-31,299.36,258.115,0.0,1.3369,1.19362,1.11933,141.583,25075.0,92.144,3499.0,12114.0,42.791,2650.5,386.42,298.28,188.59,298.1,323.33,338.76,522.98,522.98,360.95,0.25,-0.0312914603760151,0.095370122928915,0.11107593212973672,-0.0466847302952132,-0.0105764145954521,0.01,0.095370122928915,0.2321063706504831,,1,-0.0312914603760151,3.191948183961269,63277.10856570258
2020-04-30,298.46,256.389,0.0,0.0,0.0,0.0,0.0,22769.0,0.0,0.0,0.0,0.0,0.0,391.48,295.73,188.48,294.3,324.12,337.41,519.33,519.33,360.46,0.25,-0.0326386412990632,0.1152583260738457,0.11355467826084181,-0.0359296081624315,-0.0030064136825228,0.01,0.1152583260738457,0.2221955176350416,,1,-0.0326386412990632,3.0877673321397605,61211.829716784734
2020-05-31,296.25,256.394,0.0,0.0,0.0,0.0,0.0,24157.0,0.0,0.0,0.0,0.0,0.0,393.44,301.07,191.01,300.5,328.45,342.08,523.75,523.75,367.07,0.25,-0.0381805785526443,0.1316455696202532,0.1359994889237127,-0.0393598422547514,-0.0074046773436975,0.01,0.1316455696202532,0.2220432513049963,,1,-0.0381805785526443,2.969874588962709,58874.72664393194
2020-06-30,299.65,257.797,0.0,0.0,0.0,0.0,0.0,0.0,0.0,0.0,0.0,0.0,0.0,402.31,301.42,192.55,299.2,329.79,344.82,525.77,525.77,372.78,0.25,-0.0309488390142942,0.1273152010679126,0.1252433317182985,-0.037406169489849,0.011476793248945,0.01,0.1273152010679126,0.2212255772646534,,1,-0.0309488390142942,2.877960418416259,57052.622207018314
2020-07-31,302.15,259.101,0.0,0.0,0.0,0.0,0.0,0.0,0.0,0.0,0.0,0.0,0.0,407.06,303.57,193.32,301.4,331.53,348.31,532.68,532.68,374.39,0.25,-0.0255426194085207,0.1470130729769982,0.13288286314083797,-0.0354034376615578,0.0083430669113966,0.01,0.1470130729769982,0.1865712554462302,,1,-0.0255426194085207,2.8044497707758653,55595.348791726334
2020-08-31,306.06,259.918,0.0,0.0,0.0,0.0,0.0,0.0,0.0,0.0,0.0,0.0,0.0,411.9,303.2,193.18,301.5,330.59,348.05,530.65,530.65,375.04,0.25,-0.020200403367801,0.1466052408024569,0.13288286314083797,-0.0332968571911082,0.0129405924209831,0.01,0.1466052408024569,0.187159832445217,,1,-0.020200403367801,2.7477987541814555,54472.300320759874
2020-09-30,310.39,260.28,0.0,0.0,0.0,0.0,0.0,0.0,0.0,0.0,0.0,0.0,0.0,420.65,310.45,195.32,294.5,341.13,351.46,534.35,534.35,382.97,0.25,-0.0030833467159147,0.1741357646831405,0.17207532882476034,-0.0167965953264793,0.014147552767431,0.01,0.1741357646831405,0.1643891998682911,,1,-0.0030833467159147,2.7393263379167556,54304.34333245754
2020-10-31,313.99,260.388,0.0,0.0,0.0,0.0,0.0,0.0,0.0,0.0,0.0,0.0,0.0,417.11,308.98,196.34,295.3,345.43,352.47,532.16,532.16,386.1,0.25,0.0182248597464085,0.1861524252364723,0.18103416653928936,0.0064041980691336,0.0115983118012823,0.01,0.1861524252364723,0.1332295134786811,,1,0.0182248597464085,2.7892501762249315,55294.032373312395
2020-11-30,316.63,260.229,0.0,0.0,0.0,0.0,0.0,0.0,0.0,0.0,0.0,0.0,0.0,422.83,314.98,198.01,297.5,348.3,353.7,535.87,535.87,384.12,0.25,0.0401090598515208,0.2083188579730284,0.19530001616224166,0.0283637020088411,0.0084079110799706,0.01,0.2083188579730284,0.0991139339763194,,1,0.0401090598515208,2.901124378484002,57511.82402720551
2020-12-31,318.99,260.474,0.0,0.0,0.0,0.0,0.0,0.0,0.0,0.0,0.0,0.0,0.0,424.51,322.53,199.51,301.0,349.93,356.46,540.01,540.01,386.0,0.25,0.0543032786885246,0.2305087933791028,0.22173621076321198,0.0406832237413314,0.007453494615166,0.01,0.2305087933791028,0.0690920207887495,,1,0.0543032786885246,3.058664944118892,60634.904635240244
2021-01-31,320.88,261.582,0.0,1.35323,1.1373,1.1886,155.754,23451.0,95.598,4758.5,16320.75,75.351,2540.6,429.04,320.88,202.01,298.6,351.74,359.22,550.15,550.15,388.05,0.25,0.0629389161256128,0.2460732984293192,0.2735954568941402,0.048941218710012,0.0059249506254113,0.01,0.2460732984293192,0.0349639855942376,,1,0.0629389161256128,3.251174000493143,64451.19981236217
2021-02-28,322.67,263.014,0.0,1.3754,1.18088,1.16447,151.26899999999998,25754.0,92.626,4520.5,15582.5,68.535,2537.9,435.35,318.74,204.01,298.4,352.49,361.45,558.44,558.44,390.58,0.25,0.0664661554732946,0.2440264046859019,0.2656381298712614,0.0497040032995494,0.005578409374221,0.01,0.2440264046859019,0.0343539024937096,,1,0.0664661554732946,3.4672670370806533,68735.023279531
2021-03-31,327.91,264.877,0.0,1.42053,1.22258,1.16185,155.63,28958.0,90.031,4202.5,13686.5,67.0,2438.6,435.31,326.26,207.34,300.9,357.85,365.06,564.06,564.06,393.29,0.25,0.095370122928915,0.2321063706504831,0.2628681567072798,0.0691724978393231,0.0162395016580407,0.01,0.2321063706504831,0.0298252561754368,,1,0.095370122928915,3.79794072063441,75290.29089922171
2021-04-30,332.86,267.054,0.0,0.0,0.0,0.0,0.0,25304.0,90.584,3705.25,12911.25,0.0,0.0,436.24,329.19,208.21,306.1,361.85,369.96,573.48,573.48,397.69,0.25,0.1152583260738457,0.2221955176350416,0.21945146514473055,0.0736613776868246,0.0150956055015094,0.01,0.2221955176350416,0.0177474067155007,,1,0.1152583260738457,4.2356850106224275,83968.12379787891
2021-05-31,335.25,269.195,0.0,0.0,0.0,0.0,0.0,0.0,0.0,0.0,0.0,0.0,0.0,445.48,328.85,208.3,317.3,363.24,372.78,575.77,575.77,401.42,0.25,0.1316455696202532,0.2220432513049963,0.21383626983661874,0.0817185042443084,0.007180195878147,0.01,0.2220432513049963,-0.0097878884034269,,1,0.1316455696202532,4.793294176577785,95022.15528519462
2021-06-30,337.8,271.696,0.0,0.0,0.0,0.0,0.0,0.0,0.0,0.0,0.0,0.0,0.0,448.15,333.02,211.69,315.1,364.12,375.97,583.2,583.2,402.62,0.25,0.1273152010679126,0.2212255772646534,0.21118041269526214,0.0734006869346992,0.0076062639821028,0.01,0.2212255772646534,-0.0453542772646837,,1,0.1273152010679126,5.40355338844644,107119.92009123559
2021-07-31,346.57,273.003,0.0,0.0,0.0,0.0,0.0,0.0,0.0,0.0,0.0,0.0,0.0,460.59,334.79,213.67,322.4,367.85,380.88,592.93,592.93,409.03,0.25,0.1470130729769982,0.1865712554462302,0.1848413130770644,0.0933583205831443,0.0259621077560685,0.01,0.1865712554462302,-0.0725141648226053,,1,0.1470130729769982,6.197946377077223,122867.94872089862
2021-08-31,350.93,273.567,0.0,0.0,0.0,0.0,0.0,0.0,0.0,0.0,0.0,0.0,0.0,467.25,340.05,214.52,332.8,372.03,385.78,597.01,597.01,412.46,0.25,0.1466052408024569,0.187159832445217,0.18455242591280727,0.094092525253707,0.0125804310817438,0.01,0.187159832445217,-0.0961570773625213,,1,0.1466052408024569,7.106597798169345,140881.0339300299
2021-09-30,364.44,274.31,0.0,0.0,0.0,0.0,0.0,0.0,0.0,0.0,0.0,0.0,0.0,488.42,347.0,219.4,341.6,377.62,396.9,636.3,636.3,416.3,0.25,0.1741357646831405,0.1643891998682911,0.1659491844367318,0.1202322761323488,0.0384977060952327,0.01,0.1643891998682911,-0.113137740073053,,1,0.1741357646831405,8.344110640049086,165413.46050278711
2021-10-31,372.44,276.589,0.0,0.0,0.0,0.0,0.0,0.0,0.0,0.0,0.0,0.0,0.0,525.4,354.5,223.6,350.72,380.64,405.4,661.3,661.3,417.4,0.25,0.1861524252364723,0.1332295134786811,0.13664898772716333,0.1239337362031833,0.0219514872132586,0.01,0.1332295134786811,-0.1251480832109178,,1,0.1861524252364723,9.897387072135677,196205.57734213836
2021-11-30,382.59,277.948,0.0,0.0,0.0,0.0,0.0,0.0,0.0,0.0,0.0,0.0,0.0,567.92,359.67,224.43,359.06,383.87,415.31,686.8,686.8,426.79,0.25,0.2083188579730284,0.0991139339763194,0.10343046381064896,0.1402288295749636,0.0272527118462033,0.01,0.0991139339763194,-0.1336710185251242,,1,0.2083188579730284,11.959199443919998,237078.89914199134
2021-12-31,392.52,278.802,0.0,0.0,0.0,0.0,0.0,0.0,0.0,0.0,0.0,0.0,0.0,600.64,367.28,228.28,372.17,389.0,424.46,707.49,707.49,433.03,0.25,0.2305087933791028,0.0690920207887495,0.06319124716566867,0.1601447647236513,0.0259546773308241,0.01,0.0690920207887495,-0.1412401105709655,,1,0.2305087933791028,14.715900077518034,291727.67011885776
2022-01-31,399.84,281.148,0.0,1.20857,1.07039,1.1295,158.423,19915.0,103.522,3861.0,11022.25,80.415,2591.0,634.01,374.69,233.92,394.01,394.0,439.25,752.41,752.41,438.09,0.25,0.2460732984293192,0.0349639855942376,0.035600277743749936,0.171274573746428,0.0186487312748395,0.01,0.0349639855942376,-0.1318689285196461,,0,0.2460732984293192,18.337090148949173,363514.06014810543
2022-02-28,401.41,283.716,0.0,1.25994,1.07322,1.1737,161.989,0.0,101.752,4131.25,12646.5,115.26,2511.0,641.18,382.03,235.79,394.24,397.94,446.23,779.76,779.76,442.27,0.25,0.2440264046859019,0.0343539024937096,0.03514656679635599,0.1653157657085091,0.0039265706282514,0.01,0.0343539024937096,-0.1446050096339113,,0,0.0,18.337090148949173,452221.08929882233
2022-03-31,404.02,287.504,0.0,1.14597,0.98828,1.1598,170.42,14637.0,111.527,3883.0,11447.25,86.362,2330.9,658.01,384.36,239.86,397.97,401.89,455.22,810.96,810.96,442.51,0.5,0.2321063706504831,0.0298252561754368,0.030373148160924433,0.1466818151020588,0.0065020801674098,0.01,0.0298252561754368,-0.1426442665897564,,0,0.0,18.337090148949173,557184.48506758
2022-04-30,406.82,289.109,0.0,0.0,0.0,0.0,0.0,20094.0,0.0,0.0,0.0,0.0,0.0,656.98,381.71,239.83,397.08,404.59,460.95,839.05,839.05,449.51,0.5,0.2221955176350416,0.0177474067155007,0.0188060923213209,0.1396092242262179,0.006930349982674,0.01,0.0177474067155007,-0.1500096609023282,,0,0.0,18.337090148949173,680988.380145385
2022-05-31,409.69,292.296,0.0,0.0,0.0,0.0,0.0,0.0,0.0,0.0,0.0,0.0,0.0,665.5,382.44,245.32,399.98,406.93,468.12,865.24,865.24,457.66,1.0,0.2220432513049963,-0.0097878884034269,-0.010451085563197909,0.1362281358682311,0.0070547170738901,0.01,-0.0097878884034269,-0.1379165845000985,,0,0.0,18.337090148949173,832197.2541737892
2022-06-30,412.53,296.311,0.0,0.0,0.0,0.0,0.0,0.0,0.0,0.0,0.0,0.0,0.0,675.82,386.23,248.33,404.07,408.69,471.65,876.55,876.55,454.35,1.75,0.2212255772646534,-0.0453542772646837,-0.04314171052636512,0.1306279976168118,0.0069320705899582,0.01,-0.0453542772646837,,,0,0.0,18.337090148949173,1016300.5721264452
2022-07-31,411.23,296.276,0.0,0.0,0.0,0.0,0.0,0.0,0.0,0.0,0.0,0.0,0.0,696.85,387.55,245.59,402.0,408.3,473.58,886.9,886.9,452.36,2.5,0.1865712554462302,-0.0725141648226053,-0.12169631762318735,0.101323107989975,-0.003151285967081,0.01,-0.0725141648226053,,,0,0.0,18.337090148949173,1205913.0457787982
2022-08-31,416.61,296.171,0.0,0.0,0.0,0.0,0.0,0.0,0.0,0.0,0.0,0.0,0.0,711.37,391.11,245.68,394.58,409.42,474.16,886.54,886.54,452.12,2.5,0.187159832445217,-0.0961570773625213,-0.17742134772866017,0.1045329074140546,0.0130827031101816,0.01,-0.0961570773625213,,,0,0.0,18.337090148949173,1431611.5293702595
2022-09-30,424.35,296.808,0.0,0.0,0.0,0.0,0.0,0.0,0.0,0.0,0.0,0.0,0.0,734.44,400.52,252.35,407.64,415.42,484.28,902.75,902.75,466.03,3.25,0.1643891998682911,-0.113137740073053,-0.1864452175100417,0.0823725034299549,0.0185785266796285,0.01,-0.113137740073053,,,0,0.0,18.337090148949173,1666953.003205657
2022-10-31,422.06,298.012,0.0,0.0,0.0,0.0,0.0,0.0,0.0,0.0,0.0,0.0,0.0,749.63,401.1,248.73,402.69,414.27,484.99,909.38,909.38,470.69,3.25,0.1332295134786811,-0.1251480832109178,-0.1927886820339009,0.0557752401706319,-0.0053964887474962,0.01,-0.1251480832109178,,,0,0.0,18.337090148949173,1889040.3408145732
2022-11-30,420.51,297.711,0.0,0.0,0.0,0.0,0.0,0.0,0.0,0.0,0.0,0.0,0.0,730.56,403.3,244.25,395.76,413.97,482.15,901.49,901.49,470.28,4.0,0.0991139339763194,-0.1336710185251242,-0.20034898440014026,0.0280107060344021,-0.0036724636307634,0.01,-0.1336710185251242,,,0,0.0,18.337090148949173,2076270.5604326727
2022-12-31,419.64,296.797,0.0,0.0,0.0,0.0,0.0,0.0,0.0,0.0,0.0,0.0,0.0,713.17,400.99,241.15,391.66,411.16,480.12,896.11,896.11,469.63,4.5,0.0690920207887495,-0.1412401105709655,-0.201429769462709,0.0045480074746413,-0.0020689163159021,0.01,-0.1412401105709655,,,0,0.0,18.337090148949173,2219724.2891571554
2023-01-31,413.82,299.17,0.0,1.27233,1.10374,1.1532,179.463,17132.0,101.333,4820.0,17023.5,71.293,4179.6,682.13,393.59,232.72,382.97,407.8,476.27,899.73,899.73,466.78,4.5,0.0349639855942376,-0.1318689285196461,-0.19907411272075137,-0.029137484094325,-0.013869030597655,0.01,-0.1318689285196461,,,0,0.0,18.337090148949173,2297334.6972264256
2023-02-28,415.2,300.84,0.0,1.21524,1.05743,1.1484,184.207,18200.0,106.663,4212.25,14490.25,81.305,3818.7,679.02,397.92,228.56,387.63,406.52,472.49,880.85,880.85,466.31,4.75,0.0343539024937096,-0.1446050096339113,-0.201004085092103,-0.0260022282849563,0.0033347832390895,0.01,-0.1446050096339113,,,0,0.0,18.337090148949173,2376257.109410358
2023-03-31,416.07,301.836,0.0,1.28344,1.09978,1.1669,182.534,17144.0,101.855,4614.5,15857.5,81.715,3543.4,671.43,398.48,229.28,387.05,406.75,472.69,882.29,882.29,466.57,5.0,0.0298252561754368,-0.1426442665897564,-0.2008950027832795,-0.0200244850455548,0.0020953757225432,0.01,-0.1426442665897564,,,0,0.0,18.337090148949173,2447129.5864372253
2023-04-30,414.04,303.363,0.0,0.0,0.0,0.0,0.0,0.0,0.0,0.0,0.0,0.0,0.0,662.16,395.04,225.84,382.92,404.46,468.04,868.86,868.86,466.67,5.0,0.0177474067155007,-0.1500096609023282,-0.20338596587824223,-0.0315557972663884,-0.0048789867089671,0.01,-0.1500096609023282,,,0,0.0,18.337090148949173,2490559.790493262
2023-05-31,405.68,304.127,0.0,0.0,0.0,0.0,0.0,0.0,0.0,0.0,0.0,0.0,0.0,648.09,392.69,211.56,368.9,400.62,457.0,845.4,845.4,456.77,5.25,-0.0097878884034269,-0.1379165845000985,-0.20027114184065645,-0.0502639811313466,-0.0201912858660999,0.01,-0.1379165845000985,,,0,-0.0,18.337090148949173,2466182.4692018516
2023-06-30,393.82,305.109,0.0,0.0,0.0,0.0,0.0,0.0,0.0,0.0,0.0,0.0,0.0,640.0,387.41,204.93,360.02,390.4,447.38,821.83,821.83,447.62,5.25,-0.0453542772646837,-0.1158143314204459,0.2031152008835392,-0.0750460538102726,-0.0292348649181621,0.01,,,,1,-0.0,18.337090148949173,2354330.5457083685
2023-07-31,381.41,305.691,0.0,0.0,0.0,0.0,0.0,0.0,0.0,0.0,0.0,0.0,0.0,638.65,386.03,201.63,357.49,379.62,438.12,803.43,803.43,436.01,5.5,-0.0725141648226053,-0.0972444351223094,0.2030832493381116,-0.104291966602027,-0.0315118582093341,0.01,,,,1,-0.0725141648226053,17.0073913715213,2183608.232469978
2023-08-31,376.55,307.026,0.0,0.0,0.0,0.0,0.0,0.0,0.0,0.0,0.0,0.0,0.0,619.61,383.78,200.8,349.72,379.0,434.46,798.86,798.86,437.5,5.5,-0.0961570773625213,-0.0950205815960696,0.1973834530733864,-0.1328082012065168,-0.01274219344013,0.01,,,,1,-0.0961570773625213,15.37201032367525,1973638.8467309237
2023-09-30,376.34,307.789,0.0,0.0,0.0,0.0,0.0,0.0,0.0,0.0,0.0,0.0,0.0,619.72,386.02,198.27,350.91,375.26,429.94,782.07,782.07,431.22,5.5,-0.113137740073053,-0.1095551894563425,0.1758927707408772,-0.1501347212864973,-0.0005576948612403,0.01,,,,1,0.0,15.37201032367525,1750345.8078914005
2023-10-31,369.24,307.671,0.0,0.0,0.0,0.0,0.0,0.0,0.0,0.0,0.0,0.0,0.0,604.25,378.08,197.49,351.97,372.74,424.01,769.57,769.57,425.41,5.5,-0.1251480832109178,-0.091972700682483,0.1722933774657191,-0.1575595297298498,-0.0188659191156931,0.01,,,,1,0.0,15.37201032367525,1531293.3850775266
2023-11-30,364.3,307.051,0.0,0.0,0.0,0.0,0.0,0.0,0.0,0.0,0.0,0.0,0.0,590.77,375.42,194.28,347.34,369.31,417.56,755.22,755.22,417.3,5.5,-0.1336710185251242,-0.1022783420258028,0.159412371628793,-0.1650437256135419,-0.0133788321958617,0.01,,,,1,0.0,15.37201032367525,1326603.8386334283
2023-12-31,360.37,306.746,0.0,0.0,0.0,0.0,0.0,0.0,0.0,0.0,0.0,0.0,0.0,582.64,376.83,193.83,348.62,363.09,414.58,751.27,751.27,410.72,5.5,-0.1412401105709655,-0.0908510697338846,0.1586688607538338,-0.1747613388852678,-0.0107878122426571,0.01,,,,1,0.0,15.37201032367525,1139234.1657809757
2024-01-31,359.25,308.417,0.0,1.27275,1.05778,1.2038,190.567,19505.0,105.782,6051.5,20993.5,68.11,10302.7,572.0,374.03,185.49,344.56,360.38,405.49,723.48,723.48,407.64,5.5,-0.1318689285196461,-0.0921642310368824,0.1690241436356181,-0.1627777763319267,-0.0031079168632238,0.01,,,,1,0.0,15.37201032367525,989004.5770064655
2024-02-29,355.16,310.326,0.0,1.25113,1.03533,1.20825,196.798,20087.0,108.48,5935.75,21226.5,71.812,12326.8,580.99,374.39,184.53,333.98,355.99,400.27,710.16,710.16,398.28,5.5,-0.1446050096339113,-0.0891147651762587,0.1870001907285365,-0.1761367208425273,-0.011384829505915,0.01,,,,1,0.0,15.37201032367525,845989.5606204632
2024-03-31,356.72,312.33,0.0,1.26418,1.07131,1.1799,203.314,17630.0,105.849,5814.25,20261.25,81.437,8206.9,568.61,373.64,185.18,333.55,355.95,397.84,706.19,706.19,395.46,5.5,-0.1426442665897564,-0.0997701278313524,0.1865032037879713,-0.1774114911752928,0.0043923865300146,0.01,,,,1,0.0,15.37201032367525,725314.000203167
2024-04-30,351.93,313.55,0.0,0.0,0.0,0.0,0.0,0.0,0.0,0.0,0.0,0.0,0.0,558.96,376.13,183.3,333.89,353.32,395.05,698.3,698.3,395.33,0.0,-0.1500096609023282,-0.1029466087005939,0.1748477843545217,-0.1835898931653268,-0.0134278986319803,0.01,,,,1,0.0,15.37201032367525,616509.8929849786
2024-05-31,349.73,314.07,0.0,0.0,0.0,0.0,0.0,0.0,0.0,0.0,0.0,0.0,0.0,557.31,370.51,182.17,336.5,351.25,392.78,695.11,695.11,389.88,5.5,-0.1379165845000985,-0.1014496897606725,0.1590020697326767,-0.1706101631695359,-0.0062512431449435,0.01,,,,1,0.0,15.37201032367525,531482.9542339691
