Unnamed: 0,Liv-ex 100,"ECONOMICS_USCPI, M","TVC_US10Y, 15","FX_GBPUSD, 1M","OANDA_EURUSD, 1M","FX_IDC_GBPEUR, 1M","FX_GBPJPY, 1M","HKEX_DLY_HSI1!, 1M (1)","TVC_DXY, 1M","CME_MINI_ES1!, 1M (1)","CME_MINI_NQ1!, 1M","TVC_USOIL, 1M","PEPPERSTONE_COCOA, 1M",liv-ex Champagne 50,liv-ex Italy 100,liv-ex Rhone 100,liv-ex California 50,liv-ex Investables,Liv-ex Fine Wine 1000,Liv-ex Indices,liv-ex Burgundy 150,liv-ex Bordeaux Legends,"ECONOMICS_USINTR, 1M",wine_12m_ret,target,Predicted_12M_Return,cycle_phase,wine_cpi_gap,livex_1m_ret,vol_livex,hmm_state,hmm_prob_0,hmm_prob_1,hmm_prob_2
2004-01-31,100.41,185.2,0.0,1.9159,1.3568,1.4156,196.845,14222.0,80.85,1213.75,1628.5,43.45,0.0,0.0,0.0,0.0,0.0,0.0,0.0,0.0,0.0,0.0,1.0,0.0,1.4180858480231056,0.0,bull,0.0,0.0,0.01,2,1.9917630506072173e-48,4.8715197573148545e-59,1.0
2004-02-29,100.03,186.2,0.0,1.802,1.2183,1.4797,196.715,12818.0,88.94,1104.0,1370.0,42.12,0.0,0.0,0.0,0.0,0.0,0.0,0.0,0.0,0.0,0.0,1.0,0.0,1.490152954113766,0.0,bull,0.0,-0.003784483617169543,0.01,2,8.232844714699025e-06,3.0497758847658223e-13,0.9999917671550633
2004-03-31,99.62,187.4,0.0,1.8321,1.21875,1.5033,200.645,12175.0,88.95,1121.5,1468.0,39.88,0.0,0.0,0.0,0.0,0.0,0.0,0.0,0.0,0.0,0.0,1.0,0.0,1.5704677775547076,0.0,bull,0.0,-0.004098770368889282,0.01,2,8.250548248383778e-06,1.1889022955730779e-11,0.9999917494398443
2005-01-31,97.87,190.7,0.0,1.7204,1.1848,1.454,202.935,14838.0,91.17,1254.75,1659.0,61.04,0.0,0.0,0.0,0.0,0.0,0.0,0.0,0.0,0.0,0.0,2.25,0.0,1.1388576683355471,0.0,bull,0.0,-0.017566753663922907,0.01,2,1.3938591185378703e-05,2.393893957685402e-11,0.9999860613848435
2005-02-28,98.91,191.8,0.0,1.8171,1.230335,1.4764,197.255,0.0,87.76,1192.25,1545.0,51.97,0.0,0.0,0.0,0.0,0.0,0.0,0.0,0.0,0.0,0.0,2.5,0.0,1.1443736730360934,0.0,bull,0.0,0.010626341064677636,0.01,2,1.3600638556929132e-05,4.7852840806884875e-12,0.9999863993566063
2005-03-31,99.93,193.3,0.0,1.7697,1.199215,1.4753,206.005,14384.0,90.07,1209.75,1586.5,59.76,0.0,0.0,0.0,0.0,0.0,0.0,0.0,0.0,0.0,0.0,2.75,0.0,1.0971680176123284,0.0,bull,0.0,0.01031240521686394,0.01,2,2.6941205977199507e-06,1.4274624741456237e-06,0.9999958784170203
2006-01-31,118.28,198.3,0.0,1.958,1.31977,1.4843,233.065,20018.0,83.72,1428.5,1775.0,61.07,0.0,0.0,0.0,0.0,0.0,0.0,0.0,0.0,0.0,0.0,4.5,0.0,1.0784578965167395,0.0,bull,0.0,0.18362853997798445,0.01,0,0.9999972225648351,2.7774350976583047e-06,1.2581578821133678e-30
2006-02-28,122.48,198.7,0.0,1.9072,1.276185,1.494,223.085,18340.0,85.32,1383.25,1742.75,58.61,0.0,0.0,0.0,0.0,0.0,0.0,0.0,0.0,0.0,0.0,4.5,0.0,1.0684193337687784,0.0,bull,0.0,0.035508961785593485,0.01,2,2.7940171458295897e-06,4.5743113023054766e-07,0.9999967485517227
2006-03-31,127.38,199.8,0.0,1.8675,1.276685,1.4626,214.115,16975.0,85.3,1281.75,1518.75,74.4,0.0,0.0,0.0,0.0,0.0,0.0,0.0,0.0,0.0,0.0,4.75,0.0,1.0992306484534464,0.0,bull,0.0,0.04000653167864132,0.01,2,2.3844919577747373e-08,3.411603225383533e-06,0.9999965645517827
2007-01-31,175.91,202.416,0.0,2.0559000000000003,1.46335,1.4056,228.436,28880.0,76.147,1483.75,2094.5,88.7,0.0,0.0,0.0,0.0,0.0,0.0,0.0,0.0,0.0,0.0,5.25,0.0,0.6133249957364562,0.0,bull,0.0,0.3809860260637463,0.01,0,0.9999999999292868,7.081867438298787e-11,2.1413731369599626e-144
2007-02-28,181.12,203.499,0.0,2.0312,1.3684,1.4837,240.915,31269.0,80.77,1462.0,1945.75,78.0,0.0,0.0,0.0,0.0,0.0,0.0,0.0,0.0,0.0,0.0,5.25,0.0,0.6821444346289753,0.0,bull,0.0,0.0296174179978399,0.01,2,4.6343911223500456e-12,0.38165141188567764,0.6183485881096056
2007-03-31,191.11,205.352,0.0,1.98375,1.4592,1.3616,221.638,27910.0,76.695,1477.25,2104.75,96.2,0.0,0.0,0.0,0.0,0.0,0.0,0.0,0.0,0.0,0.0,5.25,0.0,0.5746428758306734,0.0,bull,0.0,0.0551568021201414,0.01,0,0.9999875846367474,3.586999631380431e-11,1.241532748407221e-05
2008-01-31,242.8,211.08,0.0,1.4542,1.39759,1.0465,132.14,14397.0,81.308,900.0,1212.5,42.66,0.0,0.0,0.0,0.0,0.0,0.0,0.0,0.0,0.0,0.0,3.0,1.4180858480231056,0.2503294892915979,0.0,bull,1.2783450272887642,0.2704725027471089,0.01,1,2.026870352807685e-08,0.9999999797312287,1.2430961949179504e-62
2008-02-29,249.09,211.693,0.0,1.99217,1.575605,1.2648,211.596,13930.0,79.448,1281.0,1846.0,140.0,0.0,0.0,0.0,0.0,0.0,0.0,0.0,0.0,0.0,0.0,3.0,1.490152954113766,0.2369826167248785,0.0,bull,1.3532410314499634,0.025906095551894603,0.01,0,0.9999999798526462,2.0147334919929968e-08,3.880206592324728e-40
2008-03-31,256.07,213.528,0.0,1.54039,1.26909,1.2111,147.194,13988.0,86.517,895.25,1186.0,55.03,0.0,0.0,0.0,0.0,0.0,0.0,0.0,0.0,0.0,0.0,2.25,1.5704677775547076,0.2326707540906782,0.0,bull,1.431044084918635,0.02802200008029221,0.01,1,7.182757013809198e-09,0.9999999928172656,4.813473380563697e-37
2009-01-31,209.33,211.143,0.0,1.6164,1.43252,1.1273,150.45499999999998,21925.0,77.86,1110.75,1858.75,79.62,0.0,0.0,0.0,0.0,0.0,0.0,0.0,0.0,0.0,0.0,0.25,1.1388576683355471,0.5724454211054317,0.0,bull,1.0316578780890866,-0.18252821494122695,0.01,0,0.999999992938001,7.0618991011321504e-09,3.0609770201407395e-86
2009-02-28,212.1,212.193,0.0,1.64391,1.50046,1.0952,142.01999999999998,21748.0,74.879,1094.75,1767.5,77.28,0.0,0.0,0.0,0.0,0.0,0.0,0.0,0.0,0.0,0.0,0.25,1.1443736730360934,0.5854785478547855,0.0,bull,1.038049376894279,0.013232694788133381,0.01,1,7.119688403890607e-09,0.9999999928802481,8.259447235684354e-21
2009-03-31,209.57,212.709,0.0,1.62846,1.433395,1.1355,151.625,19623.0,78.172,1019.75,1625.0,69.57,0.0,0.0,0.0,0.0,0.0,0.0,0.0,0.0,0.0,0.0,0.25,1.0971680176123284,0.6516677005296561,0.0,bull,0.9967593264586814,-0.011928335690711944,0.01,0,0.9999999897077032,1.029240180828157e-08,9.291269353470903e-30
2010-01-31,245.84,216.687,0.0,1.55955,1.33845,1.166,126.503,23020.0,79.028,1253.0,2216.0,91.28,0.0,0.0,0.0,0.0,0.0,0.0,0.0,0.0,0.0,0.0,0.25,1.0784578965167395,0.4539944679466319,0.0,bull,0.9857347497693871,0.17306866440807367,0.01,1,1.0417315511754395e-08,0.9999999895826477,2.4044428283011436e-29
2010-02-28,253.34,216.741,0.0,1.53461,1.268,1.2093,129.23,20320.0,83.202,1048.25,1766.5,71.65,0.0,0.0,0.0,0.0,0.0,0.0,0.0,0.0,0.0,0.0,0.25,1.0684193337687784,0.417107444540933,0.0,bull,0.9776241651729052,0.03050764725024413,0.01,0,0.9999999562219283,4.3778094641153755e-08,7.983641127748463e-24
2010-03-31,267.4,217.631,0.0,1.4542,1.230555,1.1807,132.73899999999998,19713.0,86.48,1088.5,1852.0,73.99,0.0,0.0,0.0,0.0,0.0,0.0,0.0,0.0,0.0,0.0,0.25,1.0992306484534464,0.3423709798055347,0.0,bull,1.0099864042092022,0.05549853951211792,0.01,1,4.457382659575254e-08,0.9999999554261204,1.9552155315601843e-17
2010-04-30,283.8,218.009,0.0,0.0,0.0,0.0,0.0,22973.0,79.462,1070.5,1739.25,0.0,0.0,0.0,0.0,0.0,0.0,0.0,0.0,200.3,0.0,0.0,0.25,0.6133249957364562,0.2646934460887948,0.0,bull,0.536290571580263,0.061331338818249925,0.01,0,0.9999999029821585,9.701629464117577e-08,1.4662784195494398e-12
2010-06-30,304.67,217.965,0.0,0.0,0.0,0.0,0.0,0.0,0.0,0.0,0.0,0.0,0.0,220.33,171.17,153.39,149.1,296.03,231.61,202.79,202.79,314.57,0.25,0.6821444346289753,0.1970000328223979,0.0,bull,0.6110580902243345,0.07353770260747017,0.01,1,9.954169303148184e-08,0.9999998605515072,3.990678041227647e-08
2010-07-31,300.93,218.011,0.0,0.0,0.0,0.0,0.0,0.0,0.0,0.0,0.0,0.0,0.0,225.29,178.39,152.95,148.6,295.21,232.5,201.94,201.94,315.88,0.25,0.5746428758306734,0.1930016947462864,0.0,bull,0.512997505929236,-0.012275576853644998,0.01,0,0.9999998352759711,1.624054145342634e-07,2.318630114638718e-09
2010-08-31,303.58,218.312,0.0,0.0,0.0,0.0,0.0,0.0,0.0,0.0,0.0,0.0,0.0,232.21,176.69,151.68,149.0,298.24,235.28,206.87,206.87,317.42,0.25,0.2503294892915979,0.1349232492259042,0.0,bull,0.21606759806552245,0.00880603462599261,0.01,2,1.6554802433735324e-07,0.0008014721219065075,0.999198362330047
2010-09-30,308.12,218.439,0.0,0.0,0.0,0.0,0.0,0.0,0.0,0.0,0.0,0.0,0.0,232.32,178.76,153.15,149.1,303.71,237.98,208.8,208.8,321.3,0.25,0.2369826167248785,0.0471894067246527,0.0,bull,0.2051157151268097,0.01495487186244171,0.01,2,0.0012314599491349539,1.510896011661139e-08,0.9987685249418419
2010-10-31,315.65,218.711,0.0,0.0,0.0,0.0,0.0,0.0,0.0,0.0,0.0,0.0,0.0,231.95,176.69,151.15,161.6,313.03,242.29,212.34,212.34,329.58,0.25,0.2326707540906782,-0.0241406621257722,0.0,bull,0.20839759085213339,0.024438530442684625,0.01,2,0.01814111833906182,0.0008193115687936971,0.9810395700921735
2010-11-30,329.16,218.803,0.0,0.0,0.0,0.0,0.0,0.0,0.0,0.0,0.0,0.0,0.0,230.64,181.65,154.86,158.8,326.33,247.14,213.22,213.22,334.29,0.25,0.5724454211054317,-0.09478672985782,0.0,bull,0.5361666905768327,0.04280057025186146,0.01,0,0.9803805867840611,0.018170626222362332,0.00144878699355782
2010-12-31,336.28,219.179,0.0,0.0,0.0,0.0,0.0,0.0,0.0,0.0,0.0,0.0,0.0,237.07,186.46,156.38,158.3,333.82,254.26,223.2,223.2,341.09,0.25,0.5854785478547855,-0.148536933507791,0.0,bull,0.5525556898905737,0.021630817839348504,0.01,1,0.01961768712844641,0.9803730218234579,9.291048161352022e-06
2011-01-31,346.14,220.223,0.0,1.55454,1.29625,1.1991,119.535,18456.0,80.178,1252.5,2274.5,98.86,0.0,236.93,183.75,159.61,164.3,346.59,257.64,225.61,225.61,345.36,0.25,0.6516677005296561,-0.1613220084358929,0.0,bull,0.6163424439584719,0.029320804091828245,0.01,0,0.9803798804130837,0.01962005406072165,6.552627604728513e-08
2011-02-28,357.45,221.309,0.0,1.6445,1.43966,1.1424,134.059,23543.0,74.638,1344.0,2371.75,102.59,0.0,233.96,187.05,158.64,152.5,359.57,264.4,236.74,236.74,352.97,0.25,0.4539944679466319,-0.1784585256679255,0.0,bull,0.4326641620214957,0.03267464031894618,0.01,1,0.019620053522888935,0.9485644470623952,0.03181549941461991
2011-03-31,359.01,223.467,0.0,1.60871,1.38577,1.16,125.746,19785.0,76.166,1249.25,2356.0,92.46,0.0,234.7,187.73,163.96,152.8,362.66,266.79,238.68,238.68,349.16,0.25,0.417107444540933,-0.1823347539065763,0.0,bull,0.38607501412859757,0.004364246747796896,0.01,0,0.9496686663466205,0.011474933518071365,0.03885640013537904
2011-04-30,358.95,224.906,0.0,0.0,0.0,0.0,0.0,22325.0,0.0,0.0,0.0,0.0,0.0,235.5,191.38,167.46,153.8,363.9,271.03,244.59,244.59,353.54,0.25,0.3423709798055347,-0.1923109068115336,0.0,bull,0.3089428376750478,-0.00016712626389236984,0.01,2,0.011612571788345204,0.01254383841356322,0.9758435897980007
2011-05-31,358.92,225.964,0.0,0.0,0.0,0.0,0.0,0.0,0.0,0.0,0.0,0.0,0.0,236.57,193.35,168.43,163.0,364.83,274.91,248.24,248.24,359.19,0.25,0.2646934460887948,-0.2246740220661987,0.0,bull,0.22820412684050684,-8.357709987460993e-05,0.01,2,0.012866665679004853,3.1242440971052585e-06,0.9871302100768619
2011-06-30,364.69,225.722,0.0,0.0,0.0,0.0,0.0,0.0,0.0,0.0,0.0,0.0,0.0,241.51,193.57,172.04,160.0,369.81,278.7,258.92,258.92,360.48,0.25,0.1970000328223979,-0.2730264059886479,0.0,bull,0.16141175029997457,0.016076005795163217,0.01,2,7.426356616349472e-05,5.5107480207664375e-06,0.9999202256859006
2011-07-31,359.01,225.922,0.0,0.0,0.0,0.0,0.0,0.0,0.0,0.0,0.0,0.0,0.0,243.64,195.64,169.99,180.2,365.28,279.69,259.14,259.14,360.53,0.25,0.1930016947462864,-0.2822205509595833,0.0,bull,0.15671453492407572,-0.015574871808933688,0.01,2,0.0006501021016447364,5.294581922872895e-07,0.9993493684402524
2011-08-31,344.54,226.545,0.0,0.0,0.0,0.0,0.0,0.0,0.0,0.0,0.0,0.0,0.0,244.06,197.12,166.95,166.0,351.63,273.17,258.92,258.92,347.36,0.25,0.1349232492259042,-0.2489115922679515,0.0,bull,0.09721116743470648,-0.04030528397537669,0.01,2,0.002697507004332048,0.00044206301981595863,0.9968604299759194
2011-09-30,322.66,226.889,0.0,0.0,0.0,0.0,0.0,0.0,0.0,0.0,0.0,0.0,0.0,250.22,195.62,169.33,165.6,334.36,266.9,260.26,260.26,333.46,0.25,0.0471894067246527,-0.1939502882290957,0.0,bull,0.00850583831424978,-0.06350496313925813,0.01,2,0.05671530399812509,0.0006288031169783508,0.9426558928849543
2011-10-31,308.03,226.421,0.0,0.0,0.0,0.0,0.0,0.0,0.0,0.0,0.0,0.0,0.0,249.26,193.34,165.86,170.3,319.92,259.8,258.84,258.84,322.22,0.25,-0.0241406621257722,-0.161120670064604,0.0,bull,-0.05939266133934629,-0.045341845905907285,0.01,2,0.0008157335146269061,4.1311037981031345e-06,0.9991801353815954
2011-11-30,297.96,226.23,0.0,0.0,0.0,0.0,0.0,0.0,0.0,0.0,0.0,0.0,0.0,250.44,196.18,168.07,172.2,310.28,255.14,254.92,254.92,311.34,0.25,-0.09478672985782,-0.1356222311719692,0.0,bull,-0.12873050576582856,-0.032691620946011746,0.01,2,1.9666883617385137e-05,6.490011205823315e-09,0.9999803266264563
2011-12-31,286.33,225.672,0.0,0.0,0.0,0.0,0.0,0.0,0.0,0.0,0.0,0.0,0.0,248.36,198.32,168.72,176.8,300.35,253.37,261.79,261.79,304.7,0.25,-0.148536933507791,-0.089232703523906,0.0,bull,-0.17816112195650202,-0.03903208484360321,0.01,2,2.404766107307264e-05,5.311444247537271e-10,0.9999759518076984
2012-01-31,290.3,226.665,0.0,1.6009,1.29851,1.2323,132.00199999999998,22023.0,80.153,1414.5,2675.75,88.94,0.0,252.05,194.59,165.87,171.7,301.86,254.82,269.01,269.01,307.28,0.25,-0.1613220084358929,-0.0767137444023425,0.0,bull,-0.19057417555740142,0.013865120664967145,0.01,2,4.320171508510516e-05,3.632663859295265e-10,0.999956797921736
2012-02-29,293.66,227.663,0.0,1.5672,1.23042,1.2742,122.449,18530.0,82.635,1374.5,2636.5,87.9,0.0,248.61,193.86,169.22,175.6,304.98,257.47,274.65,274.65,312.25,0.25,-0.1784585256679255,-0.0590819314853913,0.0,bull,-0.2071695134723076,0.011574233551498558,0.01,2,4.007234022145685e-05,1.933698641379958e-10,0.9999599274663759
2012-03-31,293.55,229.392,0.0,1.62627,1.319725,1.2311,140.873,22674.0,79.769,1420.0,2655.25,91.73,0.0,244.23,194.95,168.8,178.3,304.56,256.56,275.76,275.76,311.17,0.25,-0.1823347539065763,-0.0465338102537898,0.0,bull,-0.2088487358367942,-0.000374582850916072,0.01,2,1.2106883972252194e-05,4.313542164270473e-11,0.9999878930728597
2012-04-30,289.92,230.085,0.0,0.0,0.0,0.0,0.0,0.0,79.935,1434.25,2792.0,0.0,0.0,248.26,196.81,168.61,176.6,301.53,255.64,270.55,270.55,309.52,0.25,-0.1923109068115336,-0.0474268763796909,0.0,bull,-0.215338304924523,-0.012365866121614721,0.01,2,7.260041867366734e-06,3.4613757310270576e-11,0.9999927399235067
2012-05-31,278.28,229.815,0.0,0.0,0.0,0.0,0.0,0.0,0.0,0.0,0.0,0.0,0.0,246.47,196.98,168.73,175.2,288.87,250.89,270.93,270.93,300.3,0.25,-0.2246740220661987,-0.0102055483685495,0.0,bull,-0.2417165598155746,-0.04014900662251675,0.01,2,2.456717331828193e-05,3.183585649225657e-10,0.9999754325083968
2012-06-30,265.12,229.478,0.0,0.0,0.0,0.0,0.0,0.0,0.0,0.0,0.0,0.0,0.0,248.32,196.17,167.76,173.7,277.16,245.47,271.59,271.59,291.95,0.25,-0.2730264059886479,0.0343240796620398,0.0,bull,-0.28966634361103305,-0.0472904987782089,0.01,2,5.862959456200756e-05,8.140009558897798e-10,0.9999413695915093
2012-07-31,257.69,229.104,0.0,0.0,0.0,0.0,0.0,0.0,0.0,0.0,0.0,0.0,0.0,249.08,196.66,167.93,172.6,271.05,242.84,268.49,268.49,290.05,0.25,-0.2822205509595833,0.0593348597151617,0.0,bull,-0.2963050580018368,-0.028025045262522696,0.01,2,1.4927533922249244e-05,8.570989378766855e-10,0.999985071609006
2012-08-31,258.78,230.379,0.0,0.0,0.0,0.0,0.0,0.0,0.0,0.0,0.0,0.0,0.0,242.1,196.52,167.3,172.9,271.25,242.75,271.21,271.21,284.77,0.25,-0.2489115922679515,0.053868150552593,0.0,bull,-0.26583538224345304,0.004229888625868261,0.01,2,4.043121149675923e-05,1.3849287408342623e-10,0.9999595686499168
2012-09-30,260.08,231.407,0.0,0.0,0.0,0.0,0.0,0.0,0.0,0.0,0.0,0.0,0.0,250.0,195.03,168.41,170.2,273.63,244.2,269.66,269.66,289.73,0.25,-0.1939502882290957,0.0302599200246078,0.0,bull,-0.21386310903574568,0.00502357214622462,0.01,2,2.0594038080133224e-05,6.241574198020561e-11,0.9999794058996158
2012-10-31,258.4,231.317,0.0,0.0,0.0,0.0,0.0,0.0,0.0,0.0,0.0,0.0,0.0,248.88,198.14,167.74,169.9,272.63,243.7,267.48,267.48,289.46,0.25,-0.161120670064604,0.0262383900928793,0.0,bull,-0.18274410605331537,-0.006459550907413125,0.01,2,6.8962409795868285e-06,1.3165669254714704e-11,0.9999931037458697
2012-11-30,257.55,230.221,0.0,0.0,0.0,0.0,0.0,0.0,0.0,0.0,0.0,0.0,0.0,247.47,197.54,169.58,167.3,272.64,244.96,267.69,267.69,293.5,0.25,-0.1356222311719692,0.0035332945059209,0.0,bull,-0.15326356963282772,-0.0032894736842103978,0.01,2,6.63278525520475e-06,9.824191822877781e-12,0.999993367204921
2012-12-31,260.78,229.601,0.0,0.0,0.0,0.0,0.0,0.0,0.0,0.0,0.0,0.0,0.0,252.17,198.71,173.18,175.4,275.92,247.36,268.66,268.66,294.17,0.25,-0.089232703523906,-0.0139197791241659,0.0,bull,-0.10664292721138158,0.012541254125412404,0.01,2,1.636590504217196e-05,1.1995864337189316e-10,0.9999836339750363
2013-01-31,268.03,230.28,0.0,1.63622,1.359115,1.2038,167.605,23921.0,80.68,1804.0,3487.5,92.76,0.0,254.9,204.95,173.87,168.1,282.75,252.15,275.36,275.36,297.44,0.25,-0.0767137444023425,-0.0492482184830055,0.0,bull,-0.09266239108356811,0.02780121174936734,0.01,2,0.00011719854956626255,2.2919229443143246e-09,0.9998827991585644
2013-02-28,276.31,232.166,0.0,1.65714,1.37879,1.2044,174.40699999999998,23333.0,80.035,1841.0,3583.75,98.59,0.0,259.67,209.68,171.55,169.8,289.94,257.09,282.25,282.25,300.88,0.25,-0.0590819314853913,-0.0861713293040425,0.0,bull,-0.07886116658288189,0.030892064321158097,0.01,2,0.000176394599452503,1.8641903621875274e-09,0.9998236035362931
2013-03-31,279.89,232.773,0.0,1.52084,1.30101,1.1687,150.801,20729.0,80.221,1674.25,3209.0,96.42,0.0,264.45,206.96,176.27,172.5,291.85,256.8,280.52,280.52,298.35,0.25,-0.0465338102537898,-0.1102933295223123,0.0,bull,-0.06127277237975759,0.012956461944916953,0.01,2,1.4093635586508605e-05,1.513612649559095e-10,0.9999859062131251
2013-04-30,276.17,232.531,0.0,0.0,0.0,0.0,0.0,0.0,0.0,0.0,0.0,0.0,0.0,266.26,207.96,174.55,169.3,290.16,257.09,288.56,288.56,298.08,0.25,-0.0474268763796909,-0.1071441503421805,0.0,bull,-0.05805773019458538,-0.013290935724748931,0.01,2,6.596239678199709e-06,9.689832484236848e-12,0.9999934037506776
2013-05-31,275.44,232.945,0.0,0.0,0.0,0.0,0.0,0.0,0.0,0.0,0.0,0.0,0.0,265.72,209.42,174.04,164.1,290.1,256.7,282.92,282.92,299.52,0.25,-0.0102055483685495,-0.1173032239326169,0.0,bull,-0.023825198957066474,-0.0026432994170257906,0.01,2,7.011729263151026e-06,5.578060191892885e-12,0.9999929882651746
2013-06-30,274.22,233.504,0.0,0.0,0.0,0.0,0.0,0.0,0.0,0.0,0.0,0.0,0.0,271.22,211.04,173.92,167.3,289.76,258.65,287.56,287.56,302.7,0.25,0.0343240796620398,-0.1393042082999052,0.0,bull,0.016779914208270963,-0.004429276793493919,0.01,2,9.591661063043653e-06,1.0418929391787986e-11,0.9999904083284291
2013-07-31,272.98,233.596,0.0,0.0,0.0,0.0,0.0,0.0,0.0,0.0,0.0,0.0,0.0,274.57,215.56,170.17,172.5,288.71,258.78,284.36,284.36,303.23,0.25,0.0593348597151617,-0.1427577111876329,0.0,bull,0.03972804359671778,-0.0045219167092116486,0.01,2,1.2218653277585558e-05,1.6812895860518252e-11,0.9999877813298343
2013-08-31,272.72,233.877,0.0,0.0,0.0,0.0,0.0,0.0,0.0,0.0,0.0,0.0,0.0,272.76,223.6,174.8,162.1,288.96,258.56,280.07,280.07,299.2,0.25,0.053868150552593,-0.1338735699618657,0.0,bull,0.0386844749571611,-0.0009524507289910833,0.01,2,1.1516567711803912e-05,2.8931751611385547e-11,0.9999884834034363
2013-09-30,267.95,234.149,0.0,0.0,0.0,0.0,0.0,0.0,0.0,0.0,0.0,0.0,0.0,272.85,223.65,174.67,160.7,285.75,259.25,288.68,288.68,302.52,0.25,0.0302599200246078,-0.1160291099085649,0.0,bull,0.018410667409086257,-0.01749046641243779,0.01,2,1.758772360056121e-05,3.4207781800716975e-11,0.9999824122422137
2013-10-31,265.18,233.546,0.0,0.0,0.0,0.0,0.0,0.0,0.0,0.0,0.0,0.0,0.0,270.79,219.92,170.82,167.7,283.11,257.54,290.79,290.79,301.98,0.25,0.0262383900928793,-0.1029112301078513,0.0,bull,0.016602263046445298,-0.010337749580145439,0.01,2,1.1299741213437878e-05,6.442860783040245e-11,0.9999887001942592
2013-11-30,258.46,233.069,0.0,0.0,0.0,0.0,0.0,0.0,0.0,0.0,0.0,0.0,0.0,274.02,219.62,169.33,163.2,277.21,256.04,294.42,294.42,299.35,0.25,0.0035332945059209,-0.0769171245066934,0.0,bull,-0.008837427539418075,-0.02534127762274696,0.01,2,2.4431948667820847e-05,3.2349130664258245e-11,0.9999755680188778
2013-12-31,257.15,233.049,0.0,0.0,0.0,0.0,0.0,0.0,0.0,0.0,0.0,0.0,0.0,275.53,216.9,170.26,169.3,276.12,254.85,293.29,293.29,296.94,0.25,-0.0139197791241659,-0.0725257631732451,0.0,bull,-0.028937135320349916,-0.0050684825504914155,0.01,2,6.780902519027795e-06,1.2281145350434319e-11,0.9999932190851526
2014-01-31,254.83,233.916,0.0,1.55749,1.210105,1.2872,186.721,23649.0,90.269,2052.5,4232.75,53.71,0.0,273.87,218.3,168.97,169.0,274.67,252.32,290.04,290.04,287.35,0.25,-0.0492482184830055,-0.0461876545147745,0.0,bull,-0.06503769216721611,-0.009021971611899549,0.01,2,5.810650796566192e-06,3.015899938065711e-12,0.9999941893461818
2014-02-28,252.5,234.781,0.0,1.71051,1.36923,1.2492,173.28599999999997,24766.0,85.936,1965.5,4044.75,105.45,0.0,271.06,214.9,166.51,170.4,270.89,249.76,288.96,288.96,287.52,0.25,-0.0861713293040425,-0.041148514851485,0.0,bull,-0.09743482180509788,-0.009143350468940104,0.01,2,5.309637070101898e-06,2.4406365836932692e-12,0.9999946903603804
2014-03-31,249.02,236.293,0.0,1.56517,1.245095,1.2566,185.652,23980.0,88.356,2066.25,4338.25,65.95,0.0,272.69,215.95,166.34,177.9,267.89,249.98,291.18,291.18,287.37,0.25,-0.1102933295223123,-0.0320857762428721,0.0,bull,-0.1254153582799431,-0.013782178217821794,0.01,2,5.338050716637959e-06,2.4579550572844927e-12,0.9999946619467803
2014-04-30,246.58,237.072,0.0,0.0,0.0,0.0,0.0,22807.0,0.0,0.0,0.0,0.0,0.0,271.64,218.72,166.97,179.0,265.38,247.52,285.98,285.98,283.37,0.25,-0.1071441503421805,-0.0185740936004542,0.0,bull,-0.12667272932734808,-0.009798409766283878,0.01,2,5.246264944110819e-06,2.2954441121936254e-12,0.9999947537327272
2014-05-31,243.13,237.9,0.0,0.0,0.0,0.0,0.0,0.0,0.0,0.0,0.0,0.0,0.0,270.15,218.14,163.67,180.1,260.57,245.69,286.08,286.08,283.9,0.25,-0.1173032239326169,-0.005264673220088,0.0,bull,-0.13857433943198372,-0.01399140238462171,0.01,2,5.346567318971359e-06,4.645430208684214e-12,0.9999946534280437
2014-06-30,236.02,238.343,0.0,0.0,0.0,0.0,0.0,0.0,0.0,0.0,0.0,0.0,0.0,270.19,216.85,164.81,178.0,255.23,243.53,287.26,287.26,282.22,0.25,-0.1393042082999052,0.0351665113126005,0.0,bull,-0.16002762203157572,-0.029243614527207584,0.01,2,1.0061792215767534e-05,7.145526837104835e-12,0.9999899382006857
2014-07-31,234.01,238.25,0.0,0.0,0.0,0.0,0.0,0.0,0.0,0.0,0.0,0.0,0.0,268.19,216.07,164.6,177.7,253.99,242.81,286.46,286.46,279.93,0.25,-0.1427577111876329,0.0317080466646724,0.0,bull,-0.16268099754527598,-0.008516227438352786,0.01,2,5.8297542224278e-06,1.3895779157453797e-11,0.9999941702318976
2014-08-31,236.21,237.852,0.0,0.0,0.0,0.0,0.0,0.0,0.0,0.0,0.0,0.0,0.0,264.34,215.77,163.61,179.6,254.56,242.59,286.85,286.85,278.31,0.25,-0.1338735699618657,0.0229880191355149,0.0,bull,-0.15086968330349404,0.009401307636425882,0.01,2,1.642603527858903e-05,8.201299234080896e-12,0.9999835739564187
2014-09-30,236.86,238.031,0.0,0.0,0.0,0.0,0.0,0.0,0.0,0.0,0.0,0.0,0.0,267.86,213.95,163.29,179.5,254.71,243.27,288.33,288.33,278.58,0.25,-0.1160291099085649,0.0202229164907539,0.0,bull,-0.13260829666571528,0.0027517886626307053,0.01,2,8.30338088401264e-06,1.3415367495737618e-11,0.999991696605688
2014-10-31,237.89,237.433,0.0,0.0,0.0,0.0,0.0,0.0,0.0,0.0,0.0,0.0,0.0,273.99,213.98,162.94,180.0,255.35,243.33,290.33,290.33,275.28,0.25,-0.1029112301078513,0.0100046239858759,0.0,bull,-0.11955463226417173,0.004348560330997175,0.01,2,8.676290145465518e-06,5.88144794906475e-12,0.9999913237039753
2014-11-30,238.58,236.151,0.0,0.0,0.0,0.0,0.0,0.0,0.0,0.0,0.0,0.0,0.0,275.51,213.88,161.98,187.4,255.54,244.24,293.92,293.92,275.89,0.25,-0.0769171245066934,-0.007838041747003,0.0,bull,-0.09014067633040235,0.0029005002311994765,0.01,2,7.254961183984488e-06,4.547931351191762e-12,0.9999927450343751
2014-12-31,238.5,234.812,0.0,0.0,0.0,0.0,0.0,0.0,0.0,0.0,0.0,0.0,0.0,271.98,212.95,160.25,187.2,256.4,243.75,291.05,291.05,273.93,0.25,-0.0725257631732451,-0.0010062893081761,0.0,bull,-0.08009069586980255,-0.00033531729398950105,0.01,2,6.250875457585968e-06,1.3876521920401812e-11,0.9999937491106549
2015-01-31,243.06,233.707,0.0,1.4733,1.08697,1.3568,177.10399999999998,21910.0,98.631,2035.5,4587.75,37.05,3208.0,276.89,215.94,159.78,188.8,259.61,245.77,295.69,295.69,279.16,0.25,-0.0461876545147745,-0.0090101209577881,0.0,bull,-0.0452941713840781,0.019119496855345863,0.01,2,2.5421726875208907e-05,8.904743618293238e-12,0.9999745782641128
2015-02-28,242.11,234.722,0.0,1.50555,1.05648,1.4248,185.274,21909.0,100.17,2079.75,4668.75,41.66,0.0,269.38,215.54,159.81,193.7,258.51,244.91,292.63,292.63,280.66,0.25,-0.041148514851485,0.0065672628144231,0.0,bull,-0.04089721683333203,-0.003908499958857892,0.01,2,6.379906962251976e-06,1.3553218663951674e-11,0.9999936200794101
2015-03-31,241.03,236.119,0.0,1.53418,1.12111,1.3687,185.888,21464.0,95.824,1969.25,4271.75,48.14,0.0,271.07,215.1,158.26,192.0,258.37,245.01,293.3,293.3,281.16,0.25,-0.0320857762428721,0.0377131477409451,0.0,bull,-0.0313494023342078,-0.004460782289042231,0.01,2,6.682599361986089e-06,4.6422389345313506e-12,0.9999933173960932
2015-04-30,242.0,236.599,0.0,0.0,0.0,0.0,0.0,27164.0,0.0,0.0,0.0,0.0,0.0,268.59,214.77,157.76,198.9,260.41,245.48,293.52,293.52,282.6,0.25,-0.0185740936004542,0.0444214876033057,0.0,bull,-0.016578919138687365,0.004024395303489081,0.01,2,8.350203191117548e-06,5.054354710255741e-12,0.999991649791657
2015-05-31,241.85,237.805,0.0,0.0,0.0,0.0,0.0,0.0,0.0,0.0,0.0,0.0,0.0,266.44,215.42,160.98,199.9,260.57,245.85,295.92,295.92,281.16,0.25,-0.005264673220088,0.051519536903039,0.0,bull,-0.004865345771580265,-0.0006198347107437829,0.01,2,7.998216740943783e-06,1.1228795389100794e-11,0.9999920017720969
2015-06-30,244.32,238.638,0.0,0.0,0.0,0.0,0.0,0.0,0.0,0.0,0.0,0.0,0.0,269.87,217.54,158.84,198.0,262.25,248.11,296.43,296.43,287.65,0.25,0.0351665113126005,0.0629911591355598,0.0,bull,0.03392879927574599,0.010212941906140083,0.01,2,1.4115281425729118e-05,1.631815841809344e-11,0.9999858847022872
2015-07-31,241.43,238.654,0.0,0.0,0.0,0.0,0.0,0.0,0.0,0.0,0.0,0.0,0.0,268.22,215.97,159.03,199.2,262.18,245.82,293.22,293.22,286.17,0.25,0.0317080466646724,0.1144845296773391,0.0,bull,0.030012348868240224,-0.011828749181401421,0.01,2,1.4263890093902018e-05,2.7079533317467483e-11,0.99998573608273
2015-08-31,241.64,238.316,0.0,0.0,0.0,0.0,0.0,0.0,0.0,0.0,0.0,0.0,0.0,270.06,215.64,154.66,204.7,263.05,245.58,292.6,292.6,283.91,0.25,0.0229880191355149,0.1456298626055288,0.0,bull,0.02103722620545767,0.0008698173383587804,0.01,2,9.820678299204845e-06,1.5633300817813917e-11,0.9999901793060163
2015-09-30,241.65,237.945,0.0,0.0,0.0,0.0,0.0,0.0,0.0,0.0,0.0,0.0,0.0,273.46,216.4,154.26,205.3,263.56,246.97,296.83,296.83,284.79,0.25,0.0202229164907539,0.1637906062487069,0.0,bull,0.020584213968813603,4.138387684160527e-05,0.01,2,9.726003137793603e-06,1.0165248035742643e-11,0.9999902739866726
2015-10-31,240.27,237.838,0.0,0.0,0.0,0.0,0.0,0.0,0.0,0.0,0.0,0.0,0.0,270.17,216.27,153.68,207.2,261.31,246.47,303.77,303.77,281.61,0.25,0.0100046239858759,0.2126357847421651,0.0,bull,0.008298879628520384,-0.00571073867163252,0.01,2,9.043745304922973e-06,1.1472061795631507e-11,0.9999909562431772
2015-11-30,236.71,237.336,0.0,0.0,0.0,0.0,0.0,0.0,0.0,0.0,0.0,0.0,0.0,267.95,214.7,156.09,210.3,258.8,244.55,297.13,297.13,279.55,0.25,-0.007838041747003,0.251277935025981,0.0,bull,-0.01285601753368193,-0.014816664585674433,0.01,2,1.0178196912984328e-05,1.3080377292006167e-11,0.9999898217899525
2015-12-31,238.26,236.525,0.0,0.0,0.0,0.0,0.0,0.0,0.0,0.0,0.0,0.0,0.0,270.07,214.57,155.25,219.1,260.04,245.22,294.87,294.87,280.38,0.5,-0.0010062893081761,0.2479224376731301,0.0,bull,-0.008301487168592026,0.006548096827341476,0.01,2,9.551634244059335e-06,1.2149994768156742e-11,0.9999904483535436
2016-01-31,240.87,236.916,0.0,1.23299,1.05204,1.1725,144.285,21962.0,102.21,2236.25,4864.0,53.87,2139.5,269.78,217.1,156.57,209.1,263.6,247.8,296.66,296.66,284.47,0.5,-0.0090101209577881,0.2499688628720886,0.0,bull,-0.02274098909609812,0.010954419541677307,0.01,2,1.180086201241691e-05,1.4395248558824804e-11,0.9999881991234906
2016-02-29,243.7,237.111,0.0,1.448,1.11319,1.3014,160.29399999999998,0.0,95.891,2095.0,4524.25,48.85,3024.0,274.82,219.74,156.92,207.2,266.45,249.3,299.16,299.16,285.1,0.5,0.0065672628144231,0.2402954452195322,0.0,bull,-0.003610734987231634,0.011749076265205272,0.01,2,1.2978350115515452e-05,8.231720564292224e-11,0.9999870215675415
2016-03-31,250.12,238.132,0.0,1.22422,1.09814,1.1149,128.31699999999998,22905.0,98.445,2120.0,4796.75,46.74,2736.0,274.57,219.79,158.68,222.6,272.18,253.59,303.51,303.51,290.11,0.5,0.0377131477409451,0.2166160243083319,0.0,bull,0.02918778552951773,0.026343865408289036,0.01,2,5.619348824489302e-05,8.057761985393795e-11,0.9999438064312821
2016-04-30,252.75,239.261,0.0,0.0,0.0,0.0,0.0,21774.0,99.606,0.0,0.0,0.0,0.0,275.03,218.93,160.5,215.8,275.42,254.78,302.34,302.34,290.16,0.5,0.0444214876033057,0.1975865479723046,0.0,bull,0.033170383414361515,0.01051495282264514,0.01,2,1.4257915977240372e-05,9.955221768183796e-11,0.999985741984357
2016-05-31,254.31,240.229,0.0,0.0,0.0,0.0,0.0,0.0,0.0,0.0,0.0,0.0,0.0,278.21,219.77,159.3,218.1,277.31,255.79,304.79,304.79,294.2,0.5,0.051519536903039,0.1951555188549407,0.0,bull,0.04132631136110332,0.00617210682492586,0.01,2,1.2785012100445815e-05,6.54813875502677e-11,0.9999872149224874
2016-06-30,259.71,241.018,0.0,0.0,0.0,0.0,0.0,0.0,0.0,0.0,0.0,0.0,0.0,281.51,223.97,160.82,226.9,283.31,264.35,320.63,320.63,307.14,0.5,0.0629911591355598,0.1824727580763161,0.0,bull,0.053017894190328985,0.021233927096850236,0.01,2,3.4338684870492893e-05,9.521743295088912e-10,0.9999656603629707
2016-07-31,269.07,240.628,0.0,0.0,0.0,0.0,0.0,0.0,0.0,0.0,0.0,0.0,0.0,289.56,228.51,164.72,234.4,295.97,273.3,330.57,330.57,319.38,0.5,0.1144845296773391,0.1417846657003754,0.0,bull,0.10621314097235213,0.036040198683146674,0.01,2,0.00025793097405416905,7.882234450991449e-09,0.9997420611436101
2016-08-31,276.83,240.849,0.0,0.0,0.0,0.0,0.0,0.0,0.0,0.0,0.0,0.0,0.0,293.79,231.67,167.06,228.8,304.4,281.62,340.41,340.41,335.05,0.5,0.1456298626055288,0.1150164360799048,0.0,bull,0.13500111757791844,0.02884007878990591,0.01,2,0.0001272332456105372,1.5351580786139834e-08,0.9998727514028035
2016-09-30,281.23,241.428,0.0,0.0,0.0,0.0,0.0,0.0,0.0,0.0,0.0,0.0,0.0,302.52,235.18,169.03,233.6,309.13,285.3,345.03,345.03,336.82,0.5,0.1637906062487069,0.0952956654695442,0.0,bull,0.14915276977389125,0.015894231116569957,0.01,2,5.94382277173014e-05,3.756741129417992e-08,0.9999405242049461
2016-10-31,291.36,241.729,0.0,0.0,0.0,0.0,0.0,0.0,0.0,0.0,0.0,0.0,0.0,313.57,247.12,171.68,239.4,319.13,293.6,353.11,353.11,343.94,0.5,0.2126357847421651,0.0603034047226798,0.0,bull,0.19627590953298912,0.03602033922412251,0.01,2,0.000536477659106853,6.715074853041336e-08,0.9994634551901709
2016-11-30,296.19,241.353,0.0,0.0,0.0,0.0,0.0,0.0,0.0,0.0,0.0,0.0,0.0,326.06,244.64,170.7,240.7,322.79,296.6,361.94,361.94,348.12,0.5,0.251277935025981,0.0566190620885243,0.0,bull,0.23435256340094313,0.016577429983525516,0.01,2,0.0002722498102024671,3.8108851524885536e-07,0.999727369101231
2016-12-31,297.33,241.432,0.0,0.0,0.0,0.0,0.0,0.0,0.0,0.0,0.0,0.0,0.0,323.12,244.11,173.92,243.4,323.35,299.8,371.4,371.4,350.16,0.75,0.2479224376731301,0.0516597719705378,0.0,bull,0.22717621634346097,0.0038488807859820007,0.01,2,0.0002712540817595288,1.6982640617721053e-07,0.9997285760917808
2017-01-31,301.08,242.839,0.0,1.35035,1.20025,1.1245,152.14499999999998,29948.0,92.124,2676.0,6408.75,60.09,1895.6,329.73,250.88,176.36,247.6,325.87,301.24,372.05,372.05,347.08,0.75,0.2499688628720886,0.037830476949648,0.0,bull,0.22496844078155864,0.012612249016244581,0.01,2,0.00021582485552216487,1.1170857476709795e-07,0.9997840634360133
2017-02-28,302.26,243.603,0.0,1.32822,1.164565,1.1403,150.91099999999997,25481.0,94.552,2572.75,6249.75,54.6,2091.1,335.66,250.17,176.72,247.8,327.5,303.15,376.81,376.81,350.02,0.75,0.2402954452195322,0.0327532587838286,0.0,bull,0.2129158635046391,0.003919224126478049,0.01,2,0.00019243643862258523,5.080324075993689e-08,0.9998075127580731
2017-03-31,304.3,243.801,0.0,1.32103,1.184195,1.1157,145.65699999999998,28200.0,92.863,2468.0,5882.5,50.16,2066.0,341.1,255.65,180.79,253.2,330.61,306.67,381.78,381.78,351.16,1.0,0.2166160243083319,0.0209990141307918,0.0,bull,0.19280989997392917,0.006749156355455588,0.01,2,0.00011482530647672375,2.995459310246019e-08,0.9998851447390154
2017-04-30,302.69,244.524,0.0,0.0,0.0,0.0,0.0,0.0,0.0,0.0,0.0,0.0,0.0,342.72,257.03,182.17,251.9,329.28,306.81,381.05,381.05,352.32,1.0,0.1975865479723046,0.0296342792956492,0.0,bull,0.1755896491881317,-0.005290831416365438,0.01,2,0.0001309745631598948,1.509854034885447e-08,0.9998690103383927
2017-05-31,303.94,244.733,0.0,0.0,0.0,0.0,0.0,0.0,0.0,0.0,0.0,0.0,0.0,344.47,259.9,183.39,252.0,330.9,310.57,390.95,390.95,352.79,1.0,0.1951555188549407,0.030038823451997,0.0,bull,0.17640674164652714,0.004129637583005774,0.01,2,8.665654021185083e-05,8.199798844307194e-09,0.9999133352599365
2017-06-30,307.1,244.955,0.0,0.0,0.0,0.0,0.0,0.0,0.0,0.0,0.0,0.0,0.0,343.69,259.09,185.05,264.8,332.73,313.89,396.44,396.44,357.96,1.25,0.1824727580763161,0.0309996743731681,0.0,bull,0.1661378785237515,0.010396788839902804,0.01,2,6.81082862744646e-05,2.1368648449927642e-09,0.9999318895767823
2017-07-31,307.22,244.786,0.0,0.0,0.0,0.0,0.0,0.0,0.0,0.0,0.0,0.0,0.0,347.19,262.86,184.15,267.6,333.96,316.82,398.01,398.01,365.17,1.25,0.1417846657003754,0.0235987240414035,0.0,bull,0.12450488113665048,0.0003907521979811257,0.01,2,3.6285901892441307e-05,6.144477274635431e-10,0.9999637134836914
2017-08-31,308.67,245.519,0.0,0.0,0.0,0.0,0.0,0.0,0.0,0.0,0.0,0.0,0.0,349.09,267.84,184.64,266.7,337.32,321.64,411.38,411.38,368.85,1.25,0.1150164360799048,0.0236822496517317,0.0,bull,0.0956266939593231,0.004719744808280746,0.01,2,2.2400749185837583e-05,1.5132781946408358e-10,0.9999775990994493
2017-09-30,308.03,246.819,0.0,0.0,0.0,0.0,0.0,0.0,0.0,0.0,0.0,0.0,0.0,350.99,270.57,183.09,267.1,336.26,321.2,412.49,412.49,365.86,1.25,0.0952956654695442,0.0266857124306074,0.0,bull,0.07296602681951203,-0.002073411734214714,0.01,2,1.7538672493371046e-05,5.443144101138165e-11,0.9999824612731215
2017-10-31,308.93,246.663,0.0,0.0,0.0,0.0,0.0,0.0,0.0,0.0,0.0,0.0,0.0,357.56,271.47,183.34,266.5,337.91,324.47,422.82,422.82,368.69,1.25,0.0603034047226798,0.0162172660473245,0.0,bull,0.03989211770291812,0.002921793331818412,0.01,2,1.1828998471807446e-05,3.770926990532431e-11,0.999988170963821
2017-11-30,312.96,246.669,0.0,0.0,0.0,0.0,0.0,0.0,0.0,0.0,0.0,0.0,0.0,354.98,276.34,183.35,268.9,341.13,333.54,460.07,460.07,373.67,1.25,0.0566190620885243,0.0013100715746421,0.0,bull,0.034593232701692456,0.013045026381380831,0.01,2,1.6558526476758873e-05,2.002661382385729e-11,0.9999834414534113
2017-12-31,312.69,246.524,0.0,0.0,0.0,0.0,0.0,0.0,0.0,0.0,0.0,0.0,0.0,357.31,273.2,183.41,266.3,341.28,330.34,442.73,442.73,369.24,1.5,0.0516597719705378,-0.0020467555726118,0.0,bull,0.030568947224853593,-0.0008627300613496258,0.01,2,1.062413089187461e-05,1.9415821669171267e-11,0.9999893758497844
2018-01-31,312.47,247.867,0.0,1.27481,1.13181,1.1263,144.64899999999997,26531.0,97.272,2758.25,6949.5,50.63,2191.1,361.91,269.2,183.89,267.9,341.57,330.99,437.64,437.64,378.42,1.5,0.037830476949648,-0.001568150542452,0.0,bull,0.01712540074689639,-0.0007035722280852585,0.01,2,9.41837043193961e-06,1.0603460405829012e-11,0.9999905816189465
2018-02-28,312.16,248.991,0.0,1.31204,1.16894,1.1222,146.748,24911.0,94.493,2817.0,7244.75,68.39,2153.1,362.03,277.58,184.37,278.3,341.22,334.75,454.48,454.48,379.18,1.5,0.0327532587838286,-0.0076883649410559,0.0,bull,0.010635304571442017,-0.0009920952411431871,0.01,2,8.924353777274036e-06,8.205281965039205e-12,0.9999910756380679
2018-03-31,310.69,249.554,0.0,1.27391,1.14657,1.1126,139.76299999999998,25854.0,96.173,2505.25,6333.25,45.4,2414.1,360.48,268.51,185.22,286.4,340.18,334.42,461.6,461.6,377.98,1.75,0.0209990141307918,-0.0053429463452316,0.0,bull,-0.0025980999089372236,-0.004709123526396852,0.01,2,8.12354571455998e-06,8.392037737304385e-12,0.9999918764458742
2018-04-30,311.66,250.546,0.0,0.0,0.0,0.0,0.0,0.0,95.132,2919.0,7655.25,0.0,0.0,361.43,268.93,187.1,280.6,341.02,337.04,473.56,473.56,377.54,1.75,0.0296342792956492,-0.0100429955720979,0.0,bull,0.0050068398623011046,0.0031220831053462295,0.01,2,9.084975650637525e-06,7.766164638235812e-12,0.9999909150166109
2018-05-31,313.07,251.588,0.0,0.0,0.0,0.0,0.0,0.0,0.0,0.0,0.0,0.0,0.0,366.59,267.03,187.89,295.7,341.91,340.95,481.04,481.04,390.49,1.75,0.030038823451997,-0.0161625195643146,0.0,bull,0.0020287063039214903,0.004524160944618938,0.01,2,9.28755852439314e-06,1.1911000268184393e-11,0.9999907124296639
2018-06-30,316.62,251.989,0.0,0.0,0.0,0.0,0.0,0.0,0.0,0.0,0.0,0.0,0.0,372.73,270.89,189.72,305.2,346.28,345.61,490.31,490.31,397.26,2.0,0.0309996743731681,-0.0233718653275218,0.0,bull,0.0022841960200012945,0.011339317085635736,0.01,2,1.2870002660688105e-05,9.66727564384959e-12,0.9999871299876857
2018-07-31,314.47,252.006,0.0,0.0,0.0,0.0,0.0,0.0,0.0,0.0,0.0,0.0,0.0,376.57,276.58,189.78,310.0,345.96,348.05,507.87,507.87,395.74,2.0,0.0235987240414035,-0.0139917957197825,0.0,bull,-0.0058964268250676355,-0.006790474385698908,0.01,2,8.140882462754939e-06,1.2417220339681184e-11,0.9999918591051344
2018-08-31,315.98,252.146,0.0,0.0,0.0,0.0,0.0,0.0,0.0,0.0,0.0,0.0,0.0,380.51,270.89,190.78,311.1,347.54,350.73,511.78,511.78,400.88,2.0,0.0236822496517317,-0.0114247737198557,0.0,bull,-0.003309551390142662,0.004801729894743589,0.01,2,9.1151092233947e-06,7.083909685671405e-12,0.9999908848837339
2018-09-30,316.25,252.439,0.0,0.0,0.0,0.0,0.0,0.0,0.0,0.0,0.0,0.0,0.0,392.18,286.96,192.68,303.1,349.29,360.49,548.67,548.67,408.93,2.25,0.0266857124306074,-0.015494071146245,0.0,bull,0.00391599048861746,0.00085448446104186,0.01,2,8.633861404434961e-06,7.387299761828542e-12,0.9999913661313086
2018-10-31,313.94,252.885,0.0,0.0,0.0,0.0,0.0,0.0,0.0,0.0,0.0,0.0,0.0,387.95,285.03,189.68,312.4,346.68,358.15,555.89,555.89,401.51,2.25,0.0162172660473245,-0.0177422437408422,0.0,bull,-0.009007433238745755,-0.00730434782608691,0.01,2,8.011198765446856e-06,6.656514919460254e-12,0.9999919887946209
2018-11-30,313.37,252.038,0.0,0.0,0.0,0.0,0.0,0.0,0.0,0.0,0.0,0.0,0.0,386.12,280.83,193.69,321.8,343.39,364.18,599.99,599.99,402.67,2.25,0.0013100715746421,-0.0285604876025146,0.0,bull,-0.020455938746881897,-0.0018156335605529206,0.01,2,7.192253749134576e-06,5.05975857784943e-12,0.9999928077410807
2018-12-31,312.05,251.233,0.0,0.0,0.0,0.0,0.0,0.0,0.0,0.0,0.0,0.0,0.0,385.17,283.23,196.17,322.1,343.03,363.34,597.07,597.07,399.85,2.5,-0.0020467555726118,-0.030411792981894,0.0,bull,-0.021148344058925517,-0.00421227303187921,0.01,2,7.096401587700777e-06,4.922190816129993e-12,0.9999929035934068
2019-01-31,311.98,251.712,0.0,1.29272,1.10188,1.1733,141.563,26333.0,98.273,3143.75,8417.5,55.22,2557.5,385.51,284.55,194.2,317.0,343.1,362.22,594.72,594.72,394.38,2.5,-0.001568150542452,-0.0323738701198795,0.0,bull,-0.017080501924443325,-0.0002243230251561812,0.01,2,7.4745384455251e-06,4.617013226023805e-12,0.9999925254569138
2019-02-28,309.76,252.776,0.0,1.32502,1.12121,1.1822,143.94099999999997,28270.0,96.389,3231.0,8752.25,61.35,2541.7,384.91,284.15,192.15,318.8,341.07,358.4,576.43,576.43,394.95,2.5,-0.0076883649410559,-0.0232438016528925,0.0,bull,-0.022889717600389048,-0.007115840759023051,0.01,2,7.1808647845407495e-06,5.092017981290056e-12,0.9999928191301463
2019-03-31,309.03,254.202,0.0,1.26948,1.13721,1.1147,137.004,28505.0,99.377,2978.5,7770.5,58.15,2439.1,389.25,287.13,190.03,290.7,339.84,354.27,563.25,563.25,386.22,2.5,-0.0053429463452316,-0.0312914603760151,0.0,bull,-0.023968173750923416,-0.0023566632231405427,0.01,2,7.020723697555472e-06,4.347231951233278e-12,0.9999929792719267
2019-04-30,308.53,255.548,0.0,0.0,0.0,0.0,0.0,0.0,0.0,0.0,0.0,0.0,0.0,385.02,286.71,192.96,295.2,339.24,353.12,557.64,557.64,382.81,2.5,-0.0100429955720979,-0.0326386412990632,0.0,bull,-0.030007393327400544,-0.0016179658932790053,0.01,2,6.860504760057302e-06,4.037384524612366e-12,0.9999931394912667
2019-05-31,308.01,256.092,0.0,0.0,0.0,0.0,0.0,0.0,0.0,0.0,0.0,0.0,0.0,381.25,287.97,193.81,292.6,339.88,353.48,557.3,557.3,384.68,2.5,-0.0161625195643146,-0.0381805785526443,0.0,bull,-0.034064804251978664,-0.0016854114672802956,0.01,2,6.727635027353448e-06,4.440926757345175e-12,0.9999932723604913
2019-06-30,309.22,256.143,0.0,0.0,0.0,0.0,0.0,0.0,0.0,0.0,0.0,0.0,0.0,386.59,290.03,196.95,297.5,341.42,355.92,559.87,559.87,387.85,2.5,-0.0233718653275218,-0.0309488390142942,0.0,bull,-0.039856711888284435,0.003928443881692223,0.01,2,7.727906187005804e-06,4.459312770514094e-12,0.9999922720893045
2019-07-31,310.07,256.571,0.0,0.0,0.0,0.0,0.0,0.0,0.0,0.0,0.0,0.0,0.0,389.63,291.09,198.52,315.1,342.05,357.68,565.76,565.76,390.74,2.25,-0.0139917957197825,-0.0255426194085207,0.0,bull,-0.03210644378371774,0.002748851950067799,0.01,2,7.545360550329084e-06,6.2542881173594956e-12,0.9999924546332742
2019-08-31,312.37,256.558,0.0,0.0,0.0,0.0,0.0,0.0,0.0,0.0,0.0,0.0,0.0,392.36,297.32,196.07,309.0,342.84,359.71,568.96,568.96,396.91,2.25,-0.0114247737198557,-0.020200403367801,0.0,bull,-0.028922572614147213,0.0074176798787370934,0.01,2,9.368557696442046e-06,5.0398646651066894e-12,0.9999906314371877
2019-09-30,311.35,256.759,0.0,0.0,0.0,0.0,0.0,0.0,0.0,0.0,0.0,0.0,0.0,394.77,297.83,195.28,308.8,342.36,360.88,583.29,583.29,393.18,2.0,-0.015494071146245,-0.0030833467159147,0.0,bull,-0.03260711627794022,-0.003265358389089812,0.01,2,6.6652821722422595e-06,5.437029054994162e-12,0.999993334712302
2019-10-31,308.37,257.346,0.0,0.0,0.0,0.0,0.0,0.0,0.0,0.0,0.0,0.0,0.0,402.11,297.63,192.54,308.3,339.09,356.62,570.29,570.29,384.91,1.75,-0.0177422437408422,0.0182248597464085,0.0,bull,-0.03538267318505606,-0.0095712220973182,0.01,2,6.890804832609052e-06,4.4884203581256235e-12,0.9999931091907496
2019-11-30,304.42,257.208,0.0,0.0,0.0,0.0,0.0,0.0,0.0,0.0,0.0,0.0,0.0,393.47,296.18,191.73,302.7,335.38,350.4,553.56,553.56,374.5,1.75,-0.0285604876025146,0.0401090598515208,0.0,bull,-0.04907326742143081,-0.012809287544183867,0.01,2,6.87322365562547e-06,4.305382805267246e-12,0.9999931267720706
2019-12-31,302.56,256.974,0.0,0.0,0.0,0.0,0.0,0.0,0.0,0.0,0.0,0.0,0.0,393.85,296.54,190.07,302.0,332.87,348.13,544.75,544.75,374.11,1.75,-0.030411792981894,0.0543032786885246,0.0,bull,-0.05326309038311117,-0.006109979633401319,0.01,2,6.007328100371873e-06,3.4396324376035863e-12,0.9999939926684326
2020-01-31,301.88,257.971,0.0,1.36561,1.22156,1.1184,141.00199999999998,27219.0,89.937,3748.75,12885.5,48.181,2559.0,394.49,298.81,188.14,300.2,330.87,346.07,538.06,538.06,374.41,1.75,-0.0323738701198795,0.0629389161256128,0.0,bull,-0.057239589672384183,-0.0022474881015336345,0.01,2,6.138106628347087e-06,3.355854360891552e-12,0.9999938618900277
2020-02-29,302.56,258.678,0.0,1.33173,1.19249,1.117,138.915,26432.0,91.869,3623.25,12277.0,45.045,2738.9,393.01,298.2,189.3,297.9,328.75,343.39,530.95,530.95,368.44,1.75,-0.0232438016528925,0.0664661554732946,0.0,bull,-0.04659253729235202,0.0022525506823902752,0.01,2,7.130091993256753e-06,3.38750654949328e-12,0.9999928699045983
2020-03-31,299.36,258.115,0.0,1.3369,1.19362,1.11933,141.583,25075.0,92.144,3499.0,12114.0,42.791,2650.5,386.42,298.28,188.59,298.1,323.33,338.76,522.98,522.98,360.95,0.25,-0.0312914603760151,0.095370122928915,0.0,bull,-0.04668473029521325,-0.01057641459545211,0.01,2,6.554129960454569e-06,4.454472276738842e-12,0.9999934458656897
2020-04-30,298.46,256.389,0.0,0.0,0.0,0.0,0.0,22769.0,0.0,0.0,0.0,0.0,0.0,391.48,295.73,188.48,294.3,324.12,337.41,519.33,519.33,360.46,0.25,-0.0326386412990632,0.1152583260738457,0.0,bull,-0.035929608162431514,-0.003006413682522857,0.01,2,6.5711245453831436e-06,3.58224041262129e-12,0.9999934288718927
2020-05-31,296.25,256.394,0.0,0.0,0.0,0.0,0.0,24157.0,0.0,0.0,0.0,0.0,0.0,393.44,301.07,191.01,300.5,328.45,342.08,523.75,523.75,367.07,0.25,-0.0381805785526443,0.1316455696202532,0.0,bull,-0.03935984225475142,-0.007404677343697541,0.01,2,6.4857393877075625e-06,7.020684046430148e-12,0.999993514253561
2020-06-30,299.65,257.797,0.0,0.0,0.0,0.0,0.0,0.0,0.0,0.0,0.0,0.0,0.0,402.31,301.42,192.55,299.2,329.79,344.82,525.77,525.77,372.78,0.25,-0.0309488390142942,0.1273152010679126,0.0,bull,-0.037406169489849095,0.011476793248945016,0.01,2,1.2121100904529555e-05,7.650190241073698e-12,0.999987878891508
2020-07-31,302.15,259.101,0.0,0.0,0.0,0.0,0.0,0.0,0.0,0.0,0.0,0.0,0.0,407.06,303.57,193.32,301.4,331.53,348.31,532.68,532.68,374.39,0.25,-0.0255426194085207,0.1470130729769982,0.0,bull,-0.035403437661557846,0.008343066911396635,0.01,2,9.781806332488424e-06,1.642522342910816e-11,0.9999902181772115
2020-08-31,306.06,259.918,0.0,0.0,0.0,0.0,0.0,0.0,0.0,0.0,0.0,0.0,0.0,411.9,303.2,193.18,301.5,330.59,348.05,530.65,530.65,375.04,0.25,-0.020200403367801,0.1466052408024569,0.0,bull,-0.0332968571911082,0.01294059242098311,0.01,2,1.3612568927254565e-05,1.9084373591263604e-11,0.9999863874119201
2020-09-30,310.39,260.28,0.0,0.0,0.0,0.0,0.0,0.0,0.0,0.0,0.0,0.0,0.0,420.65,310.45,195.32,294.5,341.13,351.46,534.35,534.35,382.97,0.25,-0.0030833467159147,0.1741357646831405,0.0,bull,-0.01679659532647937,0.01414755276743107,0.01,2,1.5149868492211152e-05,2.5279396567538783e-11,0.9999848501062668
2020-10-31,313.99,260.388,0.0,0.0,0.0,0.0,0.0,0.0,0.0,0.0,0.0,0.0,0.0,417.11,308.98,196.34,295.3,345.43,352.47,532.16,532.16,386.1,0.25,0.0182248597464085,0.1861524252364723,0.0,bull,0.006404198069133615,0.011598311801282346,0.01,2,1.3276213412143715e-05,2.4412366845438607e-11,0.9999867237621857
2020-11-30,316.63,260.229,0.0,0.0,0.0,0.0,0.0,0.0,0.0,0.0,0.0,0.0,0.0,422.83,314.98,198.01,297.5,348.3,353.7,535.87,535.87,384.12,0.25,0.0401090598515208,0.2083188579730284,0.0,bull,0.028363702008841196,0.008407911079970631,0.01,2,1.2552060726047552e-05,2.2537299778651114e-11,0.9999874479168442
2020-12-31,318.99,260.474,0.0,0.0,0.0,0.0,0.0,0.0,0.0,0.0,0.0,0.0,0.0,424.51,322.53,199.51,301.0,349.93,356.46,540.01,540.01,386.0,0.25,0.0543032786885246,0.2305087933791028,0.0,bull,0.04068322374133149,0.00745349461516609,0.01,2,1.322477191588421e-05,2.3422234658999328e-11,0.9999867752045707
2021-01-31,320.88,261.582,0.0,1.35323,1.1373,1.1886,155.754,23451.0,95.598,4758.5,16320.75,75.351,2540.6,429.04,320.88,202.01,298.6,351.74,359.22,550.15,550.15,388.05,0.25,0.0629389161256128,0.2460732984293192,0.0,bull,0.048941218710012,0.005924950625411318,0.01,2,1.3565506850093527e-05,2.5829983067905036e-11,0.9999864344673997
2021-02-28,322.67,263.014,0.0,1.3754,1.18088,1.16447,151.26899999999998,25754.0,92.626,4520.5,15582.5,68.535,2537.9,435.35,318.74,204.01,298.4,352.49,361.45,558.44,558.44,390.58,0.25,0.0664661554732946,0.2440264046859019,0.0,bull,0.04970400329954949,0.005578409374221049,0.01,2,1.355120674585829e-05,4.949520246358171e-11,0.9999864487437718
2021-03-31,327.91,264.877,0.0,1.42053,1.22258,1.16185,155.63,28958.0,90.031,4202.5,13686.5,67.0,2438.6,435.31,326.26,207.34,300.9,357.85,365.06,564.06,564.06,393.29,0.25,0.095370122928915,0.2321063706504831,0.0,bull,0.06917249783932311,0.016239501658040778,0.01,2,2.54150539798295e-05,7.744230954176371e-11,0.999974584868468
2021-04-30,332.86,267.054,0.0,0.0,0.0,0.0,0.0,25304.0,90.584,3705.25,12911.25,0.0,0.0,436.24,329.19,208.21,306.1,361.85,369.96,573.48,573.48,397.69,0.25,0.1152583260738457,0.2221955176350416,0.247433130778629,bull,0.07366137768682468,0.015095605501509457,0.01,2,2.4514379385337442e-05,1.1192992102210663e-10,0.999975485508582
2021-05-31,335.25,269.195,0.0,0.0,0.0,0.0,0.0,0.0,0.0,0.0,0.0,0.0,0.0,445.48,328.85,208.3,317.3,363.24,372.78,575.77,575.77,401.42,0.25,0.1316455696202532,0.2220432513049963,0.2328928603922581,bull,0.08171850424430849,0.007180195878147,0.01,2,1.9438438917057108e-05,8.80977409129344e-11,0.9999805614729498
2021-06-30,337.8,271.696,0.0,0.0,0.0,0.0,0.0,0.0,0.0,0.0,0.0,0.0,0.0,448.15,333.02,211.69,315.1,364.12,375.97,583.2,583.2,402.62,0.25,0.1273152010679126,0.2212255772646534,0.2328928603922581,bull,0.07340068693469926,0.0076062639821028455,0.01,2,1.7919117643714874e-05,2.429292372588018e-10,0.9999820806395116
2021-07-31,346.57,273.003,0.0,0.0,0.0,0.0,0.0,0.0,0.0,0.0,0.0,0.0,0.0,460.59,334.79,213.67,322.4,367.85,380.88,592.93,592.93,409.03,0.25,0.1470130729769982,0.1865712554462302,0.2328928603922581,bull,0.0933583205831443,0.025962107756068553,0.01,2,6.839034597258406e-05,2.5938638398147e-10,0.9999316093946857
2021-08-31,350.93,273.567,0.0,0.0,0.0,0.0,0.0,0.0,0.0,0.0,0.0,0.0,0.0,467.25,340.05,214.52,332.8,372.03,385.78,597.01,597.01,412.46,0.25,0.1466052408024569,0.187159832445217,0.2328928603922581,bull,0.09409252525370704,0.012580431081743892,0.01,2,2.621099898275976e-05,6.7364173491091e-09,0.9999737822646622
2021-09-30,364.44,274.31,0.0,0.0,0.0,0.0,0.0,0.0,0.0,0.0,0.0,0.0,0.0,488.42,347.0,219.4,341.6,377.62,396.9,636.3,636.3,416.3,0.25,0.1741357646831405,0.1643891998682911,0.2328928603922581,bull,0.12023227613234888,0.03849770609523273,0.01,2,0.000397627545355747,4.443733922127016e-09,0.9996023680108462
2021-10-31,372.44,276.589,0.0,0.0,0.0,0.0,0.0,0.0,0.0,0.0,0.0,0.0,0.0,525.4,354.5,223.6,350.72,380.64,405.4,661.3,661.3,417.4,0.25,0.1861524252364723,0.1332295134786811,0.2328928603922581,bull,0.12393373620318338,0.02195148721325868,0.01,2,6.169332331719658e-05,2.3785071638798113e-08,0.9999382828915321
2021-11-30,382.59,277.948,0.0,0.0,0.0,0.0,0.0,0.0,0.0,0.0,0.0,0.0,0.0,567.92,359.67,224.43,359.06,383.87,415.31,686.8,686.8,426.79,0.25,0.2083188579730284,0.0991139339763194,0.2328928603922581,bull,0.14022882957496363,0.02725271184620337,0.01,2,0.00011420980750966136,7.217281746996217e-09,0.9998857829752081
2021-12-31,392.52,278.802,0.0,0.0,0.0,0.0,0.0,0.0,0.0,0.0,0.0,0.0,0.0,600.64,367.28,228.28,372.17,389.0,424.46,707.49,707.49,433.03,0.25,0.2305087933791028,0.0690920207887495,0.2328928603922581,bull,0.16014476472365136,0.025954677330824127,0.01,2,0.00012665046892920034,1.1145559258937272e-08,0.9998733383855032
2022-01-31,399.84,281.148,0.0,1.20857,1.07039,1.1295,158.423,19915.0,103.522,3861.0,11022.25,80.415,2591.0,634.01,374.69,233.92,394.01,394.0,439.25,752.41,752.41,438.09,0.25,0.2460732984293192,0.0349639855942376,0.2487753903006644,bull,0.17127457374642807,0.01864873127483957,0.01,2,9.237571159847137e-05,7.473110097816315e-09,0.9999076168153479
2022-02-28,401.41,283.716,0.0,1.25994,1.07322,1.1737,161.989,0.0,101.752,4131.25,12646.5,115.26,2511.0,641.18,382.03,235.79,394.24,397.94,446.23,779.76,779.76,442.27,0.25,0.2440264046859019,0.0343539024937096,0.2446754923719011,bull,0.16531576570850914,0.0039265706282514135,0.01,2,6.997614274734667e-05,3.32633883204012e-09,0.9999300205309729
2022-03-31,404.02,287.504,0.0,1.14597,0.98828,1.1598,170.42,14637.0,111.527,3883.0,11447.25,86.362,2330.9,658.01,384.36,239.86,397.97,401.89,455.22,810.96,810.96,442.51,0.5,0.2321063706504831,0.0298252561754368,0.2453904080535809,bull,0.1466818151020588,0.006502080167409829,0.01,2,4.836237053965259e-05,1.5053376523117957e-09,0.9999516361242111
2022-04-30,406.82,289.109,0.0,0.0,0.0,0.0,0.0,20094.0,0.0,0.0,0.0,0.0,0.0,656.98,381.71,239.83,397.08,404.59,460.95,839.05,839.05,449.51,0.5,0.2221955176350416,0.0177474067155007,0.2385276589126104,bull,0.1396092242262179,0.0069303499826740556,0.01,2,4.2988300741166165e-05,8.731025711095934e-10,0.9999570108261795
2022-05-31,409.69,292.296,0.0,0.0,0.0,0.0,0.0,0.0,0.0,0.0,0.0,0.0,0.0,665.5,382.44,245.32,399.98,406.93,468.12,865.24,865.24,457.66,1.0,0.2220432513049963,-0.0097878884034269,0.1989116785861588,bull,0.13622813586823113,0.00705471707389016,0.01,2,4.0725658632030954e-05,6.728489340284814e-10,0.9999592736684176
2022-06-30,412.53,296.311,0.0,0.0,0.0,0.0,0.0,0.0,0.0,0.0,0.0,0.0,0.0,675.82,386.23,248.33,404.07,408.69,471.65,876.55,876.55,454.35,1.75,0.2212255772646534,-0.0453542772646837,0.1998694780338708,bull,0.13062799761681188,0.006932070589958261,0.01,2,3.729334421077667e-05,4.3138575024972907e-10,0.9999627062244449
2022-07-31,411.23,296.276,0.0,0.0,0.0,0.0,0.0,0.0,0.0,0.0,0.0,0.0,0.0,696.85,387.55,245.59,402.0,408.3,473.58,886.9,886.9,452.36,2.5,0.1865712554462302,-0.0725141648226053,0.1985557258446985,bull,0.10132310798997501,-0.00315128596708103,0.01,2,2.7485320089782488e-05,3.5727392651664807e-10,0.9999725143225783
2022-08-31,416.61,296.171,0.0,0.0,0.0,0.0,0.0,0.0,0.0,0.0,0.0,0.0,0.0,711.37,391.11,245.68,394.58,409.42,474.16,886.54,886.54,452.12,2.5,0.187159832445217,-0.0961570773625213,0.1985557258446985,bull,0.10453290741405463,0.01308270311018167,0.01,2,3.0018337827098703e-05,2.6049741998703225e-10,0.9999699814017311
2022-09-30,424.35,296.808,0.0,0.0,0.0,0.0,0.0,0.0,0.0,0.0,0.0,0.0,0.0,734.44,400.52,252.35,407.64,415.42,484.28,902.75,902.75,466.03,3.25,0.1643891998682911,-0.113137740073053,0.1985988444710405,bull,0.08237250342995495,0.01857852667962856,0.01,2,3.304027427469349e-05,1.3362602068800384e-10,0.999966959592179
2022-10-31,422.06,298.012,0.0,0.0,0.0,0.0,0.0,0.0,0.0,0.0,0.0,0.0,0.0,749.63,401.1,248.73,402.69,414.27,484.99,909.38,909.38,470.69,3.25,0.1332295134786811,-0.1251480832109178,0.1985988444710405,bull,0.05577524017063196,-0.005396488747496209,0.01,2,1.5218717822538698e-05,6.52054845184146e-11,0.9999847812169546
2022-11-30,420.51,297.711,0.0,0.0,0.0,0.0,0.0,0.0,0.0,0.0,0.0,0.0,0.0,730.56,403.3,244.25,395.76,413.97,482.15,901.49,901.49,470.28,4.0,0.0991139339763194,-0.1336710185251242,0.1985988444710405,bull,0.028010706034402144,-0.003672463630763456,0.01,2,1.0599071307292146e-05,1.6782747385755393e-11,0.9999894009120093
2022-12-31,419.64,296.797,0.0,0.0,0.0,0.0,0.0,0.0,0.0,0.0,0.0,0.0,0.0,713.17,400.99,241.15,391.66,411.16,480.12,896.11,896.11,469.63,4.5,0.0690920207887495,-0.1412401105709655,0.2031152008835392,bull,0.004548007474641347,-0.002068916315902114,0.01,2,8.48981942837491e-06,9.125309306911836e-12,0.9999915101715261
2023-01-31,413.82,299.17,0.0,1.27233,1.10374,1.1532,179.463,17132.0,101.333,4820.0,17023.5,71.293,4179.6,682.13,393.59,232.72,382.97,407.8,476.27,899.73,899.73,466.78,4.5,0.0349639855942376,-0.1318689285196461,0.2161010806288663,bull,-0.02913748409432504,-0.013869030597655096,0.01,2,8.334300663187437e-06,8.303334681046966e-12,0.9999916656910833
2023-02-28,415.2,300.84,0.0,1.21524,1.05743,1.1484,184.207,18200.0,106.663,4212.25,14490.25,81.305,3818.7,679.02,397.92,228.56,387.63,406.52,472.49,880.85,880.85,466.31,4.75,0.0343539024937096,-0.1446050096339113,0.215562872455147,bull,-0.026002228284956352,0.0033347832390895338,0.01,2,7.860811499041888e-06,5.757922369781544e-12,0.9999921391826965
2023-03-31,416.07,301.836,0.0,1.28344,1.09978,1.1669,182.534,17144.0,101.855,4614.5,15857.5,81.715,3543.4,671.43,398.48,229.28,387.05,406.75,472.69,882.29,882.29,466.57,5.0,0.0298252561754368,-0.1426442665897564,0.2162202809692204,bull,-0.020024485045554874,0.002095375722543258,0.01,2,7.745035032649244e-06,4.736374347443939e-12,0.9999922549602412
2023-04-30,414.04,303.363,0.0,0.0,0.0,0.0,0.0,0.0,0.0,0.0,0.0,0.0,0.0,662.16,395.04,225.84,382.92,404.46,468.04,868.86,868.86,466.67,5.0,0.0177474067155007,-0.1500096609023282,0.2031152008835392,bull,-0.03155579726638846,-0.004878986708967137,0.01,2,6.676373296530963e-06,6.594397169319539e-12,0.9999933236201787
2023-05-31,405.68,304.127,0.0,0.0,0.0,0.0,0.0,0.0,0.0,0.0,0.0,0.0,0.0,648.09,392.69,211.56,368.9,400.62,457.0,845.4,845.4,456.77,5.25,-0.0097878884034269,-0.1379165845000985,0.2031152008835392,bull,-0.05026398113134667,-0.020191285866099973,0.01,2,9.845590024751618e-06,1.841941228947614e-11,0.9999901543915635
2023-06-30,393.82,305.109,0.0,0.0,0.0,0.0,0.0,0.0,0.0,0.0,0.0,0.0,0.0,640.0,387.41,204.93,360.02,390.4,447.38,821.83,821.83,447.62,5.25,-0.0453542772646837,-0.1158143314204459,0.2031152008835392,bull,-0.07504605381027263,-0.029234864918162184,0.01,2,1.677909500254764e-05,5.277013211202404e-11,0.9999832208523275
2023-07-31,381.41,305.691,0.0,0.0,0.0,0.0,0.0,0.0,0.0,0.0,0.0,0.0,0.0,638.65,386.03,201.63,357.49,379.62,438.12,803.43,803.43,436.01,5.5,-0.0725141648226053,-0.0972444351223094,0.2030832493381116,bull,-0.104291966602027,-0.03151185820933411,0.01,2,1.6417789275756726e-05,3.07974899385329e-11,0.9999835821799347
2023-08-31,376.55,307.026,0.0,0.0,0.0,0.0,0.0,0.0,0.0,0.0,0.0,0.0,0.0,619.61,383.78,200.8,349.72,379.0,434.46,798.86,798.86,437.5,5.5,-0.0961570773625213,-0.0950205815960696,0.1973834530733864,bull,-0.13280820120651682,-0.012742193440130056,0.01,2,5.276564186373159e-06,9.959783864337342e-12,0.9999947234257948
2023-09-30,376.34,307.789,0.0,0.0,0.0,0.0,0.0,0.0,0.0,0.0,0.0,0.0,0.0,619.72,386.02,198.27,350.91,375.26,429.94,782.07,782.07,431.22,5.5,-0.113137740073053,-0.1095551894563425,0.1758927707408772,bull,-0.1501347212864973,-0.0005576948612403543,0.01,2,7.468357517637228e-06,3.0056546936092314e-12,0.9999925316393852
2023-10-31,369.24,307.671,0.0,0.0,0.0,0.0,0.0,0.0,0.0,0.0,0.0,0.0,0.0,604.25,378.08,197.49,351.97,372.74,424.01,769.57,769.57,425.41,5.5,-0.1251480832109178,-0.091972700682483,0.1722933774657191,bull,-0.15755952972984988,-0.01886591911569313,0.01,2,5.922634239953872e-06,4.506475149824242e-12,0.9999940773612108
2023-11-30,364.3,307.051,0.0,0.0,0.0,0.0,0.0,0.0,0.0,0.0,0.0,0.0,0.0,590.77,375.42,194.28,347.34,369.31,417.56,755.22,755.22,417.3,5.5,-0.1336710185251242,-0.1022783420258028,0.159412371628793,bull,-0.16504372561354197,-0.013378832195861778,0.01,2,5.565183556148717e-06,3.2383779616370505e-12,0.9999944348133128
2023-12-31,360.37,306.746,0.0,0.0,0.0,0.0,0.0,0.0,0.0,0.0,0.0,0.0,0.0,582.64,376.83,193.83,348.62,363.09,414.58,751.27,751.27,410.72,5.5,-0.1412401105709655,-0.0908510697338846,0.1586688607538338,bull,-0.1747613388852678,-0.010787812242657124,0.01,2,5.883392287590687e-06,3.670133399288921e-12,0.999994116604084
2024-01-31,359.25,308.417,0.0,1.27275,1.05778,1.2038,190.567,19505.0,105.782,6051.5,20993.5,68.11,10302.7,572.0,374.03,185.49,344.56,360.38,405.49,723.48,723.48,407.64,5.5,-0.1318689285196461,-0.0921642310368824,0.1690241436356181,bull,-0.1627777763319267,-0.0031079168632238696,0.01,2,7.0400887343487545e-06,3.291577134809661e-12,0.9999929599080111
2024-02-29,355.16,310.326,0.0,1.25113,1.03533,1.20825,196.798,20087.0,108.48,5935.75,21226.5,71.812,12326.8,580.99,374.39,184.53,333.98,355.99,400.27,710.16,710.16,398.28,5.5,-0.1446050096339113,-0.0891147651762587,0.1870001907285365,bull,-0.1761367208425273,-0.011384829505915017,0.01,2,5.869165447155011e-06,8.446781556301401e-12,0.9999941308259964
2024-03-31,356.72,312.33,0.0,1.26418,1.07131,1.1799,203.314,17630.0,105.849,5814.25,20261.25,81.437,8206.9,568.61,373.64,185.18,333.55,355.95,397.84,706.19,706.19,395.46,5.5,-0.1426442665897564,-0.0997701278313524,0.1865032037879713,bull,-0.17741149117529287,0.004392386530014614,0.01,2,1.3012604055734389e-05,5.279040437704638e-12,0.9999869873907663
2024-04-30,351.93,313.55,0.0,0.0,0.0,0.0,0.0,0.0,0.0,0.0,0.0,0.0,0.0,558.96,376.13,183.3,333.89,353.32,395.05,698.3,698.3,395.33,0.0,-0.1500096609023282,-0.1029466087005939,0.1748477843545217,bull,-0.1835898931653268,-0.01342789863198035,0.01,2,5.9585446247326605e-06,2.5729379102211065e-11,0.9999940414295624
2024-05-31,349.73,314.07,0.0,0.0,0.0,0.0,0.0,0.0,0.0,0.0,0.0,0.0,0.0,557.31,370.51,182.17,336.5,351.25,392.78,695.11,695.11,389.88,5.5,-0.1379165845000985,-0.1014496897606725,0.1590020697326767,bull,-0.17061016316953592,-0.006251243144943519,0.01,2,2.077892532408405e-05,1.1707758963934425e-08,0.9999792093668798
