,Liv-ex 100,"ECONOMICS_USCPI, M","TVC_US10Y, 15","FX_GBPUSD, 1M","OANDA_EURUSD, 1M","FX_IDC_GBPEUR, 1M","FX_GBPJPY, 1M","HKEX_DLY_HSI1!, 1M (1)","TVC_DXY, 1M","CME_MINI_ES1!, 1M (1)","CME_MINI_NQ1!, 1M","TVC_USOIL, 1M","PEPPERSTONE_COCOA, 1M",liv-ex Champagne 50,liv-ex Italy 100,liv-ex Rhone 100,liv-ex California 50,liv-ex Investables,Liv-ex Fine Wine 1000,Liv-ex Indices,liv-ex Burgundy 150,liv-ex Bordeaux Legends,"ECONOMICS_USINTR, 1M"
2004-01-31 00:00:00,100.41,185.2,,1.9159,1.3568,1.4156,196.845,14222.0,80.85,1213.75,1628.5,43.45,,,,,,,,,,,1.0
2004-02-29 00:00:00,100.03,186.2,,1.802,1.2183,1.4797,196.715,12818.0,88.94,1104.0,1370.0,42.12,,,,,,,,,,,1.0
2004-03-31 00:00:00,99.62,187.4,,1.8321,1.21875,1.5033,200.645,12175.0,88.95,1121.5,1468.0,39.88,,,,,,,,,,,1.0
2005-01-31 00:00:00,97.87,190.7,,1.7204,1.1848,1.454,202.935,14838.0,91.17,1254.75,1659.0,61.04,,,,,,,,,,,2.25
2005-02-28 00:00:00,98.91,191.8,,1.8171,1.230335,1.4764,197.255,,87.76,1192.25,1545.0,51.97,,,,,,,,,,,2.5
2005-03-31 00:00:00,99.93,193.3,,1.7697,1.199215,1.4753,206.005,14384.0,90.07,1209.75,1586.5,59.76,,,,,,,,,,,2.75
2006-01-31 00:00:00,118.28,198.3,,1.958,1.31977,1.4843,233.065,20018.0,83.72,1428.5,1775.0,61.07,,,,,,,,,,,4.5
2006-02-28 00:00:00,122.48,198.7,,1.9072,1.276185,1.494,223.085,18340.0,85.32,1383.25,1742.75,58.61,,,,,,,,,,,4.5
2006-03-31 00:00:00,127.38,199.8,,1.8675,1.276685,1.4626,214.115,16975.0,85.3,1281.75,1518.75,74.4,,,,,,,,,,,4.75
2007-01-31 00:00:00,175.91,202.416,,2.0559000000000003,1.46335,1.4056,228.436,28880.0,76.147,1483.75,2094.5,88.7,,,,,,,,,,,5.25
2007-02-28 00:00:00,181.12,203.499,,2.0312,1.3684,1.4837,240.915,31269.0,80.77,1462.0,1945.75,78.0,,,,,,,,,,,5.25
2007-03-31 00:00:00,191.11,205.352,,1.98375,1.4592,1.3616,221.638,27910.0,76.695,1477.25,2104.75,96.2,,,,,,,,,,,5.25
2008-01-31 00:00:00,242.8,211.08,,1.4542,1.39759,1.0465,132.14,14397.0,81.308,900.0,1212.5,42.66,,,,,,,,,,,3.0
2008-02-29 00:00:00,249.09,211.693,,1.99217,1.575605,1.2648,211.596,13930.0,79.448,1281.0,1846.0,140.0,,,,,,,,,,,3.0
2008-03-31 00:00:00,256.07,213.528,,1.54039,1.26909,1.2111,147.194,13988.0,86.517,895.25,1186.0,55.03,,,,,,,,,,,2.25
2009-01-31 00:00:00,209.33,211.143,,1.6164,1.43252,1.1273,150.45499999999998,21925.0,77.86,1110.75,1858.75,79.62,,,,,,,,,,,0.25
2009-02-28 00:00:00,212.1,212.193,,1.64391,1.50046,1.0952,142.01999999999998,21748.0,74.879,1094.75,1767.5,77.28,,,,,,,,,,,0.25
2009-03-31 00:00:00,209.57,212.709,,1.62846,1.433395,1.1355,151.625,19623.0,78.172,1019.75,1625.0,69.57,,,,,,,,,,,0.25
2010-01-31 00:00:00,245.84,216.687,,1.55955,1.33845,1.166,126.503,23020.0,79.028,1253.0,2216.0,91.28,,,,,,,,,,,0.25
2010-02-28 00:00:00,253.34,216.741,,1.53461,1.268,1.2093,129.23,20320.0,83.202,1048.25,1766.5,71.65,,,,,,,,,,,0.25
2010-03-31 00:00:00,267.4,217.631,,1.4542,1.230555,1.1807,132.73899999999998,19713.0,86.48,1088.5,1852.0,73.99,,,,,,,,,,,0.25
2010-04-30 00:00:00,283.8,218.009,,,,,,22973.0,79.462,1070.5,1739.25,,,,,,,,,200.3,,,0.25
2010-06-30 00:00:00,304.67,217.965,,,,,,,,,,,,220.33,171.17,153.39,149.1,296.03,231.61,202.79,202.79,314.57,0.25
2010-07-31 00:00:00,300.93,218.011,,,,,,,,,,,,225.29,178.39,152.95,148.6,295.21,232.5,201.94,201.94,315.88,0.25
2010-08-31 00:00:00,303.58,218.312,,,,,,,,,,,,232.21,176.69,151.68,149.0,298.24,235.28,206.87,206.87,317.42,0.25
2010-09-30 00:00:00,308.12,218.439,,,,,,,,,,,,232.32,178.76,153.15,149.1,303.71,237.98,208.8,208.8,321.3,0.25
2010-10-31 00:00:00,315.65,218.711,,,,,,,,,,,,231.95,176.69,151.15,161.6,313.03,242.29,212.34,212.34,329.58,0.25
2010-11-30 00:00:00,329.16,218.803,,,,,,,,,,,,230.64,181.65,154.86,158.8,326.33,247.14,213.22,213.22,334.29,0.25
2010-12-31 00:00:00,336.28,219.179,,,,,,,,,,,,237.07,186.46,156.38,158.3,333.82,254.26,223.2,223.2,341.09,0.25
2011-01-31 00:00:00,346.14,220.223,,1.55454,1.29625,1.1991,119.535,18456.0,80.178,1252.5,2274.5,98.86,,236.93,183.75,159.61,164.3,346.59,257.64,225.61,225.61,345.36,0.25
2011-02-28 00:00:00,357.45,221.309,,1.6445,1.43966,1.1424,134.059,23543.0,74.638,1344.0,2371.75,102.59,,233.96,187.05,158.64,152.5,359.57,264.4,236.74,236.74,352.97,0.25
2011-03-31 00:00:00,359.01,223.467,,1.60871,1.38577,1.16,125.746,19785.0,76.166,1249.25,2356.0,92.46,,234.7,187.73,163.96,152.8,362.66,266.79,238.68,238.68,349.16,0.25
2011-04-30 00:00:00,358.95,224.906,,,,,,22325.0,,,,,,235.5,191.38,167.46,153.8,363.9,271.03,244.59,244.59,353.54,0.25
2011-05-31 00:00:00,358.92,225.964,,,,,,,,,,,,236.57,193.35,168.43,163.0,364.83,274.91,248.24,248.24,359.19,0.25
2011-06-30 00:00:00,364.69,225.722,,,,,,,,,,,,241.51,193.57,172.04,160.0,369.81,278.7,258.92,258.92,360.48,0.25
2011-07-31 00:00:00,359.01,225.922,,,,,,,,,,,,243.64,195.64,169.99,180.2,365.28,279.69,259.14,259.14,360.53,0.25
2011-08-31 00:00:00,344.54,226.545,,,,,,,,,,,,244.06,197.12,166.95,166.0,351.63,273.17,258.92,258.92,347.36,0.25
2011-09-30 00:00:00,322.66,226.889,,,,,,,,,,,,250.22,195.62,169.33,165.6,334.36,266.9,260.26,260.26,333.46,0.25
2011-10-31 00:00:00,308.03,226.421,,,,,,,,,,,,249.26,193.34,165.86,170.3,319.92,259.8,258.84,258.84,322.22,0.25
2011-11-30 00:00:00,297.96,226.23,,,,,,,,,,,,250.44,196.18,168.07,172.2,310.28,255.14,254.92,254.92,311.34,0.25
2011-12-31 00:00:00,286.33,225.672,,,,,,,,,,,,248.36,198.32,168.72,176.8,300.35,253.37,261.79,261.79,304.7,0.25
2012-01-31 00:00:00,290.3,226.665,,1.6009,1.29851,1.2323,132.00199999999998,22023.0,80.153,1414.5,2675.75,88.94,,252.05,194.59,165.87,171.7,301.86,254.82,269.01,269.01,307.28,0.25
2012-02-29 00:00:00,293.66,227.663,,1.5672,1.23042,1.2742,122.449,18530.0,82.635,1374.5,2636.5,87.9,,248.61,193.86,169.22,175.6,304.98,257.47,274.65,274.65,312.25,0.25
2012-03-31 00:00:00,293.55,229.392,,1.62627,1.319725,1.2311,140.873,22674.0,79.769,1420.0,2655.25,91.73,,244.23,194.95,168.8,178.3,304.56,256.56,275.76,275.76,311.17,0.25
2012-04-30 00:00:00,289.92,230.085,,,,,,,79.935,1434.25,2792.0,,,248.26,196.81,168.61,176.6,301.53,255.64,270.55,270.55,309.52,0.25
2012-05-31 00:00:00,278.28,229.815,,,,,,,,,,,,246.47,196.98,168.73,175.2,288.87,250.89,270.93,270.93,300.3,0.25
2012-06-30 00:00:00,265.12,229.478,,,,,,,,,,,,248.32,196.17,167.76,173.7,277.16,245.47,271.59,271.59,291.95,0.25
2012-07-31 00:00:00,257.69,229.104,,,,,,,,,,,,249.08,196.66,167.93,172.6,271.05,242.84,268.49,268.49,290.05,0.25
2012-08-31 00:00:00,258.78,230.379,,,,,,,,,,,,242.1,196.52,167.3,172.9,271.25,242.75,271.21,271.21,284.77,0.25
2012-09-30 00:00:00,260.08,231.407,,,,,,,,,,,,250.0,195.03,168.41,170.2,273.63,244.2,269.66,269.66,289.73,0.25
2012-10-31 00:00:00,258.4,231.317,,,,,,,,,,,,248.88,198.14,167.74,169.9,272.63,243.7,267.48,267.48,289.46,0.25
2012-11-30 00:00:00,257.55,230.221,,,,,,,,,,,,247.47,197.54,169.58,167.3,272.64,244.96,267.69,267.69,293.5,0.25
2012-12-31 00:00:00,260.78,229.601,,,,,,,,,,,,252.17,198.71,173.18,175.4,275.92,247.36,268.66,268.66,294.17,0.25
2013-01-31 00:00:00,268.03,230.28,,1.63622,1.359115,1.2038,167.605,23921.0,80.68,1804.0,3487.5,92.76,,254.9,204.95,173.87,168.1,282.75,252.15,275.36,275.36,297.44,0.25
2013-02-28 00:00:00,276.31,232.166,,1.65714,1.37879,1.2044,174.40699999999998,23333.0,80.035,1841.0,3583.75,98.59,,259.67,209.68,171.55,169.8,289.94,257.09,282.25,282.25,300.88,0.25
2013-03-31 00:00:00,279.89,232.773,,1.52084,1.30101,1.1687,150.801,20729.0,80.221,1674.25,3209.0,96.42,,264.45,206.96,176.27,172.5,291.85,256.8,280.52,280.52,298.35,0.25
2013-04-30 00:00:00,276.17,232.531,,,,,,,,,,,,266.26,207.96,174.55,169.3,290.16,257.09,288.56,288.56,298.08,0.25
2013-05-31 00:00:00,275.44,232.945,,,,,,,,,,,,265.72,209.42,174.04,164.1,290.1,256.7,282.92,282.92,299.52,0.25
2013-06-30 00:00:00,274.22,233.504,,,,,,,,,,,,271.22,211.04,173.92,167.3,289.76,258.65,287.56,287.56,302.7,0.25
2013-07-31 00:00:00,272.98,233.596,,,,,,,,,,,,274.57,215.56,170.17,172.5,288.71,258.78,284.36,284.36,303.23,0.25
2013-08-31 00:00:00,272.72,233.877,,,,,,,,,,,,272.76,223.6,174.8,162.1,288.96,258.56,280.07,280.07,299.2,0.25
2013-09-30 00:00:00,267.95,234.149,,,,,,,,,,,,272.85,223.65,174.67,160.7,285.75,259.25,288.68,288.68,302.52,0.25
2013-10-31 00:00:00,265.18,233.546,,,,,,,,,,,,270.79,219.92,170.82,167.7,283.11,257.54,290.79,290.79,301.98,0.25
2013-11-30 00:00:00,258.46,233.069,,,,,,,,,,,,274.02,219.62,169.33,163.2,277.21,256.04,294.42,294.42,299.35,0.25
2013-12-31 00:00:00,257.15,233.049,,,,,,,,,,,,275.53,216.9,170.26,169.3,276.12,254.85,293.29,293.29,296.94,0.25
2014-01-31 00:00:00,254.83,233.916,,1.55749,1.210105,1.2872,186.721,23649.0,90.269,2052.5,4232.75,53.71,,273.87,218.3,168.97,169.0,274.67,252.32,290.04,290.04,287.35,0.25
2014-02-28 00:00:00,252.5,234.781,,1.71051,1.36923,1.2492,173.28599999999997,24766.0,85.936,1965.5,4044.75,105.45,,271.06,214.9,166.51,170.4,270.89,249.76,288.96,288.96,287.52,0.25
2014-03-31 00:00:00,249.02,236.293,,1.56517,1.245095,1.2566,185.652,23980.0,88.356,2066.25,4338.25,65.95,,272.69,215.95,166.34,177.9,267.89,249.98,291.18,291.18,287.37,0.25
2014-04-30 00:00:00,246.58,237.072,,,,,,22807.0,,,,,,271.64,218.72,166.97,179.0,265.38,247.52,285.98,285.98,283.37,0.25
2014-05-31 00:00:00,243.13,237.9,,,,,,,,,,,,270.15,218.14,163.67,180.1,260.57,245.69,286.08,286.08,283.9,0.25
2014-06-30 00:00:00,236.02,238.343,,,,,,,,,,,,270.19,216.85,164.81,178.0,255.23,243.53,287.26,287.26,282.22,0.25
2014-07-31 00:00:00,234.01,238.25,,,,,,,,,,,,268.19,216.07,164.6,177.7,253.99,242.81,286.46,286.46,279.93,0.25
2014-08-31 00:00:00,236.21,237.852,,,,,,,,,,,,264.34,215.77,163.61,179.6,254.56,242.59,286.85,286.85,278.31,0.25
2014-09-30 00:00:00,236.86,238.031,,,,,,,,,,,,267.86,213.95,163.29,179.5,254.71,243.27,288.33,288.33,278.58,0.25
2014-10-31 00:00:00,237.89,237.433,,,,,,,,,,,,273.99,213.98,162.94,180.0,255.35,243.33,290.33,290.33,275.28,0.25
2014-11-30 00:00:00,238.58,236.151,,,,,,,,,,,,275.51,213.88,161.98,187.4,255.54,244.24,293.92,293.92,275.89,0.25
2014-12-31 00:00:00,238.5,234.812,,,,,,,,,,,,271.98,212.95,160.25,187.2,256.4,243.75,291.05,291.05,273.93,0.25
2015-01-31 00:00:00,243.06,233.707,,1.4733,1.08697,1.3568,177.10399999999998,21910.0,98.631,2035.5,4587.75,37.05,3208.0,276.89,215.94,159.78,188.8,259.61,245.77,295.69,295.69,279.16,0.25
2015-02-28 00:00:00,242.11,234.722,,1.50555,1.05648,1.4248,185.274,21909.0,100.17,2079.75,4668.75,41.66,,269.38,215.54,159.81,193.7,258.51,244.91,292.63,292.63,280.66,0.25
2015-03-31 00:00:00,241.03,236.119,,1.53418,1.12111,1.3687,185.888,21464.0,95.824,1969.25,4271.75,48.14,,271.07,215.1,158.26,192.0,258.37,245.01,293.3,293.3,281.16,0.25
2015-04-30 00:00:00,242.0,236.599,,,,,,27164.0,,,,,,268.59,214.77,157.76,198.9,260.41,245.48,293.52,293.52,282.6,0.25
2015-05-31 00:00:00,241.85,237.805,,,,,,,,,,,,266.44,215.42,160.98,199.9,260.57,245.85,295.92,295.92,281.16,0.25
2015-06-30 00:00:00,244.32,238.638,,,,,,,,,,,,269.87,217.54,158.84,198.0,262.25,248.11,296.43,296.43,287.65,0.25
2015-07-31 00:00:00,241.43,238.654,,,,,,,,,,,,268.22,215.97,159.03,199.2,262.18,245.82,293.22,293.22,286.17,0.25
2015-08-31 00:00:00,241.64,238.316,,,,,,,,,,,,270.06,215.64,154.66,204.7,263.05,245.58,292.6,292.6,283.91,0.25
2015-09-30 00:00:00,241.65,237.945,,,,,,,,,,,,273.46,216.4,154.26,205.3,263.56,246.97,296.83,296.83,284.79,0.25
2015-10-31 00:00:00,240.27,237.838,,,,,,,,,,,,270.17,216.27,153.68,207.2,261.31,246.47,303.77,303.77,281.61,0.25
2015-11-30 00:00:00,236.71,237.336,,,,,,,,,,,,267.95,214.7,156.09,210.3,258.8,244.55,297.13,297.13,279.55,0.25
2015-12-31 00:00:00,238.26,236.525,,,,,,,,,,,,270.07,214.57,155.25,219.1,260.04,245.22,294.87,294.87,280.38,0.5
2016-01-31 00:00:00,240.87,236.916,,1.23299,1.05204,1.1725,144.285,21962.0,102.21,2236.25,4864.0,53.87,2139.5,269.78,217.1,156.57,209.1,263.6,247.8,296.66,296.66,284.47,0.5
2016-02-29 00:00:00,243.7,237.111,,1.448,1.11319,1.3014,160.29399999999998,,95.891,2095.0,4524.25,48.85,3024.0,274.82,219.74,156.92,207.2,266.45,249.3,299.16,299.16,285.1,0.5
2016-03-31 00:00:00,250.12,238.132,,1.22422,1.09814,1.1149,128.31699999999998,22905.0,98.445,2120.0,4796.75,46.74,2736.0,274.57,219.79,158.68,222.6,272.18,253.59,303.51,303.51,290.11,0.5
2016-04-30 00:00:00,252.75,239.261,,,,,,21774.0,99.606,,,,,275.03,218.93,160.5,215.8,275.42,254.78,302.34,302.34,290.16,0.5
2016-05-31 00:00:00,254.31,240.229,,,,,,,,,,,,278.21,219.77,159.3,218.1,277.31,255.79,304.79,304.79,294.2,0.5
2016-06-30 00:00:00,259.71,241.018,,,,,,,,,,,,281.51,223.97,160.82,226.9,283.31,264.35,320.63,320.63,307.14,0.5
2016-07-31 00:00:00,269.07,240.628,,,,,,,,,,,,289.56,228.51,164.72,234.4,295.97,273.3,330.57,330.57,319.38,0.5
2016-08-31 00:00:00,276.83,240.849,,,,,,,,,,,,293.79,231.67,167.06,228.8,304.4,281.62,340.41,340.41,335.05,0.5
2016-09-30 00:00:00,281.23,241.428,,,,,,,,,,,,302.52,235.18,169.03,233.6,309.13,285.3,345.03,345.03,336.82,0.5
2016-10-31 00:00:00,291.36,241.729,,,,,,,,,,,,313.57,247.12,171.68,239.4,319.13,293.6,353.11,353.11,343.94,0.5
2016-11-30 00:00:00,296.19,241.353,,,,,,,,,,,,326.06,244.64,170.7,240.7,322.79,296.6,361.94,361.94,348.12,0.5
2016-12-31 00:00:00,297.33,241.432,,,,,,,,,,,,323.12,244.11,173.92,243.4,323.35,299.8,371.4,371.4,350.16,0.75
2017-01-31 00:00:00,301.08,242.839,,1.35035,1.20025,1.1245,152.14499999999998,29948.0,92.124,2676.0,6408.75,60.09,1895.6,329.73,250.88,176.36,247.6,325.87,301.24,372.05,372.05,347.08,0.75
2017-02-28 00:00:00,302.26,243.603,,1.32822,1.164565,1.1403,150.91099999999997,25481.0,94.552,2572.75,6249.75,54.6,2091.1,335.66,250.17,176.72,247.8,327.5,303.15,376.81,376.81,350.02,0.75
2017-03-31 00:00:00,304.3,243.801,,1.32103,1.184195,1.1157,145.65699999999998,28200.0,92.863,2468.0,5882.5,50.16,2066.0,341.1,255.65,180.79,253.2,330.61,306.67,381.78,381.78,351.16,1.0
2017-04-30 00:00:00,302.69,244.524,,,,,,,,,,,,342.72,257.03,182.17,251.9,329.28,306.81,381.05,381.05,352.32,1.0
2017-05-31 00:00:00,303.94,244.733,,,,,,,,,,,,344.47,259.9,183.39,252.0,330.9,310.57,390.95,390.95,352.79,1.0
2017-06-30 00:00:00,307.1,244.955,,,,,,,,,,,,343.69,259.09,185.05,264.8,332.73,313.89,396.44,396.44,357.96,1.25
2017-07-31 00:00:00,307.22,244.786,,,,,,,,,,,,347.19,262.86,184.15,267.6,333.96,316.82,398.01,398.01,365.17,1.25
2017-08-31 00:00:00,308.67,245.519,,,,,,,,,,,,349.09,267.84,184.64,266.7,337.32,321.64,411.38,411.38,368.85,1.25
2017-09-30 00:00:00,308.03,246.819,,,,,,,,,,,,350.99,270.57,183.09,267.1,336.26,321.2,412.49,412.49,365.86,1.25
2017-10-31 00:00:00,308.93,246.663,,,,,,,,,,,,357.56,271.47,183.34,266.5,337.91,324.47,422.82,422.82,368.69,1.25
2017-11-30 00:00:00,312.96,246.669,,,,,,,,,,,,354.98,276.34,183.35,268.9,341.13,333.54,460.07,460.07,373.67,1.25
2017-12-31 00:00:00,312.69,246.524,,,,,,,,,,,,357.31,273.2,183.41,266.3,341.28,330.34,442.73,442.73,369.24,1.5
2018-01-31 00:00:00,312.47,247.867,,1.27481,1.13181,1.1263,144.64899999999997,26531.0,97.272,2758.25,6949.5,50.63,2191.1,361.91,269.2,183.89,267.9,341.57,330.99,437.64,437.64,378.42,1.5
2018-02-28 00:00:00,312.16,248.991,,1.31204,1.16894,1.1222,146.748,24911.0,94.493,2817.0,7244.75,68.39,2153.1,362.03,277.58,184.37,278.3,341.22,334.75,454.48,454.48,379.18,1.5
2018-03-31 00:00:00,310.69,249.554,,1.27391,1.14657,1.1126,139.76299999999998,25854.0,96.173,2505.25,6333.25,45.4,2414.1,360.48,268.51,185.22,286.4,340.18,334.42,461.6,461.6,377.98,1.75
2018-04-30 00:00:00,311.66,250.546,,,,,,,95.132,2919.0,7655.25,,,361.43,268.93,187.1,280.6,341.02,337.04,473.56,473.56,377.54,1.75
2018-05-31 00:00:00,313.07,251.588,,,,,,,,,,,,366.59,267.03,187.89,295.7,341.91,340.95,481.04,481.04,390.49,1.75
2018-06-30 00:00:00,316.62,251.989,,,,,,,,,,,,372.73,270.89,189.72,305.2,346.28,345.61,490.31,490.31,397.26,2.0
2018-07-31 00:00:00,314.47,252.006,,,,,,,,,,,,376.57,276.58,189.78,310.0,345.96,348.05,507.87,507.87,395.74,2.0
2018-08-31 00:00:00,315.98,252.146,,,,,,,,,,,,380.51,270.89,190.78,311.1,347.54,350.73,511.78,511.78,400.88,2.0
2018-09-30 00:00:00,316.25,252.439,,,,,,,,,,,,392.18,286.96,192.68,303.1,349.29,360.49,548.67,548.67,408.93,2.25
2018-10-31 00:00:00,313.94,252.885,,,,,,,,,,,,387.95,285.03,189.68,312.4,346.68,358.15,555.89,555.89,401.51,2.25
2018-11-30 00:00:00,313.37,252.038,,,,,,,,,,,,386.12,280.83,193.69,321.8,343.39,364.18,599.99,599.99,402.67,2.25
2018-12-31 00:00:00,312.05,251.233,,,,,,,,,,,,385.17,283.23,196.17,322.1,343.03,363.34,597.07,597.07,399.85,2.5
2019-01-31 00:00:00,311.98,251.712,,1.29272,1.10188,1.1733,141.563,26333.0,98.273,3143.75,8417.5,55.22,2557.5,385.51,284.55,194.2,317.0,343.1,362.22,594.72,594.72,394.38,2.5
2019-02-28 00:00:00,309.76,252.776,,1.32502,1.12121,1.1822,143.94099999999997,28270.0,96.389,3231.0,8752.25,61.35,2541.7,384.91,284.15,192.15,318.8,341.07,358.4,576.43,576.43,394.95,2.5
2019-03-31 00:00:00,309.03,254.202,,1.26948,1.13721,1.1147,137.004,28505.0,99.377,2978.5,7770.5,58.15,2439.1,389.25,287.13,190.03,290.7,339.84,354.27,563.25,563.25,386.22,2.5
2019-04-30 00:00:00,308.53,255.548,,,,,,,,,,,,385.02,286.71,192.96,295.2,339.24,353.12,557.64,557.64,382.81,2.5
2019-05-31 00:00:00,308.01,256.092,,,,,,,,,,,,381.25,287.97,193.81,292.6,339.88,353.48,557.3,557.3,384.68,2.5
2019-06-30 00:00:00,309.22,256.143,,,,,,,,,,,,386.59,290.03,196.95,297.5,341.42,355.92,559.87,559.87,387.85,2.5
2019-07-31 00:00:00,310.07,256.571,,,,,,,,,,,,389.63,291.09,198.52,315.1,342.05,357.68,565.76,565.76,390.74,2.25
2019-08-31 00:00:00,312.37,256.558,,,,,,,,,,,,392.36,297.32,196.07,309.0,342.84,359.71,568.96,568.96,396.91,2.25
2019-09-30 00:00:00,311.35,256.759,,,,,,,,,,,,394.77,297.83,195.28,308.8,342.36,360.88,583.29,583.29,393.18,2.0
2019-10-31 00:00:00,308.37,257.346,,,,,,,,,,,,402.11,297.63,192.54,308.3,339.09,356.62,570.29,570.29,384.91,1.75
2019-11-30 00:00:00,304.42,257.208,,,,,,,,,,,,393.47,296.18,191.73,302.7,335.38,350.4,553.56,553.56,374.5,1.75
2019-12-31 00:00:00,302.56,256.974,,,,,,,,,,,,393.85,296.54,190.07,302.0,332.87,348.13,544.75,544.75,374.11,1.75
2020-01-31 00:00:00,301.88,257.971,,1.36561,1.22156,1.1184,141.00199999999998,27219.0,89.937,3748.75,12885.5,48.181,2559.0,394.49,298.81,188.14,300.2,330.87,346.07,538.06,538.06,374.41,1.75
2020-02-29 00:00:00,302.56,258.678,,1.33173,1.19249,1.117,138.915,26432.0,91.869,3623.25,12277.0,45.045,2738.9,393.01,298.2,189.3,297.9,328.75,343.39,530.95,530.95,368.44,1.75
2020-03-31 00:00:00,299.36,258.115,,1.3369,1.19362,1.11933,141.583,25075.0,92.144,3499.0,12114.0,42.791,2650.5,386.42,298.28,188.59,298.1,323.33,338.76,522.98,522.98,360.95,0.25
2020-04-30 00:00:00,298.46,256.389,,,,,,22769.0,,,,,,391.48,295.73,188.48,294.3,324.12,337.41,519.33,519.33,360.46,0.25
2020-05-31 00:00:00,296.25,256.394,,,,,,24157.0,,,,,,393.44,301.07,191.01,300.5,328.45,342.08,523.75,523.75,367.07,0.25
2020-06-30 00:00:00,299.65,257.797,,,,,,,,,,,,402.31,301.42,192.55,299.2,329.79,344.82,525.77,525.77,372.78,0.25
2020-07-31 00:00:00,302.15,259.101,,,,,,,,,,,,407.06,303.57,193.32,301.4,331.53,348.31,532.68,532.68,374.39,0.25
2020-08-31 00:00:00,306.06,259.918,,,,,,,,,,,,411.9,303.2,193.18,301.5,330.59,348.05,530.65,530.65,375.04,0.25
2020-09-30 00:00:00,310.39,260.28,,,,,,,,,,,,420.65,310.45,195.32,294.5,341.13,351.46,534.35,534.35,382.97,0.25
2020-10-31 00:00:00,313.99,260.388,,,,,,,,,,,,417.11,308.98,196.34,295.3,345.43,352.47,532.16,532.16,386.1,0.25
2020-11-30 00:00:00,316.63,260.229,,,,,,,,,,,,422.83,314.98,198.01,297.5,348.3,353.7,535.87,535.87,384.12,0.25
2020-12-31 00:00:00,318.99,260.474,,,,,,,,,,,,424.51,322.53,199.51,301.0,349.93,356.46,540.01,540.01,386.0,0.25
2021-01-31 00:00:00,320.88,261.582,,1.35323,1.1373,1.1886,155.754,23451.0,95.598,4758.5,16320.75,75.351,2540.6,429.04,320.88,202.01,298.6,351.74,359.22,550.15,550.15,388.05,0.25
2021-02-28 00:00:00,322.67,263.014,,1.3754,1.18088,1.16447,151.26899999999998,25754.0,92.626,4520.5,15582.5,68.535,2537.9,435.35,318.74,204.01,298.4,352.49,361.45,558.44,558.44,390.58,0.25
2021-03-31 00:00:00,327.91,264.877,,1.42053,1.22258,1.16185,155.63,28958.0,90.031,4202.5,13686.5,67.0,2438.6,435.31,326.26,207.34,300.9,357.85,365.06,564.06,564.06,393.29,0.25
2021-04-30 00:00:00,332.86,267.054,,,,,,25304.0,90.584,3705.25,12911.25,,,436.24,329.19,208.21,306.1,361.85,369.96,573.48,573.48,397.69,0.25
2021-05-31 00:00:00,335.25,269.195,,,,,,,,,,,,445.48,328.85,208.3,317.3,363.24,372.78,575.77,575.77,401.42,0.25
2021-06-30 00:00:00,337.8,271.696,,,,,,,,,,,,448.15,333.02,211.69,315.1,364.12,375.97,583.2,583.2,402.62,0.25
2021-07-31 00:00:00,346.57,273.003,,,,,,,,,,,,460.59,334.79,213.67,322.4,367.85,380.88,592.93,592.93,409.03,0.25
2021-08-31 00:00:00,350.93,273.567,,,,,,,,,,,,467.25,340.05,214.52,332.8,372.03,385.78,597.01,597.01,412.46,0.25
2021-09-30 00:00:00,364.44,274.31,,,,,,,,,,,,488.42,347.0,219.4,341.6,377.62,396.9,636.3,636.3,416.3,0.25
2021-10-31 00:00:00,372.44,276.589,,,,,,,,,,,,525.4,354.5,223.6,350.72,380.64,405.4,661.3,661.3,417.4,0.25
2021-11-30 00:00:00,382.59,277.948,,,,,,,,,,,,567.92,359.67,224.43,359.06,383.87,415.31,686.8,686.8,426.79,0.25
2021-12-31 00:00:00,392.52,278.802,,,,,,,,,,,,600.64,367.28,228.28,372.17,389.0,424.46,707.49,707.49,433.03,0.25
2022-01-31 00:00:00,399.84,281.148,,1.20857,1.07039,1.1295,158.423,19915.0,103.522,3861.0,11022.25,80.415,2591.0,634.01,374.69,233.92,394.01,394.0,439.25,752.41,752.41,438.09,0.25
2022-02-28 00:00:00,401.41,283.716,,1.25994,1.07322,1.1737,161.989,,101.752,4131.25,12646.5,115.26,2511.0,641.18,382.03,235.79,394.24,397.94,446.23,779.76,779.76,442.27,0.25
2022-03-31 00:00:00,404.02,287.504,,1.14597,0.98828,1.1598,170.42,14637.0,111.527,3883.0,11447.25,86.362,2330.9,658.01,384.36,239.86,397.97,401.89,455.22,810.96,810.96,442.51,0.5
2022-04-30 00:00:00,406.82,289.109,,,,,,20094.0,,,,,,656.98,381.71,239.83,397.08,404.59,460.95,839.05,839.05,449.51,0.5
2022-05-31 00:00:00,409.69,292.296,,,,,,,,,,,,665.5,382.44,245.32,399.98,406.93,468.12,865.24,865.24,457.66,1.0
2022-06-30 00:00:00,412.53,296.311,,,,,,,,,,,,675.82,386.23,248.33,404.07,408.69,471.65,876.55,876.55,454.35,1.75
2022-07-31 00:00:00,411.23,296.276,,,,,,,,,,,,696.85,387.55,245.59,402.0,408.3,473.58,886.9,886.9,452.36,2.5
2022-08-31 00:00:00,416.61,296.171,,,,,,,,,,,,711.37,391.11,245.68,394.58,409.42,474.16,886.54,886.54,452.12,2.5
2022-09-30 00:00:00,424.35,296.808,,,,,,,,,,,,734.44,400.52,252.35,407.64,415.42,484.28,902.75,902.75,466.03,3.25
2022-10-31 00:00:00,422.06,298.012,,,,,,,,,,,,749.63,401.1,248.73,402.69,414.27,484.99,909.38,909.38,470.69,3.25
2022-11-30 00:00:00,420.51,297.711,,,,,,,,,,,,730.56,403.3,244.25,395.76,413.97,482.15,901.49,901.49,470.28,4.0
2022-12-31 00:00:00,419.64,296.797,,,,,,,,,,,,713.17,400.99,241.15,391.66,411.16,480.12,896.11,896.11,469.63,4.5
2023-01-31 00:00:00,413.82,299.17,,1.27233,1.10374,1.1532,179.463,17132.0,101.333,4820.0,17023.5,71.293,4179.6,682.13,393.59,232.72,382.97,407.8,476.27,899.73,899.73,466.78,4.5
2023-02-28 00:00:00,415.2,300.84,,1.21524,1.05743,1.1484,184.207,18200.0,106.663,4212.25,14490.25,81.305,3818.7,679.02,397.92,228.56,387.63,406.52,472.49,880.85,880.85,466.31,4.75
2023-03-31 00:00:00,416.07,301.836,,1.28344,1.09978,1.1669,182.534,17144.0,101.855,4614.5,15857.5,81.715,3543.4,671.43,398.48,229.28,387.05,406.75,472.69,882.29,882.29,466.57,5.0
2023-04-30 00:00:00,414.04,303.363,,,,,,,,,,,,662.16,395.04,225.84,382.92,404.46,468.04,868.86,868.86,466.67,5.0
2023-05-31 00:00:00,405.68,304.127,,,,,,,,,,,,648.09,392.69,211.56,368.9,400.62,457.0,845.4,845.4,456.77,5.25
2023-06-30 00:00:00,393.82,305.109,,,,,,,,,,,,640.0,387.41,204.93,360.02,390.4,447.38,821.83,821.83,447.62,5.25
2023-07-31 00:00:00,381.41,305.691,,,,,,,,,,,,638.65,386.03,201.63,357.49,379.62,438.12,803.43,803.43,436.01,5.5
2023-08-31 00:00:00,376.55,307.026,,,,,,,,,,,,619.61,383.78,200.8,349.72,379.0,434.46,798.86,798.86,437.5,5.5
2023-09-30 00:00:00,376.34,307.789,,,,,,,,,,,,619.72,386.02,198.27,350.91,375.26,429.94,782.07,782.07,431.22,5.5
2023-10-31 00:00:00,369.24,307.671,,,,,,,,,,,,604.25,378.08,197.49,351.97,372.74,424.01,769.57,769.57,425.41,5.5
2023-11-30 00:00:00,364.3,307.051,,,,,,,,,,,,590.77,375.42,194.28,347.34,369.31,417.56,755.22,755.22,417.3,5.5
2023-12-31 00:00:00,360.37,306.746,,,,,,,,,,,,582.64,376.83,193.83,348.62,363.09,414.58,751.27,751.27,410.72,5.5
2024-01-31 00:00:00,359.25,308.417,,1.27275,1.05778,1.2038,190.567,19505.0,105.782,6051.5,20993.5,68.11,10302.7,572.0,374.03,185.49,344.56,360.38,405.49,723.48,723.48,407.64,5.5
2024-02-29 00:00:00,355.16,310.326,,1.25113,1.03533,1.20825,196.798,20087.0,108.48,5935.75,21226.5,71.812,12326.8,580.99,374.39,184.53,333.98,355.99,400.27,710.16,710.16,398.28,5.5
2024-03-31 00:00:00,356.72,312.33,,1.26418,1.07131,1.1799,203.314,17630.0,105.849,5814.25,20261.25,81.437,8206.9,568.61,373.64,185.18,333.55,355.95,397.84,706.19,706.19,395.46,5.5
2024-04-30 00:00:00,351.93,313.55,,,,,,,,,,,,558.96,376.13,183.3,333.89,353.32,395.05,698.3,698.3,395.33,
2024-05-31 00:00:00,349.73,314.07,,,,,,,,,,,,557.31,370.51,182.17,336.5,351.25,392.78,695.11,695.11,389.88,5.5
2024-06-30 00:00:00,348.21,314.18,,,,,,,,,,,,541.54,368.97,182.45,333.79,351.02,388.19,678.46,678.46,390.93,5.5
2024-07-31 00:00:00,344.32,314.54,,,,,,,,,,,,546.42,365.61,179.51,331.52,349.26,385.47,672.98,672.98,391.51,5.5
2024-08-31 00:00:00,340.77,314.8,,,,,,,,,,,,547.19,365.38,180.44,331.19,342.97,384.9,674.19,674.19,389.71,5.5
2024-09-30 00:00:00,335.11,315.3,,,,,,,,,,,,543.83,361.9,180.94,317.88,340.26,377.7,662.73,662.73,383.92,5.0
2024-10-31 00:00:00,335.28,315.66,,,,,,,,,,,,540.11,362.54,179.44,309.89,337.4,374.57,656.53,656.53,382.97,5.0
2024-11-30 00:00:00,327.04,315.49,,,,,,,,,,,,525.52,354.07,174.63,318.55,330.18,368.36,643.15,643.15,373.27,4.75
2024-12-31 00:00:00,327.63,315.61,,,,,,,,,,,,514.38,351.08,174.96,316.09,329.23,366.21,637.38,637.38,371.68,4.5
2025-01-31 00:00:00,326.14,317.67,,1.34456,1.13478,1.1855,193.757,22086.0,99.443,5916.0,21376.75,60.675,9848.9,510.45,353.04,174.1,311.97,326.65,362.88,628.01,628.01,368.91,4.5
2025-02-28 00:00:00,323.51,319.08,,1.34302,1.1483,1.1693,195.123,23813.0,98.822,6028.25,21909.75,73.771,9742.7,503.06,348.3,170.07,309.06,327.22,358.8,620.17,620.17,372.09,4.5
2025-03-31 00:00:00,321.13,319.8,,1.29169,1.08154,1.1938,193.677,23162.0,104.183,5653.25,19439.5,71.323,8142.1,501.39,349.57,172.01,305.8,325.19,358.33,619.1,619.1,372.42,4.5
2025-04-30 00:00:00,315.7,320.8,,,,,,,,,,,,488.47,346.52,172.34,298.35,318.84,353.64,,610.99,367.72,4.5
2025-05-31 00:00:00,314.25,321.47,,,,,,,,,,,,485.24,345.08,172.12,298.71,316.12,352.25,,608.27,368.06,4.5
1984-01-31 00:00:00,,101.9,,1.197,,,296.19,,,,,27.31,,,,,,,,,,,9.5
1984-02-29 00:00:00,,102.4,,1.3073,,,320.57,,,,,27.6,,,,,,,,,,,9.5
1984-03-31 00:00:00,,102.6,,1.158,,,291.56,,,,,26.41,,,,,,,,,,,10.5
1985-01-31 00:00:00,,105.5,,1.489,,,301.17,,,,,29.75,,,,,,,,,,,8.25
1985-02-28 00:00:00,,106.0,,1.439,,,289.72,,,,,26.3,,,,,,,,,,,9.0
1985-03-31 00:00:00,,106.4,,1.3095,,,325.01,,,,,26.87,,,,,,,,,,,8.5
1986-01-31 00:00:00,,109.6,,1.4865,,1.36849999,234.62,,,,,17.94,,,,,,,,,,,7.75
1986-02-28 00:00:00,,109.3,,1.5435,,1.5589,251.56,,,,,12.78,,,,,,,,,,,7.75
1986-03-31 00:00:00,,108.8,,1.434,,1.36099994,232.1,,,,,15.0,,,,,,,,,,,7.25
1987-01-31 00:00:00,,111.2,,1.887,,1.43879998,228.41,2293.0,,,,16.7,,,,,,,,,,,6.0
1987-02-28 00:00:00,,111.6,,1.8265,,1.45210004,241.66,2122.0,,,,18.51,,,,,,,,,,,6.0
1987-03-31 00:00:00,,112.1,,1.6285,,1.42990005,232.29,3735.0,,,,19.73,,,,,,,,,,,6.0
1988-01-31 00:00:00,,115.7,,1.8115,,1.54159999,225.96,2718.0,,,,17.24,,,,,,,,,,,6.63
1988-02-29 00:00:00,,116.0,,1.835,,1.52629995,229.9,2490.0,,,,17.51,,,,,,,,,,,6.5
1988-03-31 00:00:00,,116.5,,1.768,,1.52419996,221.85,2631.0,,,,13.58,,,,,,,,,,,6.75
1989-01-31 00:00:00,,121.1,,1.614,,1.35210001,231.86,2892.0,,,,21.82,,,,,,,,,,,8.75
1989-02-28 00:00:00,,121.6,,1.579,,1.41939998,225.86,2749.0,,,,19.94,,,,,,,,,,,9.75
1989-03-31 00:00:00,,122.3,,1.6645,,1.49510002,228.14,2603.0,,,,18.31,,,,,,,,,,,9.75
1990-01-31 00:00:00,,127.4,,1.9435,,1.41760004,257.35,2896.0,,,,28.85,,,,,,,,,,,8.25
1990-02-28 00:00:00,,128.0,,1.8625,,1.42859995,271.77,3477.0,,,,20.69,,,,,,,,,,,8.25
1990-03-31 00:00:00,,128.7,,1.9295,,1.41439998,261.58,3103.0,,,,28.44,,,,,,,,,,,8.25
1991-01-31 00:00:00,,134.6,,1.7675,,1.40869999,229.53,4131.0,,,,21.48,,,,,,,,,,,6.75
1991-02-28 00:00:00,,134.8,,1.8682,,1.39690006,233.23,4279.0,,,,18.65,,,,,,,,,,,6.25
1991-03-31 00:00:00,,135.0,,1.619,,1.42809999,222.55,3722.0,,,,20.56,,,,,,,,,,,6.0
1992-01-31 00:00:00,,138.1,,1.51,,1.25380003,188.5,5480.0,,,,19.5,,,,,,,,,,,4.0
1992-02-29 00:00:00,,138.6,,1.516,,1.2313,188.9,5742.0,,,,19.89,,,,,,,,,,,4.0
1992-03-31 00:00:00,,139.3,,1.9905,,1.37960005,244.77,5553.0,,,,21.48,,,,,,,,,,,4.0
1993-01-31 00:00:00,,142.6,,1.4791,,1.32710004,164.77249999999998,11960.0,96.84,,,14.17,,,,,,,,,,,3.0
1993-02-28 00:00:00,,143.1,,1.4918,,1.31050003,156.15865,7460.0,,,,18.29,,,,,,,,,,,3.0
1993-03-31 00:00:00,,143.6,,1.5621,,1.27579999,167.21812,7450.0,,,,20.02,,,,,,,,,,,3.0
1994-01-31 00:00:00,,146.2,,1.5661,,1.27680004,155.91029999999998,8150.0,88.72,,,17.76,,,,,,,,,,,3.0
1994-02-28 00:00:00,,146.7,,1.5116,,1.29059994,158.18528999999998,9640.0,92.52,,,18.31,,,,,,,,,,,3.25
1994-03-31 00:00:00,,147.2,,1.6356,,1.29040003,158.52401999999998,9650.0,85.69,,,18.19,,,,,,,,,,,3.5
1995-01-31 00:00:00,,150.3,,1.5526,,1.21370006,160.31085,10140.0,84.76,,,19.55,,,,,,,,,,,5.5
1995-02-28 00:00:00,,150.9,,1.5793,,1.21459997,161.17399999999998,9800.0,83.66,,,17.64,,,,,,,,,,,6.0
1995-03-31 00:00:00,,151.4,,1.5964,,1.19169998,141.20406,9458.0,81.57,,,17.56,,,,,,,,,,,6.0
1996-01-31 00:00:00,,154.4,,1.683,,1.34130001,191.4271,13470.0,87.92,,,23.75,,,,,,,,,,,5.25
1996-02-29 00:00:00,,154.9,,1.7126,,1.36619997,198.1996,13460.0,88.12,,,25.92,,,,,,,,,,,5.25
1996-03-31 00:00:00,,155.7,,1.5517,,1.24899995,170.25465,11033.0,87.82,,,20.92,,,,,,,,,,,5.25
1997-01-31 00:00:00,,159.1,,1.6524,,1.49899995,215.09613,10720.0,99.65,979.0,,17.64,,,,,,,,,,,5.25
1997-02-28 00:00:00,,159.6,,1.6655,,1.47819996,190.90315,15255.0,95.67,,,19.8,,,,,,,,,,,5.25
1997-03-31 00:00:00,,160.0,,1.6893,,1.50399995,215.76968,10520.0,97.79,955.0,,19.15,,,,,,,,,,,5.5
1998-01-31 00:00:00,,161.6,,1.6634,,1.4208,190.675,10120.0,94.17,1245.5,,12.05,,,,,,,,,,,5.5
1998-02-28 00:00:00,,161.9,,1.648,,1.398,202.735,10445.0,96.2,1162.5,,11.22,,,,,,,,,,,5.5
1998-03-31 00:00:00,,162.2,,1.6811,,1.48870003,233.545,7000.0,100.2,954.0,,13.34,,,,,,,,,,,5.5
1999-01-31 00:00:00,,164.3,,1.6148,,1.5986,164.93499999999997,16970.0,101.87,1485.0,3754.0,25.75,,,,,,,,,,,4.75
1999-02-28 00:00:00,,164.5,,1.6044,,1.5176,176.015,13610.0,100.03,1319.75,2395.5,22.11,,,,,,,,,,,4.75
1999-03-31 00:00:00,,165.0,,1.6026,,1.5379,194.915,12220.0,102.45,1296.75,,16.84,,,,,,,,,,,4.75
2000-01-31 00:00:00,,168.8,,1.4933,,1.5842,170.89499999999998,15160.0,109.32,1327.0,2374.5,26.8,,,,,,,,,,,5.5
2000-02-29 00:00:00,,169.8,,1.4478,,1.7048,157.55499999999998,15043.0,116.62,1440.75,3298.0,32.69,,,,,,,,,,,5.75
2000-03-31 00:00:00,,171.2,,1.4999,,1.6179,163.975,16900.0,109.58,1439.0,3617.0,27.45,,,,,,,,,,,6.0
2001-01-31 00:00:00,,175.1,,1.4248,,1.5875,175.86499999999998,11321.0,115.56,1135.25,1598.0,19.44,,,,,,,,,,,5.5
2001-02-28 00:00:00,,175.8,,1.4251,,1.6258,178.165,12250.0,117.11,1215.25,1693.0,26.35,,,,,,,,,,,5.5
2001-03-31 00:00:00,,176.2,,1.4546,,1.6345,191.655,11376.0,116.67,1149.25,1583.5,19.84,,,,,,,,,,,5.0
2002-01-31 00:00:00,,177.1,,1.5567,0.9944,1.5653,190.745,10135.0,106.37,936.0,1117.0,26.89,,,,,,,,,,,1.75
2002-02-28 00:00:00,,177.8,,1.6101,1.0435,1.5341,191.145,9287.0,101.81,879.0,987.0,31.2,,,,,,,,,,,1.75
2002-03-31 00:00:00,,178.8,,1.5331,0.9919,1.5466,183.475,10610.0,106.92,988.0,1054.0,26.86,,,,,,,,,,,1.75
2003-01-31 00:00:00,,181.7,,1.7838,1.2578,1.4153,191.075,12636.0,86.92,1110.5,1468.0,32.52,,,,,,,,,,,1.25
2003-02-28 00:00:00,,183.1,,1.6549,1.1506,1.4354,198.165,12095.0,92.85,973.25,1204.5,30.19,,,,,,,,,,,1.25
2003-03-31 00:00:00,,184.2,,1.7214,1.1993,1.4359,188.625,12335.0,90.23,1057.75,1425.0,30.41,,,,,,,,,,,1.25
