,Liv-ex 100,"ECONOMICS_USCPI, M","TVC_US10Y, 15","FX_GBPUSD, 1M","OANDA_EURUSD, 1M","FX_IDC_GBPEUR, 1M","FX_GBPJPY, 1M","HKEX_DLY_HSI1!, 1M (1)","TVC_DXY, 1M","CME_MINI_ES1!, 1M (1)","CME_MINI_NQ1!, 1M","TVC_USOIL, 1M","PEPPERSTONE_COCOA, 1M",liv-ex Champagne 50,liv-ex Italy 100,liv-ex Rhone 100,liv-ex California 50,liv-ex Investables,Liv-ex Fine Wine 1000,Liv-ex Indices,liv-ex Burgundy 150,liv-ex Bordeaux Legends,"ECONOMICS_USINTR, 1M",wine_12m_ret,target,Predicted_12M_Return,cycle_phase,Signal,Strategy_Return,Cum_Strategy,Cum_BuyHold
2004-01-31,100.41,185.23,,1.9159,1.3568,1.4156,196.845,14222.0,80.85,1213.75,1628.5,43.45,,,,,,,,,,,1.0,,1.4180858480231056,1.3015750689367913,bull,1,,,
2004-02-29,100.03,186.23,,1.802,1.2183,1.4797,196.715,12818.0,88.94,1104.0,1370.0,42.12,,,,,,,,,,,1.0,,1.490152954113766,1.4390108031934075,bull,1,,,
2004-03-31,99.62,187.43,,1.8321,1.21875,1.5033,200.645,12175.0,88.95,1121.5,1468.0,39.88,,,,,,,,,,,1.0,,1.5704677775547076,1.4623894884291562,bull,1,,,
2005-01-31,97.87,190.73,,1.7204,1.1848,1.454,202.935,14838.0,91.17,1254.75,1659.0,61.04,,,,,,,,,,,2.25,,1.1388576683355471,1.14599506839656,bull,1,,,
2005-02-28,98.91,191.83,,1.8171,1.230335,1.4764,197.255,,87.76,1192.25,1545.0,51.97,,,,,,,,,,,2.5,,1.1443736730360934,1.173468459706258,bull,1,,,
2005-03-31,99.93,193.33,,1.7697,1.199215,1.4753,206.005,14384.0,90.07,1209.75,1586.5,59.76,,,,,,,,,,,2.75,,1.0971680176123284,1.144684833383463,bull,1,,,
2006-01-31,118.28,198.33,,1.958,1.31977,1.4843,233.065,20018.0,83.72,1428.5,1775.0,61.07,,,,,,,,,,,4.5,,1.0784578965167395,1.0537820713887485,bull,1,,,
2006-02-28,122.48,198.73,,1.9072,1.276185,1.494,223.085,18340.0,85.32,1383.25,1742.75,58.61,,,,,,,,,,,4.5,,1.0684193337687784,1.0741886715795221,bull,1,,,
2006-03-31,127.38,199.83,,1.8675,1.276685,1.4626,214.115,16975.0,85.3,1281.75,1518.75,74.4,,,,,,,,,,,4.75,,1.0992306484534464,1.0806958548151564,bull,1,,,
2007-01-31,175.91,202.446,,2.0559000000000003,1.46335,1.4056,228.436,28880.0,76.147,1483.75,2094.5,88.7,,,,,,,,,,,5.25,,0.6133249957364562,0.6796564620779987,bull,1,,,
2007-02-28,181.12,203.529,,2.0312,1.3684,1.4837,240.915,31269.0,80.77,1462.0,1945.75,78.0,,,,,,,,,,,5.25,,0.6821444346289753,0.6762097811645004,bull,1,,,
2007-03-31,191.11,205.382,,1.98375,1.4592,1.3616,221.638,27910.0,76.695,1477.25,2104.75,96.2,,,,,,,,,,,5.25,,0.5746428758306734,0.6051949275136551,bull,1,,,
2008-01-31,242.8,211.11,,1.4542,1.39759,1.0465,132.14,14397.0,81.308,900.0,1212.5,42.66,,,,,,,,,,,3.0,1.4180858480231056,0.2503294892915979,0.3622968379445837,bull,1,1.4180858480231056,2.4180858480231056,2.4180858480231056
2008-02-29,249.09,211.723,,1.99217,1.575605,1.2648,211.596,13930.0,79.448,1281.0,1846.0,140.0,,,,,,,,,,,3.0,1.490152954113766,0.2369826167248785,0.3736390455669635,bull,1,1.490152954113766,6.0214036177554275,6.0214036177554275
2008-03-31,256.07,213.558,,1.54039,1.26909,1.2111,147.194,13988.0,86.517,895.25,1186.0,55.03,,,,,,,,,,,2.25,1.5704677775547076,0.2326707540906782,0.2804431589539727,bull,1,1.5704677775547076,15.47782397509167,15.47782397509167
2009-01-31,209.33,211.173,,1.6164,1.43252,1.1273,150.45499999999998,21925.0,77.86,1110.75,1858.75,79.62,,,,,,,,,,,0.25,1.1388576683355471,0.5724454211054317,0.557652977252202,bull,1,1.1388576683355471,33.1048624982726,33.1048624982726
2009-02-28,212.1,212.223,,1.64391,1.50046,1.0952,142.01999999999998,21748.0,74.879,1094.75,1767.5,77.28,,,,,,,,,,,0.25,1.1443736730360934,0.5854785478547855,0.5661427933645025,bull,1,1.1443736730360934,70.98919559077564,70.98919559077564
2009-03-31,209.57,212.739,,1.62846,1.433395,1.1355,151.625,19623.0,78.172,1019.75,1625.0,69.57,,,,,,,,,,,0.25,1.0971680176123284,0.6516677005296561,0.5731365842397832,bull,1,1.0971680176123284,148.8762705890008,148.8762705890008
2010-01-31,245.84,216.717,,1.55955,1.33845,1.166,126.503,23020.0,79.028,1253.0,2216.0,91.28,,,,,,,,,,,0.25,1.0784578965167395,0.4539944679466319,0.42091880538619614,bull,1,1.0784578965167395,309.4330602096715,309.4330602096715
2010-02-28,253.34,216.77100000000002,,1.53461,1.268,1.2093,129.23,20320.0,83.202,1048.25,1766.5,71.65,,,,,,,,,,,0.25,1.0684193337687784,0.417107444540933,0.38665345173898336,bull,1,1.0684193337687784,640.0373242449231,640.0373242449231
2010-03-31,267.4,217.661,,1.4542,1.230555,1.1807,132.73899999999998,19713.0,86.48,1088.5,1852.0,73.99,,,,,,,,,,,0.25,1.0992306484534464,0.3423709798055347,0.32710801828717906,bull,1,1.0992306484534464,1343.5859672090785,1343.5859672090785
2010-04-30,283.8,218.039,,,,,,22973.0,79.462,1070.5,1739.25,,,,,,,,,200.3,,,0.25,0.6133249957364562,0.2646934460887948,0.2795576940351951,bull,1,0.6133249957364562,2167.6408248191487,2167.6408248191487
2010-06-30,304.67,217.995,,,,,,,,,,,,220.33,171.17,153.39,149.1,296.03,231.61,202.79,202.79,314.57,0.25,0.6821444346289753,0.1970000328223979,0.17749251319116854,bull,1,0.6821444346289753,3646.284949744093,3646.284949744093
2010-07-31,300.93,218.041,,,,,,,,,,,,225.29,178.39,152.95,148.6,295.21,232.5,201.94,201.94,315.88,0.25,0.5746428758306734,0.1930016947462864,0.17626969869205472,bull,1,0.5746428758306734,5741.596619363141,5741.596619363141
2010-08-31,303.58,218.342,,,,,,,,,,,,232.21,176.69,151.68,149.0,298.24,235.28,206.87,206.87,317.42,0.25,0.2503294892915979,0.1349232492259042,0.11858501026847039,bull,1,0.2503294892915979,7178.887568806682,7178.887568806682
2010-09-30,308.12,218.469,,,,,,,,,,,,232.32,178.76,153.15,149.1,303.71,237.98,208.8,208.8,321.3,0.25,0.2369826167248785,0.0471894067246527,0.07841250842297319,bull,1,0.2369826167248785,8880.15913003619,8880.15913003619
2010-10-31,315.65,218.741,,,,,,,,,,,,231.95,176.69,151.15,161.6,313.03,242.29,212.34,212.34,329.58,0.25,0.2326707540906782,-0.0241406621257722,-0.0008638468384820208,bull,0,0.2326707540906782,10946.312451266933,10946.312451266933
2010-11-30,329.16,218.833,,,,,,,,,,,,230.64,181.65,154.86,158.8,326.33,247.14,213.22,213.22,334.29,0.25,0.5724454211054317,-0.09478672985782,-0.0570297921943476,bull,0,0.0,10946.312451266933,17212.47889198406
2010-12-31,336.28,219.209,,,,,,,,,,,,237.07,186.46,156.38,158.3,333.82,254.26,223.2,223.2,341.09,0.25,0.5854785478547855,-0.148536933507791,-0.12298871073281493,bull,0,0.0,10946.312451266933,27290.016038644037
2011-01-31,346.14,220.25300000000001,,1.55454,1.29625,1.1991,119.535,18456.0,80.178,1252.5,2274.5,98.86,,236.93,183.75,159.61,164.3,346.59,257.64,225.61,225.61,345.36,0.25,0.6516677005296561,-0.1613220084358929,-0.14237478818034724,bull,0,0.0,10946.312451266933,45074.03803796463
2011-02-28,357.45,221.339,,1.6445,1.43966,1.1424,134.059,23543.0,74.638,1344.0,2371.75,102.59,,233.96,187.05,158.64,152.5,359.57,264.4,236.74,236.74,352.97,0.25,0.4539944679466319,-0.1784585256679255,-0.15478772502764568,bull,0,0.0,10946.312451266933,65537.40195521663
2011-03-31,359.01,223.497,,1.60871,1.38577,1.16,125.746,19785.0,76.166,1249.25,2356.0,92.46,,234.7,187.73,163.96,152.8,362.66,266.79,238.68,238.68,349.16,0.25,0.417107444540933,-0.1823347539065763,-0.18499568010844072,bull,0,0.0,10946.312451266933,92873.54020660899
2011-04-30,358.95,224.936,,,,,,22325.0,,,,,,235.5,191.38,167.46,153.8,363.9,271.03,244.59,244.59,353.54,0.25,0.3423709798055347,-0.1923109068115336,-0.20309333599730908,bull,0,0.0,10946.312451266933,124670.74516515444
2011-05-31,358.92,225.994,,,,,,,,,,,,236.57,193.35,168.43,163.0,364.83,274.91,248.24,248.24,359.19,0.25,0.2646934460887948,-0.2246740220661987,-0.22666582470500443,bull,0,0.0,10946.312451266933,157670.27432937713
2011-06-30,364.69,225.752,,,,,,,,,,,,241.51,193.57,172.04,160.0,369.81,278.7,258.92,258.92,360.48,0.25,0.1970000328223979,-0.2730264059886479,-0.25774519261877504,bull,0,0.0,10946.312451266933,188731.32354738092
2011-07-31,359.01,225.952,,,,,,,,,,,,243.64,195.64,169.99,180.2,365.28,279.69,259.14,259.14,360.53,0.25,0.1930016947462864,-0.2822205509595833,-0.21069883008974596,bull,0,0.0,10946.312451266933,225156.78884373515
2011-08-31,344.54,226.575,,,,,,,,,,,,244.06,197.12,166.95,166.0,351.63,273.17,258.92,258.92,347.36,0.25,0.1349232492259042,-0.2489115922679515,-0.23164553157312803,bull,0,0.0,10946.312451266933,255535.67437980272
2011-09-30,322.66,226.919,,,,,,,,,,,,250.22,195.62,169.33,165.6,334.36,266.9,260.26,260.26,333.46,0.25,0.0471894067246527,-0.1939502882290957,-0.18508964630082755,bull,0,0.0,10946.312451266933,267594.25125076965
2011-10-31,308.03,226.451,,,,,,,,,,,,249.26,193.34,165.86,170.3,319.92,259.8,258.84,258.84,322.22,0.25,-0.0241406621257722,-0.161120670064604,-0.14886705231278266,bull,0,-0.0,10946.312451266933,261134.34884452584
2011-11-30,297.96,226.26,,,,,,,,,,,,250.44,196.18,168.07,172.2,310.28,255.14,254.92,254.92,311.34,0.25,-0.09478672985782,-0.1356222311719692,-0.12271785465254424,bull,0,-0.0,10946.312451266933,236382.27786400204
2011-12-31,286.33,225.702,,,,,,,,,,,,248.36,198.32,168.72,176.8,300.35,253.37,261.79,261.79,304.7,0.25,-0.148536933507791,-0.089232703523906,-0.08167441961946169,bull,0,-0.0,10946.312451266933,201270.77917449657
2012-01-31,290.3,226.695,,1.6009,1.29851,1.2323,132.00199999999998,22023.0,80.153,1414.5,2675.75,88.94,,252.05,194.59,165.87,171.7,301.86,254.82,269.01,269.01,307.28,0.25,-0.1613220084358929,-0.0767137444023425,-0.08195927697443502,bull,0,-0.0,10946.312451266933,168801.3728386097
2012-02-29,293.66,227.693,,1.5672,1.23042,1.2742,122.449,18530.0,82.635,1374.5,2636.5,87.9,,248.61,193.86,169.22,175.6,304.98,257.47,274.65,274.65,312.25,0.25,-0.1784585256679255,-0.0590819314853913,-0.05893419314211308,bull,0,-0.0,10946.312451266933,138677.3287111096
2012-03-31,293.55,229.422,,1.62627,1.319725,1.2311,140.873,22674.0,79.769,1420.0,2655.25,91.73,,244.23,194.95,168.8,178.3,304.56,256.56,275.76,275.76,311.17,0.25,-0.1823347539065763,-0.0465338102537898,-0.039783385629011285,bull,0,-0.0,10946.312451266933,113391.63210814806
2012-04-30,289.92,230.115,,,,,,,79.935,1434.25,2792.0,,,248.26,196.81,168.61,176.6,301.53,255.64,270.55,270.55,309.52,0.25,-0.1923109068115336,-0.0474268763796909,-0.05483524824978688,bull,0,-0.0,10946.312451266933,91585.18451259029
2012-05-31,278.28,229.845,,,,,,,,,,,,246.47,196.98,168.73,175.2,288.87,250.89,270.93,270.93,300.3,0.25,-0.2246740220661987,-0.0102055483685495,-0.017037993088986014,bull,0,-0.0,10946.312451266933,71008.37274647171
2012-06-30,265.12,229.508,,,,,,,,,,,,248.32,196.17,167.76,173.7,277.16,245.47,271.59,271.59,291.95,0.25,-0.2730264059886479,0.0343240796620398,0.026776511186509956,bull,0,-0.0,10946.312451266933,51621.21194040028
2012-07-31,257.69,229.13400000000001,,,,,,,,,,,,249.08,196.66,167.93,172.6,271.05,242.84,268.49,268.49,290.05,0.25,-0.2822205509595833,0.0593348597151617,0.0441441742751513,bull,0,-0.0,10946.312451266933,37052.64506537909
2012-08-31,258.78,230.409,,,,,,,,,,,,242.1,196.52,167.3,172.9,271.25,242.75,271.21,271.21,284.77,0.25,-0.2489115922679515,0.053868150552593,0.04547213388310209,bull,0,-0.0,10946.312451266933,27829.812184416325
2012-09-30,260.08,231.437,,,,,,,,,,,,250.0,195.03,168.41,170.2,273.63,244.2,269.66,269.66,289.73,0.25,-0.1939502882290957,0.0302599200246078,0.024787656926766717,bull,0,-0.0,10946.312451266933,22432.212089887176
2012-10-31,258.4,231.347,,,,,,,,,,,,248.88,198.14,167.74,169.9,272.63,243.7,267.48,267.48,289.46,0.25,-0.161120670064604,0.0262383900928793,0.021063971240793178,bull,0,-0.0,10946.312451266933,18817.919046933246
2012-11-30,257.55,230.251,,,,,,,,,,,,247.47,197.54,169.58,167.3,272.64,244.96,267.69,267.69,293.5,0.25,-0.1356222311719692,0.0035332945059209,0.005049893651063444,bull,0,-0.0,10946.312451266933,16265.790879774662
2012-12-31,260.78,229.631,,,,,,,,,,,,252.17,198.71,173.18,175.4,275.92,247.36,268.66,268.66,294.17,0.25,-0.089232703523906,-0.0139197791241659,-0.01750248502131219,bull,0,-0.0,10946.312451266933,14814.350384617876
2013-01-31,268.03,230.31,,1.63622,1.359115,1.2038,167.605,23921.0,80.68,1804.0,3487.5,92.76,,254.9,204.95,173.87,168.1,282.75,252.15,275.36,275.36,297.44,0.25,-0.0767137444023425,-0.0492482184830055,-0.04437387217640432,bull,0,-0.0,10946.312451266933,13677.886095725557
2013-02-28,276.31,232.196,,1.65714,1.37879,1.2044,174.40699999999998,23333.0,80.035,1841.0,3583.75,98.59,,259.67,209.68,171.55,169.8,289.94,257.09,282.25,282.25,300.88,0.25,-0.0590819314853913,-0.0861713293040425,-0.07778054237497732,bull,0,-0.0,10946.312451266933,12869.770166552913
2013-03-31,279.89,232.803,,1.52084,1.30101,1.1687,150.801,20729.0,80.221,1674.25,3209.0,96.42,,264.45,206.96,176.27,172.5,291.85,256.8,280.52,280.52,298.35,0.25,-0.0465338102537898,-0.1102933295223123,-0.10457631488854702,bull,0,-0.0,10946.312451266933,12270.890723612656
2013-04-30,276.17,232.561,,,,,,,,,,,,266.26,207.96,174.55,169.3,290.16,257.09,288.56,288.56,298.08,0.25,-0.0474268763796909,-0.1071441503421805,-0.10624704809848012,bull,0,-0.0,10946.312451266933,11688.920706195182
2013-05-31,275.44,232.975,,,,,,,,,,,,265.72,209.42,174.04,164.1,290.1,256.7,282.92,282.92,299.52,0.25,-0.0102055483685495,-0.1173032239326169,-0.11542026187504999,bull,0,-0.0,10946.312451266933,11569.628860551968
2013-06-30,274.22,233.534,,,,,,,,,,,,271.22,211.04,173.92,167.3,289.76,258.65,287.56,287.56,302.7,0.25,0.0343240796620398,-0.1393042082999052,-0.1331412883114045,bull,0,0.0,10946.312451266933,11966.74572322179
2013-07-31,272.98,233.626,,,,,,,,,,,,274.57,215.56,170.17,172.5,288.71,258.78,284.36,284.36,303.23,0.25,0.0593348597151617,-0.1427577111876329,-0.13032055563134373,bull,0,0.0,10946.312451266933,12676.790901956167
2013-08-31,272.72,233.907,,,,,,,,,,,,272.76,223.6,174.8,162.1,288.96,258.56,280.07,280.07,299.2,0.25,0.053868150552593,-0.1338735699618657,-0.12784710567617621,bull,0,0.0,10946.312451266933,13359.666182786485
2013-09-30,267.95,234.179,,,,,,,,,,,,272.85,223.65,174.67,160.7,285.75,259.25,288.68,288.68,302.52,0.25,0.0302599200246078,-0.1160291099085649,-0.1199289422508035,bull,0,0.0,10946.312451266933,13763.928613033062
2013-10-31,265.18,233.576,,,,,,,,,,,,270.79,219.92,170.82,167.7,283.11,257.54,290.79,290.79,301.98,0.25,0.0262383900928793,-0.1029112301078513,-0.10103555670332788,bull,0,0.0,10946.312451266933,14125.071941192367
2013-11-30,258.46,233.099,,,,,,,,,,,,274.02,219.62,169.33,163.2,277.21,256.04,294.42,294.42,299.35,0.25,0.0035332945059209,-0.0769171245066934,-0.0851535307305404,bull,0,0.0,10946.312451266933,14174.979980277922
2013-12-31,257.15,233.079,,,,,,,,,,,,275.53,216.9,170.26,169.3,276.12,254.85,293.29,293.29,296.94,0.25,-0.0139197791241659,-0.0725257631732451,-0.07526716643537841,bull,0,-0.0,10946.312451266933,13977.66738986298
2014-01-31,254.83,233.946,,1.55749,1.210105,1.2872,186.721,23649.0,90.269,2052.5,4232.75,53.71,,273.87,218.3,168.97,169.0,274.67,252.32,290.04,290.04,287.35,0.25,-0.0492482184830055,-0.0461876545147745,-0.04942128896623755,bull,0,-0.0,10946.312451266933,13289.292172364227
2014-02-28,252.5,234.811,,1.71051,1.36923,1.2492,173.28599999999997,24766.0,85.936,1965.5,4044.75,105.45,,271.06,214.9,166.51,170.4,270.89,249.76,288.96,288.96,287.52,0.25,-0.0861713293040425,-0.041148514851485,-0.021057512398098176,bull,0,-0.0,10946.312451266933,12144.136200361794
2014-03-31,249.02,236.323,,1.56517,1.245095,1.2566,185.652,23980.0,88.356,2066.25,4338.25,65.95,,272.69,215.95,166.34,177.9,267.89,249.98,291.18,291.18,287.37,0.25,-0.1102933295223123,-0.0320857762428721,-0.022888327687901583,bull,0,-0.0,10946.312451266933,10804.718984651448
2014-04-30,246.58,237.102,,,,,,22807.0,,,,,,271.64,218.72,166.97,179.0,265.38,247.52,285.98,285.98,283.37,0.25,-0.1071441503421805,-0.0185740936004542,-0.008630698737229972,bull,0,-0.0,10946.312451266933,9647.056549354942
2014-05-31,243.13,237.93,,,,,,,,,,,,270.15,218.14,163.67,180.1,260.57,245.69,286.08,286.08,283.9,0.25,-0.1173032239326169,-0.005264673220088,0.006962514960216926,bull,0,-0.0,10946.312451266933,8515.425714655341
2014-06-30,236.02,238.373,,,,,,,,,,,,270.19,216.85,164.81,178.0,255.23,243.53,287.26,287.26,282.22,0.25,-0.1393042082999052,0.0351665113126005,0.03288795122490699,bull,0,-0.0,10946.312451266933,7329.191077138625
2014-07-31,234.01,238.28,,,,,,,,,,,,268.19,216.07,164.6,177.7,253.99,242.81,286.46,286.46,279.93,0.25,-0.1427577111876329,0.0317080466646724,0.03162990916153999,bull,0,-0.0,10946.312451266933,6282.892534109493
2014-08-31,236.21,237.882,,,,,,,,,,,,264.34,215.77,163.61,179.6,254.56,242.59,286.85,286.85,278.31,0.25,-0.1338735699618657,0.0229880191355149,0.022445832666514384,bull,0,-0.0,10946.312451266933,5441.779280881502
2014-09-30,236.86,238.061,,,,,,,,,,,,267.86,213.95,163.29,179.5,254.71,243.27,288.33,288.33,278.58,0.25,-0.1160291099085649,0.0202229164907539,0.022548370188653123,bull,0,-0.0,10946.312451266933,4810.374474601951
2014-10-31,237.89,237.463,,,,,,,,,,,,273.99,213.98,162.94,180.0,255.35,243.33,290.33,290.33,275.28,0.25,-0.1029112301078513,0.0100046239858759,0.011816389840009338,bull,0,-0.0,10946.312451266933,4315.332920141255
2014-11-30,238.58,236.181,,,,,,,,,,,,275.51,213.88,161.98,187.4,255.54,244.24,293.92,293.92,275.89,0.25,-0.0769171245066934,-0.007838041747003,0.00344978927422396,bull,0,-0.0,10946.312451266933,3983.4099206349174
2014-12-31,238.5,234.842,,,,,,,,,,,,271.98,212.95,160.25,187.2,256.4,243.75,291.05,291.05,273.93,0.25,-0.0725257631732451,-0.0010062893081761,0.005672719963194723,bull,0,-0.0,10946.312451266933,3694.5100761089943
2015-01-31,243.06,233.737,,1.4733,1.08697,1.3568,177.10399999999998,21910.0,98.631,2035.5,4587.75,37.05,3208.0,276.89,215.94,159.78,188.8,259.61,245.77,295.69,295.69,279.16,0.25,-0.0461876545147745,-0.0090101209577881,0.03184018110797109,bull,0,-0.0,10946.312451266933,3523.869321112319
2015-02-28,242.11,234.752,,1.50555,1.05648,1.4248,185.274,21909.0,100.17,2079.75,4668.75,41.66,,269.38,215.54,159.81,193.7,258.51,244.91,292.63,292.63,280.66,0.25,-0.041148514851485,0.0065672628144231,0.08443643933538819,bull,1,-0.0,10946.312451266933,3378.867332017837
2015-03-31,241.03,236.149,,1.53418,1.12111,1.3687,185.888,21464.0,95.824,1969.25,4271.75,48.14,,271.07,215.1,158.26,192.0,258.37,245.01,293.3,293.3,281.16,0.25,-0.0320857762428721,0.0377131477409451,0.06889799217115508,bull,1,-0.0320857762428721,10595.091519271016,3270.4537508483622
2015-04-30,242.0,236.629,,,,,,27164.0,,,,,,268.59,214.77,157.76,198.9,260.41,245.48,293.52,293.52,282.6,0.25,-0.0185740936004542,0.0444214876033057,0.07895129814654597,bull,1,-0.0185740936004542,10398.297297686699,3209.7080367641483
2015-05-31,241.85,237.835,,,,,,,,,,,,266.44,215.42,160.98,199.9,260.57,245.85,295.92,295.92,281.16,0.25,-0.005264673220088,0.051519536903039,0.05886166612043579,bull,1,-0.005264673220088,10343.553660369054,3192.809972818695
2015-06-30,244.32,238.668,,,,,,,,,,,,269.87,217.54,158.84,198.0,262.25,248.11,296.43,296.43,287.65,0.25,0.0351665113126005,0.0629911591355598,0.09315599208571439,bull,1,0.0351665113126005,10707.300357178912,3305.089960846807
2015-07-31,241.43,238.684,,,,,,,,,,,,268.22,215.97,159.03,199.2,262.18,245.82,293.22,293.22,286.17,0.25,0.0317080466646724,0.1144845296773391,0.09874065053917738,bull,1,0.0317080466646724,11046.807936557005,3409.887907556278
2015-08-31,241.64,238.346,,,,,,,,,,,,270.06,215.64,154.66,204.7,263.05,245.58,292.6,292.6,283.91,0.25,0.0229880191355149,0.1456298626055288,0.15464322338060374,bull,1,0.0229880191355149,11300.752168788935,3488.274476025143
2015-09-30,241.65,237.975,,,,,,,,,,,,273.46,216.4,154.26,205.3,263.56,246.97,296.83,296.83,284.79,0.25,0.0202229164907539,0.1637906062487069,0.1795771266858582,bull,1,0.0202229164907539,11529.28633618106,3558.817559450628
2015-10-31,240.27,237.868,,,,,,,,,,,,270.17,216.27,153.68,207.2,261.31,246.47,303.77,303.77,281.61,0.25,0.0100046239858759,0.2126357847421651,0.20135769049799268,bull,1,0.0100046239858759,11644.63251080005,3594.422190967264
2015-11-30,236.71,237.366,,,,,,,,,,,,267.95,214.7,156.09,210.3,258.8,244.55,297.13,297.13,279.55,0.25,-0.007838041747003,0.251277935025981,0.23473338256386655,bull,1,-0.007838041747003,11553.36139505189,3566.248959778109
2015-12-31,238.26,236.555,,,,,,,,,,,,270.07,214.57,155.25,219.1,260.04,245.22,294.87,294.87,280.38,0.5,-0.0010062893081761,0.2479224376731301,0.22909026438214614,bull,1,-0.0010062893081761,11541.735371006554,3562.66028157959
2016-01-31,240.87,236.946,,1.23299,1.05204,1.1725,144.285,21962.0,102.21,2236.25,4864.0,53.87,2139.5,269.78,217.1,156.57,209.1,263.6,247.8,296.66,296.66,284.47,0.5,-0.0090101209577881,0.2499688628720886,0.23735966505378836,bull,1,-0.0090101209577881,11437.742939251004,3530.5602815110506
2016-02-29,243.7,237.141,,1.448,1.11319,1.3014,160.29399999999998,,95.891,2095.0,4524.25,48.85,3024.0,274.82,219.74,156.92,207.2,266.45,249.3,299.16,299.16,285.1,0.5,0.0065672628144231,0.2402954452195322,0.23127565863179517,bull,1,0.0065672628144231,11512.857603136878,3553.746398761897
2016-03-31,250.12,238.162,,1.22422,1.09814,1.1149,128.31699999999998,22905.0,98.445,2120.0,4796.75,46.74,2736.0,274.57,219.79,158.68,222.6,272.18,253.59,303.51,303.51,290.11,0.5,0.0377131477409451,0.2166160243083319,0.191647950660958,bull,1,0.0377131477409451,11947.043702844443,3687.769361732256
2016-04-30,252.75,239.291,,,,,,21774.0,99.606,,,,,275.03,218.93,160.5,215.8,275.42,254.78,302.34,302.34,290.16,0.5,0.0444214876033057,0.1975865479723046,0.17555119745323694,bull,1,0.0444214876033057,12477.7491565865,3851.5855627182964
2016-05-31,254.31,240.25900000000001,,,,,,,,,,,,278.21,219.77,159.3,218.1,277.31,255.79,304.79,304.79,294.2,0.5,0.051519536903039,0.1951555188549407,0.184510489124017,bull,1,0.051519536903039,13120.597014726121,4050.017467251974
2016-06-30,259.71,241.048,,,,,,,,,,,,281.51,223.97,160.82,226.9,283.31,264.35,320.63,320.63,307.14,0.5,0.0629911591355598,0.1824727580763161,0.16789934397740733,bull,1,0.0629911591355598,13947.078629234285,4305.13276203344
2016-07-31,269.07,240.658,,,,,,,,,,,,289.56,228.51,164.72,234.4,295.97,273.3,330.57,330.57,319.38,0.5,0.1144845296773391,0.1417846657003754,0.13163805487821048,bull,1,0.1144845296773391,15543.80336647504,4798.003861493342
2016-08-31,276.83,240.879,,,,,,,,,,,,293.79,231.67,167.06,228.8,304.4,281.62,340.41,340.41,335.05,0.5,0.1456298626055288,0.1150164360799048,0.10723636554022752,bull,1,0.1456298626055288,17807.445315102155,5496.736504623414
2016-09-30,281.23,241.458,,,,,,,,,,,,302.52,235.18,169.03,233.6,309.13,285.3,345.03,345.03,336.82,0.5,0.1637906062487069,0.0952956654695442,0.09412225160547641,bull,1,0.1637906062487069,20724.137579003433,6397.0503091050805
2016-10-31,291.36,241.75900000000001,,,,,,,,,,,,313.57,247.12,171.68,239.4,319.13,293.6,353.11,353.11,343.94,0.5,0.2126357847421651,0.0603034047226798,0.06757835133335453,bull,1,0.2126357847421651,25130.830836219422,7757.29212161675
2016-11-30,296.19,241.383,,,,,,,,,,,,326.06,244.64,170.7,240.7,322.79,296.6,361.94,361.94,348.12,0.5,0.251277935025981,0.0566190620885243,0.06419487991117244,bull,1,0.251277935025981,31445.654114231886,9706.528467329917
2016-12-31,297.33,241.462,,,,,,,,,,,,323.12,244.11,173.92,243.4,323.35,299.8,371.4,371.4,350.16,0.75,0.2479224376731301,0.0516597719705378,0.049271446970492946,bull,0,0.2479224376731301,39241.73733645835,12112.994666293982
2017-01-31,301.08,242.869,,1.35035,1.20025,1.1245,152.14499999999998,29948.0,92.124,2676.0,6408.75,60.09,1895.6,329.73,250.88,176.36,247.6,325.87,301.24,372.05,372.05,347.08,0.75,0.2499688628720886,0.037830476949648,0.04279729189481249,bull,0,0.0,39241.73733645835,15140.866169003164
2017-02-28,302.26,243.633,,1.32822,1.164565,1.1403,150.91099999999997,25481.0,94.552,2572.75,6249.75,54.6,2091.1,335.66,250.17,176.72,247.8,327.5,303.15,376.81,376.81,350.02,0.75,0.2402954452195322,0.0327532587838286,0.038630977512142256,bull,0,0.0,39241.73733645835,18779.147346093134
2017-03-31,304.3,243.831,,1.32103,1.184195,1.1157,145.65699999999998,28200.0,92.863,2468.0,5882.5,50.16,2066.0,341.1,255.65,180.79,253.2,330.61,306.67,381.78,381.78,351.16,1.0,0.2166160243083319,0.0209990141307918,0.02600956109776951,bull,0,0.0,39241.73733645835,22847.01158410419
2017-04-30,302.69,244.554,,,,,,,,,,,,342.72,257.03,182.17,251.9,329.28,306.81,381.05,381.05,352.32,1.0,0.1975865479723046,0.0296342792956492,0.03071493922291375,bull,0,0.0,39241.73733645835,27361.273734490595
2017-05-31,303.94,244.763,,,,,,,,,,,,344.47,259.9,183.39,252.0,330.9,310.57,390.95,390.95,352.79,1.0,0.1951555188549407,0.030038823451997,0.02947702398481503,bull,0,0.0,39241.73733645835,32700.97730667717
2017-06-30,307.1,244.985,,,,,,,,,,,,343.69,259.09,185.05,264.8,332.73,313.89,396.44,396.44,357.96,1.25,0.1824727580763161,0.0309996743731681,0.028952242238960427,bull,0,0.0,39241.73733645835,38668.014827617575
2017-07-31,307.22,244.816,,,,,,,,,,,,347.19,262.86,184.15,267.6,333.96,316.82,398.01,398.01,365.17,1.25,0.1417846657003754,0.0235987240414035,0.025638828397702946,bull,0,0.0,39241.73733645835,44150.54638324849
2017-08-31,308.67,245.549,,,,,,,,,,,,349.09,267.84,184.64,266.7,337.32,321.64,411.38,411.38,368.85,1.25,0.1150164360799048,0.0236822496517317,0.021460632226290598,bull,0,0.0,39241.73733645835,49228.584879230264
2017-09-30,308.03,246.849,,,,,,,,,,,,350.99,270.57,183.09,267.1,336.26,321.2,412.49,412.49,365.86,1.25,0.0952956654695442,0.0266857124306074,0.025366525989485904,bull,0,0.0,39241.73733645835,53919.855635420456
2017-10-31,308.93,246.693,,,,,,,,,,,,357.56,271.47,183.34,266.5,337.91,324.47,422.82,422.82,368.69,1.25,0.0603034047226798,0.0162172660473245,0.017698664522927902,bull,0,0.0,39241.73733645835,57171.40651239168
2017-11-30,312.96,246.699,,,,,,,,,,,,354.98,276.34,183.35,268.9,341.13,333.54,460.07,460.07,373.67,1.25,0.0566190620885243,0.0013100715746421,-5.927084361649238e-05,bull,0,0.0,39241.73733645835,60408.39792740505
2017-12-31,312.69,246.554,,,,,,,,,,,,357.31,273.2,183.41,266.3,341.28,330.34,442.73,442.73,369.24,1.5,0.0516597719705378,-0.0020467555726118,-0.0015329132273547818,bull,0,0.0,39241.73733645835,63529.0819894403
2018-01-31,312.47,247.897,,1.27481,1.13181,1.1263,144.64899999999997,26531.0,97.272,2758.25,6949.5,50.63,2191.1,361.91,269.2,183.89,267.9,341.57,330.99,437.64,437.64,378.42,1.5,0.037830476949648,-0.001568150542452,-0.0028099968903019332,bull,0,0.0,39241.73733645835,65932.41746127412
2018-02-28,312.16,249.02100000000002,,1.31204,1.16894,1.1222,146.748,24911.0,94.493,2817.0,7244.75,68.39,2153.1,362.03,277.58,184.37,278.3,341.22,334.75,454.48,454.48,379.18,1.5,0.0327532587838286,-0.0076883649410559,-0.005822476396135805,bull,0,0.0,39241.73733645835,68091.91899262666
2018-03-31,310.69,249.584,,1.27391,1.14657,1.1126,139.76299999999998,25854.0,96.173,2505.25,6333.25,45.4,2414.1,360.48,268.51,185.22,286.4,340.18,334.42,461.6,461.6,377.98,1.75,0.0209990141307918,-0.0053429463452316,-0.006179940268855304,bull,0,0.0,39241.73733645835,69521.78216174556
2018-04-30,311.66,250.576,,,,,,,95.132,2919.0,7655.25,,,361.43,268.93,187.1,280.6,341.02,337.04,473.56,473.56,377.54,1.75,0.0296342792956492,-0.0100429955720979,-0.009125741486437092,bull,0,0.0,39241.73733645835,71582.01007145802
2018-05-31,313.07,251.618,,,,,,,,,,,,366.59,267.03,187.89,295.7,341.91,340.95,481.04,481.04,390.49,1.75,0.030038823451997,-0.0161625195643146,-0.012970598541123469,bull,0,0.0,39241.73733645835,73732.24943433361
2018-06-30,316.62,252.019,,,,,,,,,,,,372.73,270.89,189.72,305.2,346.28,345.61,490.31,490.31,397.26,2.0,0.0309996743731681,-0.0233718653275218,-0.01923762078752607,bull,0,0.0,39241.73733645835,76017.92515759917
2018-07-31,314.47,252.036,,,,,,,,,,,,376.57,276.58,189.78,310.0,345.96,348.05,507.87,507.87,395.74,2.0,0.0235987240414035,-0.0139917957197825,-0.014850545266443223,bull,0,0.0,39241.73733645835,77811.85119559341
2018-08-31,315.98,252.176,,,,,,,,,,,,380.51,270.89,190.78,311.1,347.54,350.73,511.78,511.78,400.88,2.0,0.0236822496517317,-0.0114247737198557,-0.016589643490372424,bull,0,0.0,39241.73733645835,79654.61088147086
2018-09-30,316.25,252.469,,,,,,,,,,,,392.18,286.96,192.68,303.1,349.29,360.49,548.67,548.67,408.93,2.25,0.0266857124306074,-0.015494071146245,-0.024719070256659176,bull,0,0.0,39241.73733645835,81780.25092122573
2018-10-31,313.94,252.915,,,,,,,,,,,,387.95,285.03,189.68,312.4,346.68,358.15,555.89,555.89,401.51,2.25,0.0162172660473245,-0.0177422437408422,-0.021149207156861385,bull,0,0.0,39241.73733645835,83106.5030078322
2018-11-30,313.37,252.068,,,,,,,,,,,,386.12,280.83,193.69,321.8,343.39,364.18,599.99,599.99,402.67,2.25,0.0013100715746421,-0.0285604876025146,-0.026076364347163886,bull,0,0.0,39241.73733645835,83215.37847509068
2018-12-31,312.05,251.263,,,,,,,,,,,,385.17,283.23,196.17,322.1,343.03,363.34,597.07,597.07,399.85,2.5,-0.0020467555726118,-0.030411792981894,-0.02966911390899214,bull,0,-0.0,39241.73733645835,83045.05693546978
2019-01-31,311.98,251.742,,1.29272,1.10188,1.1733,141.563,26333.0,98.273,3143.75,8417.5,55.22,2557.5,385.51,284.55,194.2,317.0,343.1,362.22,594.72,594.72,394.38,2.5,-0.001568150542452,-0.0323738701198795,-0.030582827658398495,bull,0,-0.0,39241.73733645835,82914.82978438846
2019-02-28,309.76,252.806,,1.32502,1.12121,1.1822,143.94099999999997,28270.0,96.389,3231.0,8752.25,61.35,2541.7,384.91,284.15,192.15,318.8,341.07,358.4,576.43,576.43,394.95,2.5,-0.0076883649410559,-0.0232438016528925,-0.026986077312797053,bull,0,-0.0,39241.73733645835,82277.35031398055
2019-03-31,309.03,254.232,,1.26948,1.13721,1.1147,137.004,28505.0,99.377,2978.5,7770.5,58.15,2439.1,389.25,287.13,190.03,290.7,339.84,354.27,563.25,563.25,386.22,2.5,-0.0053429463452316,-0.0312914603760151,-0.029862609905244048,bull,0,-0.0,39241.73733645835,81837.74684582514
2019-04-30,308.53,255.578,,,,,,,,,,,,385.02,286.71,192.96,295.2,339.24,353.12,557.64,557.64,382.81,2.5,-0.0100429955720979,-0.0326386412990632,-0.020024875488226037,bull,0,-0.0,39241.73733645835,81015.85071662205
2019-05-31,308.01,256.12199999999996,,,,,,,,,,,,381.25,287.97,193.81,292.6,339.88,353.48,557.3,557.3,384.68,2.5,-0.0161625195643146,-0.0381805785526443,-0.03445905680892929,bull,0,-0.0,39241.73733645835,79706.43044439505
2019-06-30,309.22,256.17299999999994,,,,,,,,,,,,386.59,290.03,196.95,297.5,341.42,355.92,559.87,559.87,387.85,2.5,-0.0233718653275218,-0.0309488390142942,-0.031538355923946194,bull,0,-0.0,39241.73733645835,77843.54248631117
2019-07-31,310.07,256.601,,,,,,,,,,,,389.63,291.09,198.52,315.1,342.05,357.68,565.76,565.76,390.74,2.25,-0.0139917957197825,-0.0255426194085207,-0.016863222338766075,bull,0,-0.0,39241.73733645835,76754.3715417385
2019-08-31,312.37,256.58799999999997,,,,,,,,,,,,392.36,297.32,196.07,309.0,342.84,359.71,568.96,568.96,396.91,2.25,-0.0114247737198557,-0.020200403367801,-0.01939342543644321,bull,0,-0.0,39241.73733645835,75877.4702148644
2019-09-30,311.35,256.789,,,,,,,,,,,,394.77,297.83,195.28,308.8,342.36,360.88,583.29,583.29,393.18,2.0,-0.015494071146245,-0.0030833467159147,-0.008841687142248972,bull,0,-0.0,39241.73733645835,74701.8192929582
2019-10-31,308.37,257.376,,,,,,,,,,,,402.11,297.63,192.54,308.3,339.09,356.62,570.29,570.29,384.91,1.75,-0.0177422437408422,0.0182248597464085,0.013804171545177985,bull,0,-0.0,39241.73733645835,73376.44140717818
2019-11-30,304.42,257.238,,,,,,,,,,,,393.47,296.18,191.73,302.7,335.38,350.4,553.56,553.56,374.5,1.75,-0.0285604876025146,0.0401090598515208,0.036082891656962046,bull,0,-0.0,39241.73733645835,71280.77446205182
2019-12-31,302.56,257.00399999999996,,,,,,,,,,,,393.85,296.54,190.07,302.0,332.87,348.13,544.75,544.75,374.11,1.75,-0.030411792981894,0.0543032786885246,0.048123263876327094,bull,0,-0.0,39241.73733645835,69112.99830552282
2020-01-31,301.88,258.001,,1.36561,1.22156,1.1184,141.00199999999998,27219.0,89.937,3748.75,12885.5,48.181,2559.0,394.49,298.81,188.14,300.2,330.87,346.07,538.06,538.06,374.41,1.75,-0.0323738701198795,0.0629389161256128,0.06479820363388304,bull,1,-0.0,39241.73733645835,66875.54307478438
2020-02-29,302.56,258.70799999999997,,1.33173,1.19249,1.117,138.915,26432.0,91.869,3623.25,12277.0,45.045,2738.9,393.01,298.2,189.3,297.9,328.75,343.39,530.95,530.95,368.44,1.75,-0.0232438016528925,0.0664661554732946,0.06548406394203479,bull,1,-0.0232438016528925,38329.6101772948,65321.10121612462
2020-03-31,299.36,258.145,,1.3369,1.19362,1.11933,141.583,25075.0,92.144,3499.0,12114.0,42.791,2650.5,386.42,298.28,188.59,298.1,323.33,338.76,522.98,522.98,360.95,0.25,-0.0312914603760151,0.095370122928915,0.10174487283550984,bull,1,-0.0312914603760151,37130.22069920388,63277.10856570258
2020-04-30,298.46,256.419,,,,,,22769.0,,,,,,391.48,295.73,188.48,294.3,324.12,337.41,519.33,519.33,360.46,0.25,-0.0326386412990632,0.1152583260738457,0.10058561305427627,bull,1,-0.0326386412990632,35918.34074444751,61211.829716784734
2020-05-31,296.25,256.424,,,,,,24157.0,,,,,,393.44,301.07,191.01,300.5,328.45,342.08,523.75,523.75,367.07,0.25,-0.0381805785526443,0.1316455696202532,0.12401865676086263,bull,1,-0.0381805785526443,34546.957714173484,58874.72664393194
2020-06-30,299.65,257.827,,,,,,,,,,,,402.31,301.42,192.55,299.2,329.79,344.82,525.77,525.77,372.78,0.25,-0.0309488390142942,0.1273152010679126,0.12396636372514744,bull,1,-0.0309488390142942,33477.7694814439,57052.622207018314
2020-07-31,302.15,259.131,,,,,,,,,,,,407.06,303.57,193.32,301.4,331.53,348.31,532.68,532.68,374.39,0.25,-0.0255426194085207,0.1470130729769982,0.14842657297588982,bull,1,-0.0255426194085207,32622.65955693319,55595.348791726334
2020-08-31,306.06,259.948,,,,,,,,,,,,411.9,303.2,193.18,301.5,330.59,348.05,530.65,530.65,375.04,0.25,-0.020200403367801,0.1466052408024569,0.1506476095534015,bull,1,-0.020200403367801,31963.668674952693,54472.300320759874
2020-09-30,310.39,260.30999999999995,,,,,,,,,,,,420.65,310.45,195.32,294.5,341.13,351.46,534.35,534.35,382.97,0.25,-0.0030833467159147,0.1741357646831405,0.17489837117650603,bull,1,-0.0030833467159147,31865.11360211519,54304.34333245754
2020-10-31,313.99,260.41799999999995,,,,,,,,,,,,417.11,308.98,196.34,295.3,345.43,352.47,532.16,532.16,386.1,0.25,0.0182248597464085,0.1861524252364723,0.17645547091306316,bull,1,0.0182248597464085,32445.850828317114,55294.032373312395
2020-11-30,316.63,260.25899999999996,,,,,,,,,,,,422.83,314.98,198.01,297.5,348.3,353.7,535.87,535.87,384.12,0.25,0.0401090598515208,0.2083188579730284,0.1985144607258618,bull,1,0.0401090598515208,33747.2234011236,57511.82402720551
2020-12-31,318.99,260.50399999999996,,,,,,,,,,,,424.51,322.53,199.51,301.0,349.93,356.46,540.01,540.01,386.0,0.25,0.0543032786885246,0.2305087933791028,0.21907742737380662,bull,1,0.0543032786885246,35579.808278438715,60634.904635240244
2021-01-31,320.88,261.61199999999997,,1.35323,1.1373,1.1886,155.754,23451.0,95.598,4758.5,16320.75,75.351,2540.6,429.04,320.88,202.01,298.6,351.74,359.22,550.15,550.15,388.05,0.25,0.0629389161256128,0.2460732984293192,0.2504426685243585,bull,1,0.0629389161256128,37819.162847440755,64451.19981236217
2021-02-28,322.67,263.044,,1.3754,1.18088,1.16447,151.26899999999998,25754.0,92.626,4520.5,15582.5,68.535,2537.9,435.35,318.74,204.01,298.4,352.49,361.45,558.44,558.44,390.58,0.25,0.0664661554732946,0.2440264046859019,0.2497645598902244,bull,1,0.0664661554732946,40332.8572051286,68735.023279531
2021-03-31,327.91,264.907,,1.42053,1.22258,1.16185,155.63,28958.0,90.031,4202.5,13686.5,67.0,2438.6,435.31,326.26,207.34,300.9,357.85,365.06,564.06,564.06,393.29,0.25,0.095370122928915,0.2321063706504831,0.24521827323567424,bull,1,0.095370122928915,44179.40675485609,75290.29089922171
2021-04-30,332.86,267.08399999999995,,,,,,25304.0,90.584,3705.25,12911.25,,,436.24,329.19,208.21,306.1,361.85,369.96,573.48,573.48,397.69,0.25,0.1152583260738457,0.2221955176350416,0.247433130778629,bull,1,0.1152583260738457,49271.45122435636,83968.12379787891
2021-05-31,335.25,269.22499999999997,,,,,,,,,,,,445.48,328.85,208.3,317.3,363.24,372.78,575.77,575.77,401.42,0.25,0.1316455696202532,0.2220432513049963,0.23289286039225815,bull,1,0.1316455696202532,55757.81948680327,95022.15528519462
2021-06-30,337.8,271.726,,,,,,,,,,,,448.15,333.02,211.69,315.1,364.12,375.97,583.2,583.2,402.62,0.25,0.1273152010679126,0.2212255772646534,0.23289286039225815,bull,1,0.1273152010679126,62856.63748587401,107119.92009123559
2021-07-31,346.57,273.03299999999996,,,,,,,,,,,,460.59,334.79,213.67,322.4,367.85,380.88,592.93,592.93,409.03,0.25,0.1470130729769982,0.1865712554462302,0.23289286039225815,bull,1,0.1470130729769982,72097.38491967352,122867.94872089862
2021-08-31,350.93,273.597,,,,,,,,,,,,467.25,340.05,214.52,332.8,372.03,385.78,597.01,597.01,412.46,0.25,0.1466052408024569,0.187159832445217,0.23289286039225815,bull,1,0.1466052408024569,82667.23939704969,140881.0339300299
2021-09-30,364.44,274.34,,,,,,,,,,,,488.42,347.0,219.4,341.6,377.62,396.9,636.3,636.3,416.3,0.25,0.1741357646831405,0.1643891998682911,0.23289286039225815,bull,1,0.1741357646831405,97062.56234369917,165413.46050278711
2021-10-31,372.44,276.61899999999997,,,,,,,,,,,,525.4,354.5,223.6,350.72,380.64,405.4,661.3,661.3,417.4,0.25,0.1861524252364723,0.1332295134786811,0.23289286039225815,bull,1,0.1861524252364723,115130.99372364506,196205.57734213836
2021-11-30,382.59,277.97799999999995,,,,,,,,,,,,567.92,359.67,224.43,359.06,383.87,415.31,686.8,686.8,426.79,0.25,0.2083188579730284,0.0991139339763194,0.23289286039225815,bull,1,0.2083188579730284,139114.9508534547,237078.89914199134
2021-12-31,392.52,278.832,,,,,,,,,,,,600.64,367.28,228.28,372.17,389.0,424.46,707.49,707.49,433.03,0.25,0.2305087933791028,0.0690920207887495,0.23289286039225815,bull,1,0.2305087933791028,171182.17031567774,291727.67011885776
2022-01-31,399.84,281.178,,1.20857,1.07039,1.1295,158.423,19915.0,103.522,3861.0,11022.25,80.415,2591.0,634.01,374.69,233.92,394.01,394.0,439.25,752.41,752.41,438.09,0.25,0.2460732984293192,0.0349639855942376,0.24877539030066448,bull,1,0.2460732984293192,213305.53159754607,363514.06014810543
2022-02-28,401.41,283.746,,1.25994,1.07322,1.1737,161.989,,101.752,4131.25,12646.5,115.26,2511.0,641.18,382.03,235.79,394.24,397.94,446.23,779.76,779.76,442.27,0.25,0.2440264046859019,0.0343539024937096,0.2446754923719011,bull,1,0.2440264046859019,265357.7135729103,452221.08929882233
2022-03-31,404.02,287.534,,1.14597,0.98828,1.1598,170.42,14637.0,111.527,3883.0,11447.25,86.362,2330.9,658.01,384.36,239.86,397.97,401.89,455.22,810.96,810.96,442.51,0.5,0.2321063706504831,0.0298252561754368,0.24539040805358095,bull,1,0.2321063706504831,326948.92939442897,557184.48506758
2022-04-30,406.82,289.13899999999995,,,,,,20094.0,,,,,,656.98,381.71,239.83,397.08,404.59,460.95,839.05,839.05,449.51,0.5,0.2221955176350416,0.0177474067155007,0.23852765891261046,bull,1,0.2221955176350416,399595.5160014468,680988.380145385
2022-05-31,409.69,292.32599999999996,,,,,,,,,,,,665.5,382.44,245.32,399.98,406.93,468.12,865.24,865.24,457.66,1.0,0.2220432513049963,-0.0097878884034269,0.19891167858615882,bull,1,0.2220432513049963,488323.00358130573,832197.2541737892
2022-06-30,412.53,296.34099999999995,,,,,,,,,,,,675.82,386.23,248.33,404.07,408.69,471.65,876.55,876.55,454.35,1.75,0.2212255772646534,-0.0453542772646837,0.1998694780338708,bull,1,0.2212255772646534,596352.5419401895,1016300.5721264452
2022-07-31,411.23,296.306,,,,,,,,,,,,696.85,387.55,245.59,402.0,408.3,473.58,886.9,886.9,452.36,2.5,0.1865712554462302,-0.0725141648226053,0.1985557258446985,bull,1,0.1865712554462302,707614.7843785214,1205913.0457787982
2022-08-31,416.61,296.20099999999996,,,,,,,,,,,,711.37,391.11,245.68,394.58,409.42,474.16,886.54,886.54,452.12,2.5,0.187159832445217,-0.0961570773625213,0.1985557258446985,bull,1,0.187159832445217,840051.8488585638,1431611.5293702595
2022-09-30,424.35,296.83799999999997,,,,,,,,,,,,734.44,400.52,252.35,407.64,415.42,484.28,902.75,902.75,466.03,3.25,0.1643891998682911,-0.113137740073053,0.1985988444710405,bull,1,0.1643891998682911,978147.3001403018,1666953.003205657
2022-10-31,422.06,298.042,,,,,,,,,,,,749.63,401.1,248.73,402.69,414.27,484.99,909.38,909.38,470.69,3.25,0.1332295134786811,-0.1251480832109178,0.1985988444710405,bull,1,0.1332295134786811,1108465.3890484797,1889040.3408145732
2022-11-30,420.51,297.741,,,,,,,,,,,,730.56,403.3,244.25,395.76,413.97,482.15,901.49,901.49,470.28,4.0,0.0991139339763194,-0.1336710185251242,0.1985988444710405,bull,1,0.0991139339763194,1218329.754433666,2076270.5604326727
2022-12-31,419.64,296.827,,,,,,,,,,,,713.17,400.99,241.15,391.66,411.16,480.12,896.11,896.11,469.63,4.5,0.0690920207887495,-0.1412401105709655,0.20311520088353924,bull,1,0.0690920207887495,1302506.619154549,2219724.2891571554
2023-01-31,413.82,299.2,,1.27233,1.10374,1.1532,179.463,17132.0,101.333,4820.0,17023.5,71.293,4179.6,682.13,393.59,232.72,382.97,407.8,476.27,899.73,899.73,466.78,4.5,0.0349639855942376,-0.1318689285196461,0.21610108062886632,bull,1,0.0349639855942376,1348047.4418230678,2297334.6972264256
2023-02-28,415.2,300.86999999999995,,1.21524,1.05743,1.1484,184.207,18200.0,106.663,4212.25,14490.25,81.305,3818.7,679.02,397.92,228.56,387.63,406.52,472.49,880.85,880.85,466.31,4.75,0.0343539024937096,-0.1446050096339113,0.21556287245514708,bull,1,0.0343539024937096,1394358.1321963521,2376257.109410358
2023-03-31,416.07,301.866,,1.28344,1.09978,1.1669,182.534,17144.0,101.855,4614.5,15857.5,81.715,3543.4,671.43,398.48,229.28,387.05,406.75,472.69,882.29,882.29,466.57,5.0,0.0298252561754368,-0.1426442665897564,0.21622028096922047,bull,1,0.0298252561754368,1435945.220689412,2447129.5864372253
2023-04-30,414.04,303.393,,,,,,,,,,,,662.16,395.04,225.84,382.92,404.46,468.04,868.86,868.86,466.67,5.0,0.0177474067155007,-0.1500096609023282,0.20311520088353924,bull,1,0.0177474067155007,1461429.5245421666,2490559.790493262
2023-05-31,405.68,304.157,,,,,,,,,,,,648.09,392.69,211.56,368.9,400.62,457.0,845.4,845.4,456.77,5.25,-0.0097878884034269,-0.1379165845000985,0.20311520088353924,bull,1,-0.0097878884034269,1447125.2154464747,2466182.4692018516
2023-06-30,393.82,305.13899999999995,,,,,,,,,,,,640.0,387.41,204.93,360.02,390.4,447.38,821.83,821.83,447.62,5.25,-0.0453542772646837,-0.1158143314204459,0.20311520088353924,bull,1,-0.0453542772646837,1381491.8971884002,2354330.5457083685
2023-07-31,381.41,305.72099999999995,,,,,,,,,,,,638.65,386.03,201.63,357.49,379.62,438.12,803.43,803.43,436.01,5.5,-0.0725141648226053,-0.0972444351223094,0.20308324933811162,bull,1,-0.0725141648226053,1281314.1660545869,2183608.232469978
2023-08-31,376.55,307.056,,,,,,,,,,,,619.61,383.78,200.8,349.72,379.0,434.46,798.86,798.86,437.5,5.5,-0.0961570773625213,-0.0950205815960696,0.19738345307338645,bull,1,-0.0961570773625213,1158106.7406635815,1973638.8467309237
2023-09-30,376.34,307.81899999999996,,,,,,,,,,,,619.72,386.02,198.27,350.91,375.26,429.94,782.07,782.07,431.22,5.5,-0.113137740073053,-0.1095551894563425,0.17589277074087725,bull,1,-0.113137740073053,1027081.1612615347,1750345.8078914005
2023-10-31,369.24,307.70099999999996,,,,,,,,,,,,604.25,378.08,197.49,351.97,372.74,424.01,769.57,769.57,425.41,5.5,-0.1251480832109178,-0.091972700682483,0.1722933774657191,bull,1,-0.1251480832109178,898543.92262761,1531293.3850775266
2023-11-30,364.3,307.08099999999996,,,,,,,,,,,,590.77,375.42,194.28,347.34,369.31,417.56,755.22,755.22,417.3,5.5,-0.1336710185251242,-0.1022783420258028,0.159412371628793,bull,1,-0.1336710185251242,778434.641300417,1326603.8386334283
2023-12-31,360.37,306.77599999999995,,,,,,,,,,,,582.64,376.83,193.83,348.62,363.09,414.58,751.27,751.27,410.72,5.5,-0.1412401105709655,-0.0908510697338846,0.15866886075383385,bull,1,-0.1412401105709655,668488.4464908763,1139234.1657809757
2024-01-31,359.25,308.44699999999995,,1.27275,1.05778,1.2038,190.567,19505.0,105.782,6051.5,20993.5,68.11,10302.7,572.0,374.03,185.49,344.56,360.38,405.49,723.48,723.48,407.64,5.5,-0.1318689285196461,-0.0921642310368824,0.1690241436356181,bull,1,-0.1318689285196461,580335.5913243616,989004.5770064655
2024-02-29,355.16,310.356,,1.25113,1.03533,1.20825,196.798,20087.0,108.48,5935.75,21226.5,71.812,12326.8,580.99,374.39,184.53,333.98,355.99,400.27,710.16,710.16,398.28,5.5,-0.1446050096339113,-0.0891147651762587,0.1870001907285365,bull,1,-0.1446050096339113,496416.1575500007,845989.5606204632
2024-03-31,356.72,312.35999999999996,,1.26418,1.07131,1.1799,203.314,17630.0,105.849,5814.25,20261.25,81.437,8206.9,568.61,373.64,185.18,333.55,355.95,397.84,706.19,706.19,395.46,5.5,-0.1426442665897564,-0.0997701278313524,0.1865032037879713,bull,1,-0.1426442665897564,425605.2388329759,725314.000203167
2024-04-30,351.93,313.58,,,,,,,,,,,,558.96,376.13,183.3,333.89,353.32,395.05,698.3,698.3,395.33,,-0.1500096609023282,-0.1029466087005939,0.1748477843545217,bull,1,-0.1500096609023282,361760.34127738676,616509.8929849786
2024-05-31,349.73,314.09999999999997,,,,,,,,,,,,557.31,370.51,182.17,336.5,351.25,392.78,695.11,695.11,389.88,5.5,-0.1379165845000985,-0.1014496897606725,0.15900206973267672,bull,1,-0.1379165845000985,311867.59060081956,531482.9542339691
